{"assets":[{"id":"comp_1","layers":[{"ddd":0,"ind":0,"ty":4,"nm":"Shape Layer 3","ks":{"o":{"k":[{"i":{"x":[0.833],"y":[0.833]},"o":{"x":[0.167],"y":[0.167]},"n":["0p833_0p833_0p167_0p167"],"t":10.4,"s":[100],"e":[0]},{"t":25.6}]},"r":{"k":0},"p":{"k":[700,400,0]},"a":{"k":[0,0,0]},"s":{"k":[100,100,100]}},"ao":0,"hasMask":true,"masksProperties":[{"inv":true,"mode":"a","pt":{"k":[{"i":{"x":0.833,"y":0.833},"o":{"x":0.167,"y":0.167},"n":"0p833_0p833_0p167_0p167","t":12,"s":[{"i":[[134.688,0],[0,-134.688],[-134.688,0],[0,134.688]],"o":[[-134.688,0],[0,134.688],[134.688,0],[0,-134.688]],"v":[[0,-244.875],[-243.875,-1],[0,242.875],[243.875,-1]],"c":true}],"e":[{"i":[[176.731,0],[0,-176.731],[-176.731,0],[0,176.731]],"o":[[-176.731,0],[0,176.731],[176.731,0],[0,-176.731]],"v":[[0,-321],[-320,-1],[0,319],[320,-1]],"c":true}]},{"t":22.4}]},"o":{"k":100},"x":{"k":0},"nm":"Mask 1"}],"shapes":[{"ty":"gr","it":[{"ind":0,"ty":"sh","ks":{"k":{"i":[[0,0],[-24.109,-23.866],[-58.097,2.286],[-4.307,101.702],[108.95,-0.605],[0,0],[36.992,-44.122],[100.991,-5.514],[22.177,25.867],[6.132,116.1],[-41.842,62.08],[-30.638,10.829],[-51.58,-26.549],[0,0]],"o":[[0,0],[24.109,23.866],[74.937,-2.949],[5.422,-128.032],[-88.536,0.492],[0,0],[-17.89,21.338],[-138.946,7.586],[-22.174,-25.864],[-2.384,-45.141],[41.572,-61.679],[77.499,-27.393],[92.496,47.608],[0,0]],"v":[[116,52],[197.891,144.134],[328.097,197.714],[497.578,23.032],[311.536,-190.492],[139.357,-79.71],[-73.007,190.878],[-281.054,311.414],[-531.052,222.093],[-620.132,10.9],[-568.112,-177.098],[-425.186,-291.697],[-199.496,-289.608],[-46,-153]],"c":false}},"nm":"Path 1","mn":"ADBE Vector Shape - Group"},{"ind":1,"ty":"sh","ks":{"k":{"i":[[-44,-50],[-152,2],[-63.813,80.106],[89,81],[84,0],[52,-59],[38,-40],[81,0],[-1.027,116.034],[-81,0],[-31,-36],[0,0]],"o":[[44,50],[105.034,-1.382],[94,-118],[-79.495,-72.35],[-84,0],[-52,59],[-36.789,38.725],[-61.033,0],[1,-113],[81,0],[31,36],[0,0]],"v":[[41,152],[302,310],[554,190],[536,-217],[307,-309],[84,-198],[-176,130],[-327,196],[-500,-3],[-330,-192],[-183,-127],[-120,-57]],"c":false}},"nm":"Path 2","mn":"ADBE Vector Shape - Group"},{"ty":"tm","s":{"k":[{"i":{"x":[0.833],"y":[0.833]},"o":{"x":[0.167],"y":[0.167]},"n":["0p833_0p833_0p167_0p167"],"t":8.8,"s":[30],"e":[0]},{"t":22.4}],"ix":1},"e":{"k":[{"i":{"x":[0.833],"y":[0.833]},"o":{"x":[0.167],"y":[0.167]},"n":["0p833_0p833_0p167_0p167"],"t":8.8,"s":[30],"e":[60]},{"t":22.4}],"ix":2},"o":{"k":-110,"ix":3},"m":1,"ix":3,"nm":"Trim Paths 1","mn":"ADBE Vector Filter - Trim"},{"ty":"st","fillEnabled":true,"c":{"k":[1,1,1,1]},"o":{"k":100},"w":{"k":11},"lc":2,"lj":2,"nm":"Stroke 1","mn":"ADBE Vector Graphic - Stroke"},{"ty":"tr","p":{"k":[0,0],"ix":2},"a":{"k":[0,0],"ix":1},"s":{"k":[100,100],"ix":3},"r":{"k":0,"ix":6},"o":{"k":100,"ix":7},"sk":{"k":0,"ix":4},"sa":{"k":0,"ix":5},"nm":"Transform"}],"nm":"Shape 1","np":4,"mn":"ADBE Vector Group"}],"ip":0,"op":100,"st":0,"bm":0,"sr":1},{"ddd":0,"ind":1,"ty":4,"nm":"Shape Layer 2","ks":{"o":{"k":100},"r":{"k":0},"p":{"k":[700,400,0]},"a":{"k":[0,0,0]},"s":{"k":[100,100,100]}},"ao":0,"shapes":[{"ty":"gr","it":[{"ind":0,"ty":"sh","ks":{"k":{"i":[[0,0],[-24.109,-23.866],[-58.097,2.286],[-4.307,101.702],[108.95,-0.605],[0,0],[36.992,-44.122],[100.991,-5.514],[22.177,25.867],[6.132,116.1],[-41.842,62.08],[-30.638,10.829],[-51.58,-26.549],[0,0]],"o":[[0,0],[24.109,23.866],[74.937,-2.949],[5.422,-128.032],[-88.536,0.492],[0,0],[-17.89,21.338],[-138.946,7.586],[-22.174,-25.864],[-2.384,-45.141],[41.572,-61.679],[77.499,-27.393],[92.496,47.608],[0,0]],"v":[[116,52],[197.891,144.134],[328.097,197.714],[497.578,23.032],[311.536,-190.492],[139.357,-79.71],[-73.007,190.878],[-281.054,311.414],[-531.052,222.093],[-620.132,10.9],[-568.112,-177.098],[-425.186,-291.697],[-199.496,-289.608],[-46,-153]],"c":false}},"nm":"Path 1","mn":"ADBE Vector Shape - Group"},{"ind":1,"ty":"sh","ks":{"k":{"i":[[-44,-50],[-152,2],[-63.813,80.106],[89,81],[84,0],[52,-59],[38,-40],[81,0],[-1.027,116.034],[-81,0],[-31,-36],[0,0]],"o":[[44,50],[105.034,-1.382],[94,-118],[-79.495,-72.35],[-84,0],[-52,59],[-36.789,38.725],[-61.033,0],[1,-113],[81,0],[31,36],[0,0]],"v":[[41,152],[302,310],[554,190],[536,-217],[307,-309],[84,-198],[-176,130],[-327,196],[-500,-3],[-330,-192],[-183,-127],[-120,-57]],"c":false}},"nm":"Path 2","mn":"ADBE Vector Shape - Group"},{"ty":"tm","s":{"k":0,"ix":1},"e":{"k":26,"ix":2},"o":{"k":[{"i":{"x":[0.833],"y":[0.833]},"o":{"x":[0.167],"y":[0.167]},"n":["0p833_0p833_0p167_0p167"],"t":0,"s":[0],"e":[360]},{"i":{"x":[0.833],"y":[0.833]},"o":{"x":[0.167],"y":[0.167]},"n":["0p833_0p833_0p167_0p167"],"t":40,"s":[360],"e":[720]},{"t":80}],"ix":3},"m":1,"ix":3,"nm":"Trim Paths 1","mn":"ADBE Vector Filter - Trim"},{"ty":"st","fillEnabled":true,"c":{"k":[1,1,1,1]},"o":{"k":100},"w":{"k":11},"lc":2,"lj":2,"nm":"Stroke 1","mn":"ADBE Vector Graphic - Stroke"},{"ty":"tr","p":{"k":[0,0],"ix":2},"a":{"k":[0,0],"ix":1},"s":{"k":[100,100],"ix":3},"r":{"k":0,"ix":6},"o":{"k":100,"ix":7},"sk":{"k":0,"ix":4},"sa":{"k":0,"ix":5},"nm":"Transform"}],"nm":"Shape 1","np":4,"mn":"ADBE Vector Group"}],"ip":0,"op":100,"st":0,"bm":0,"sr":1},{"ddd":0,"ind":2,"ty":4,"nm":"Shape Layer 1","ks":{"o":{"k":100},"r":{"k":0},"p":{"k":[700,400,0]},"a":{"k":[0,0,0]},"s":{"k":[102,102,100]}},"ao":0,"shapes":[{"ty":"gr","it":[{"ind":0,"ty":"sh","ks":{"k":{"i":[[0,0],[0,0],[0,0],[0,0],[0,0],[0,0],[0,0],[0,0],[0,0],[0,0],[0,0],[0,0],[0,0],[0,0],[0,0],[0,0],[0,0],[0,0],[0,0],[0,0],[0,0],[0,0],[0,0],[0,0],[0,0],[0,0],[0,0],[0,0]],"o":[[0,0],[0,0],[0,0],[0,0],[0,0],[0,0],[0,0],[0,0],[0,0],[0,0],[0,0],[0,0],[0,0],[0,0],[0,0],[0,0],[0,0],[0,0],[0,0],[0,0],[0,0],[0,0],[0,0],[0,0],[0,0],[0,0],[0,0],[0,0]],"v":[[41.593,144.622],[169.506,119.927],[189.109,279.448],[324.733,198.952],[451.572,261.435],[464.308,109.882],[591.263,63.386],[489.394,-41.116],[545.422,-183.975],[401.99,-165.308],[315.929,-299.146],[228.713,-166.646],[75.238,-178.354],[75.296,-7.911],[-76.402,13.881],[-74.277,186.236],[-211.124,169.355],[-300.932,303.028],[-390.031,173.297],[-533.818,195.069],[-486.799,51.51],[-603.444,-31.631],[-472.297,-92.031],[-477.325,-249.524],[-333.828,-192.011],[-212.105,-287.275],[-181.109,-134.238],[-48.486,-147.583]],"c":false}},"nm":"Path 2","mn":"ADBE Vector Shape - Group"},{"ty":"tm","s":{"k":0,"ix":1},"e":{"k":22,"ix":2},"o":{"k":[{"i":{"x":[0.833],"y":[0.833]},"o":{"x":[0.167],"y":[0.167]},"n":["0p833_0p833_0p167_0p167"],"t":0,"s":[0],"e":[360]},{"i":{"x":[0.833],"y":[0.833]},"o":{"x":[0.167],"y":[0.167]},"n":["0p833_0p833_0p167_0p167"],"t":40,"s":[360],"e":[720]},{"t":80}],"ix":3},"m":1,"ix":3,"nm":"Trim Paths 1","mn":"ADBE Vector Filter - Trim"},{"ty":"st","fillEnabled":true,"c":{"k":[1,1,1,1]},"o":{"k":100},"w":{"k":10},"lc":2,"lj":2,"nm":"Stroke 1","mn":"ADBE Vector Graphic - Stroke"},{"ty":"tr","p":{"k":[0,0],"ix":2},"a":{"k":[0,0],"ix":1},"s":{"k":[100,100],"ix":3},"r":{"k":0,"ix":6},"o":{"k":100,"ix":7},"sk":{"k":0,"ix":4},"sa":{"k":0,"ix":5},"nm":"Transform"}],"nm":"Shape 1","np":4,"mn":"ADBE Vector Group"}],"ip":0,"op":100,"st":0,"bm":0,"sr":1},{"ddd":0,"ind":3,"ty":4,"nm":"Shape Layer 5","ks":{"o":{"k":18},"r":{"k":0},"p":{"k":[700,400,0]},"a":{"k":[0,0,0]},"s":{"k":[100,100,100]}},"ao":0,"shapes":[{"ty":"gr","it":[{"ind":0,"ty":"sh","ks":{"k":{"i":[[0,0],[-24.109,-23.866],[-58.097,2.286],[-4.307,101.702],[108.95,-0.605],[0,0],[36.992,-44.122],[100.991,-5.514],[22.177,25.867],[6.132,116.1],[-41.842,62.08],[-30.638,10.829],[-51.58,-26.549],[0,0]],"o":[[0,0],[24.109,23.866],[74.937,-2.949],[5.422,-128.032],[-88.536,0.492],[0,0],[-17.89,21.338],[-138.946,7.586],[-22.174,-25.864],[-2.384,-45.141],[41.572,-61.679],[77.499,-27.393],[92.496,47.608],[0,0]],"v":[[116,52],[197.891,144.134],[328.097,197.714],[497.578,23.032],[311.536,-190.492],[139.357,-79.71],[-73.007,190.878],[-281.054,311.414],[-531.052,222.093],[-620.132,10.9],[-568.112,-177.098],[-425.186,-291.697],[-199.496,-289.608],[-46,-153]],"c":false}},"nm":"Path 1","mn":"ADBE Vector Shape - Group"},{"ind":1,"ty":"sh","ks":{"k":{"i":[[-44,-50],[-152,2],[-63.813,80.106],[89,81],[84,0],[52,-59],[38,-40],[81,0],[-1.027,116.034],[-81,0],[-31,-36],[0,0]],"o":[[44,50],[105.034,-1.382],[94,-118],[-79.495,-72.35],[-84,0],[-52,59],[-36.789,38.725],[-61.033,0],[1,-113],[81,0],[31,36],[0,0]],"v":[[41,152],[302,310],[554,190],[536,-217],[307,-309],[84,-198],[-176,130],[-327,196],[-500,-3],[-330,-192],[-183,-127],[-120,-57]],"c":false}},"nm":"Path 2","mn":"ADBE Vector Shape - Group"},{"ty":"tm","s":{"k":0,"ix":1},"e":{"k":26,"ix":2},"o":{"k":[{"i":{"x":[0.833],"y":[0.833]},"o":{"x":[0.167],"y":[0.167]},"n":["0p833_0p833_0p167_0p167"],"t":-33.6,"s":[0],"e":[360]},{"i":{"x":[0.833],"y":[0.833]},"o":{"x":[0.167],"y":[0.167]},"n":["0p833_0p833_0p167_0p167"],"t":6.4,"s":[360],"e":[720]},{"i":{"x":[0.833],"y":[0.833]},"o":{"x":[0.167],"y":[0.167]},"n":["0p833_0p833_0p167_0p167"],"t":46.4,"s":[720],"e":[1080]},{"t":86.4}],"ix":3},"m":1,"ix":3,"nm":"Trim Paths 1","mn":"ADBE Vector Filter - Trim"},{"ty":"st","fillEnabled":true,"c":{"k":[1,1,1,1]},"o":{"k":100},"w":{"k":11},"lc":2,"lj":2,"nm":"Stroke 1","mn":"ADBE Vector Graphic - Stroke"},{"ty":"tr","p":{"k":[0,0],"ix":2},"a":{"k":[0,0],"ix":1},"s":{"k":[100,100],"ix":3},"r":{"k":0,"ix":6},"o":{"k":100,"ix":7},"sk":{"k":0,"ix":4},"sa":{"k":0,"ix":5},"nm":"Transform"}],"nm":"Shape 1","np":4,"mn":"ADBE Vector Group"}],"ip":-33.6,"op":90.4,"st":-33.6,"bm":0,"sr":1},{"ddd":0,"ind":4,"ty":4,"nm":"Shape Layer 4","ks":{"o":{"k":18},"r":{"k":0},"p":{"k":[700,400,0]},"a":{"k":[0,0,0]},"s":{"k":[102,102,100]}},"ao":0,"shapes":[{"ty":"gr","it":[{"ind":0,"ty":"sh","ks":{"k":{"i":[[0,0],[0,0],[0,0],[0,0],[0,0],[0,0],[0,0],[0,0],[0,0],[0,0],[0,0],[0,0],[0,0],[0,0],[0,0],[0,0],[0,0],[0,0],[0,0],[0,0],[0,0],[0,0],[0,0],[0,0],[0,0],[0,0],[0,0],[0,0]],"o":[[0,0],[0,0],[0,0],[0,0],[0,0],[0,0],[0,0],[0,0],[0,0],[0,0],[0,0],[0,0],[0,0],[0,0],[0,0],[0,0],[0,0],[0,0],[0,0],[0,0],[0,0],[0,0],[0,0],[0,0],[0,0],[0,0],[0,0],[0,0]],"v":[[41.593,144.622],[169.506,119.927],[189.109,279.448],[324.733,198.952],[451.572,261.435],[464.308,109.882],[591.263,63.386],[489.394,-41.116],[545.422,-183.975],[401.99,-165.308],[315.929,-299.146],[228.713,-166.646],[75.238,-178.354],[75.296,-7.911],[-76.402,13.881],[-74.277,186.236],[-211.124,169.355],[-300.932,303.028],[-390.031,173.297],[-533.818,195.069],[-486.799,51.51],[-603.444,-31.631],[-472.297,-92.031],[-477.325,-249.524],[-333.828,-192.011],[-212.105,-287.275],[-181.109,-134.238],[-48.486,-147.583]],"c":false}},"nm":"Path 2","mn":"ADBE Vector Shape - Group"},{"ty":"tm","s":{"k":0,"ix":1},"e":{"k":22,"ix":2},"o":{"k":[{"i":{"x":[0.833],"y":[0.833]},"o":{"x":[0.167],"y":[0.167]},"n":["0p833_0p833_0p167_0p167"],"t":-33.6,"s":[0],"e":[360]},{"i":{"x":[0.833],"y":[0.833]},"o":{"x":[0.167],"y":[0.167]},"n":["0p833_0p833_0p167_0p167"],"t":6.4,"s":[360],"e":[720]},{"i":{"x":[0.833],"y":[0.833]},"o":{"x":[0.167],"y":[0.167]},"n":["0p833_0p833_0p167_0p167"],"t":46.4,"s":[720],"e":[1080]},{"t":86.4}],"ix":3},"m":1,"ix":3,"nm":"Trim Paths 1","mn":"ADBE Vector Filter - Trim"},{"ty":"st","fillEnabled":true,"c":{"k":[1,1,1,1]},"o":{"k":100},"w":{"k":10},"lc":2,"lj":2,"nm":"Stroke 1","mn":"ADBE Vector Graphic - Stroke"},{"ty":"tr","p":{"k":[0,0],"ix":2},"a":{"k":[0,0],"ix":1},"s":{"k":[100,100],"ix":3},"r":{"k":0,"ix":6},"o":{"k":100,"ix":7},"sk":{"k":0,"ix":4},"sa":{"k":0,"ix":5},"nm":"Transform"}],"nm":"Shape 1","np":4,"mn":"ADBE Vector Group"}],"ip":-33.6,"op":90.4,"st":-33.6,"bm":0,"sr":1}]}],"layers":[{"ddd":0,"ind":0,"ty":0,"nm":"logo","td":1,"refId":"comp_1","ks":{"o":{"k":100},"r":{"k":0},"p":{"k":[80,80,0]},"a":{"k":[700,400,0]},"s":{"k":[10.286,10.286,100]}},"ao":0,"w":1400,"h":800,"ip":0,"op":100,"st":0,"bm":0,"sr":1},{"ddd":0,"ind":1,"ty":1,"nm":"Dark Gray Solid 1","tt":3,"ks":{"o":{"k":100},"r":{"k":0},"p":{"k":[80,80,0]},"a":{"k":[700,400,0]},"s":{"k":[100,100,100]}},"ao":0,"sw":1400,"sh":800,"sc":"#232323","ip":0,"op":100,"st":0,"bm":0,"sr":1},{"ddd":0,"ind":2,"ty":1,"nm":"White Solid 1","ks":{"o":{"k":100},"r":{"k":0},"p":{"k":[80,80,0]},"a":{"k":[700,400,0]},"s":{"k":[100,100,100]}},"ao":0,"sw":1400,"sh":800,"sc":"#f2f2f2","ip":0,"op":100,"st":0,"bm":0,"sr":1}],"v":"4.5.3","ddd":0,"ip":0,"op":40,"fr":20,"w":160,"h":160}