
{"assets":[],"layers":[{"ddd":0,"ind":0,"ty":13,"nm":"Camera 1","pe":{"k":1388.889},"ks":{"a":{"k":[300,250,0]},"p":{"k":[300,250,-1388.889]},"or":{"k":[0,0,0]},"rx":{"k":0},"ry":{"k":0},"rz":{"k":[{"i":{"x":[0.11],"y":[1]},"o":{"x":[0.167],"y":[0.167]},"n":["0p11_1_0p167_0p167"],"t":188,"s":[-30],"e":[0]},{"t":219}]}},"ip":0,"op":1800,"st":0,"bm":0,"sr":1},{"ddd":0,"ind":1,"ty":4,"nm":"RIGHTEDGE Outlines","parent":0,"ks":{"o":{"k":100},"r":{"k":0},"p":{"k":[313.272,256.901,0]},"a":{"k":[78.021,78.021,0]},"s":{"k":[100,100,100]}},"ao":0,"shapes":[{"ty":"gr","it":[{"ind":0,"ty":"sh","ks":{"k":{"i":[[0,0],[0,0]],"o":[[0,0],[0,0]],"v":[[-33.021,33.021],[33.021,-33.021]],"c":false}},"nm":"Path 1","mn":"ADBE Vector Shape - Group"},{"ty":"st","fillEnabled":true,"c":{"k":[0.32,0.71,0.29,1]},"o":{"k":100},"w":{"k":18},"lc":2,"lj":2,"nm":"Stroke 1","mn":"ADBE Vector Graphic - Stroke"},{"ty":"tr","p":{"k":[78.021,78.021],"ix":2},"a":{"k":[0,0],"ix":1},"s":{"k":[100,100],"ix":3},"r":{"k":0,"ix":6},"o":{"k":100,"ix":7},"sk":{"k":0,"ix":4},"sa":{"k":0,"ix":5},"nm":"Transform"}],"nm":"Group 1","np":2,"mn":"ADBE Vector Group"},{"ty":"tm","s":{"k":0,"ix":1},"e":{"k":[{"i":{"x":[0.11],"y":[1]},"o":{"x":[0.167],"y":[0.167]},"n":["0p11_1_0p167_0p167"],"t":189,"s":[0],"e":[100]},{"t":220}],"ix":2},"o":{"k":0,"ix":3},"m":1,"ix":2,"nm":"Trim Paths 1","mn":"ADBE Vector Filter - Trim"}],"ip":183,"op":1800,"st":0,"bm":0,"sr":1},{"ddd":0,"ind":2,"ty":4,"nm":"LEFTEDGE Outlines","parent":0,"ks":{"o":{"k":100},"r":{"k":0},"p":{"k":[266.942,276.612,0]},"a":{"k":[58.31,58.309,0]},"s":{"k":[100,100,100]}},"ao":0,"shapes":[{"ty":"gr","it":[{"ind":0,"ty":"sh","ks":{"k":{"i":[[0,0],[0,0]],"o":[[0,0],[0,0]],"v":[[13.31,13.31],[-13.31,-13.31]],"c":false}},"nm":"Path 1","mn":"ADBE Vector Shape - Group"},{"ty":"st","fillEnabled":true,"c":{"k":[0.32,0.71,0.29,1]},"o":{"k":100},"w":{"k":18},"lc":2,"lj":2,"nm":"Stroke 1","mn":"ADBE Vector Graphic - Stroke"},{"ty":"tr","p":{"k":[58.31,58.31],"ix":2},"a":{"k":[0,0],"ix":1},"s":{"k":[100,100],"ix":3},"r":{"k":0,"ix":6},"o":{"k":100,"ix":7},"sk":{"k":0,"ix":4},"sa":{"k":0,"ix":5},"nm":"Transform"}],"nm":"Group 1","np":2,"mn":"ADBE Vector Group"},{"ty":"tm","s":{"k":0,"ix":1},"e":{"k":[{"i":{"x":[0.11],"y":[1]},"o":{"x":[0.167],"y":[0.167]},"n":["0p11_1_0p167_0p167"],"t":189,"s":[0],"e":[100]},{"t":211}],"ix":2},"o":{"k":0,"ix":3},"m":1,"ix":2,"nm":"Trim Paths 1","mn":"ADBE Vector Filter - Trim"}],"ip":183,"op":1800,"st":0,"bm":0,"sr":1},{"ddd":0,"ind":3,"ty":4,"nm":"Progress","ks":{"o":{"k":100},"r":{"k":0},"p":{"k":[300,250,0]},"a":{"k":[300,250,0]},"s":{"k":[100,100,100]}},"ao":0,"shapes":[{"ty":"gr","it":[{"ind":0,"ty":"sh","ks":{"k":{"i":[[0,-55.229],[55.229,0],[0,55.229],[-55.229,0]],"o":[[0,55.229],[-55.229,0],[0,-55.229],[55.229,0]],"v":[[100,0],[0,100],[-100,0],[0,-100]],"c":true}},"nm":"Path 1","mn":"ADBE Vector Shape - Group"},{"ty":"st","fillEnabled":true,"c":{"k":[0.32,0.71,0.29,1]},"o":{"k":100},"w":{"k":20},"lc":2,"lj":2,"nm":"Stroke 1","mn":"ADBE Vector Graphic - Stroke"},{"ty":"tr","p":{"k":[301.25,252.256],"ix":2},"a":{"k":[0,0],"ix":1},"s":{"k":[100,100],"ix":3},"r":{"k":0,"ix":6},"o":{"k":100,"ix":7},"sk":{"k":0,"ix":4},"sa":{"k":0,"ix":5},"nm":"Transform"}],"nm":"Group 1","np":2,"mn":"ADBE Vector Group"},{"ty":"tm","s":{"k":0,"ix":1},"e":{"k":[{"i":{"x":[0.11],"y":[1]},"o":{"x":[0.167],"y":[0.167]},"n":["0p11_1_0p167_0p167"],"t":76,"s":[0],"e":[100]},{"t":239}],"ix":2},"o":{"k":270,"ix":3},"m":1,"ix":2,"nm":"Trim Paths 1","mn":"ADBE Vector Filter - Trim"}],"ip":0,"op":1800,"st":0,"bm":0,"sr":1},{"ddd":0,"ind":4,"ty":4,"nm":"ellip Outlines","ks":{"o":{"k":100},"r":{"k":0},"p":{"k":[300,250,0]},"a":{"k":[300,250,0]},"s":{"k":[100,100,100]}},"ao":0,"shapes":[{"ty":"gr","it":[{"ind":0,"ty":"sh","ks":{"k":{"i":[[0,-55.229],[55.229,0],[0,55.229],[-55.229,0]],"o":[[0,55.229],[-55.229,0],[0,-55.229],[55.229,0]],"v":[[100,0],[0,100],[-100,0],[0,-100]],"c":true}},"nm":"Path 1","mn":"ADBE Vector Shape - Group"},{"ty":"st","fillEnabled":true,"c":{"k":[0,0,0,1]},"o":{"k":100},"w":{"k":20},"lc":2,"lj":2,"nm":"Stroke 1","mn":"ADBE Vector Graphic - Stroke"},{"ty":"tr","p":{"k":[301.25,252.256],"ix":2},"a":{"k":[0,0],"ix":1},"s":{"k":[100,100],"ix":3},"r":{"k":0,"ix":6},"o":{"k":100,"ix":7},"sk":{"k":0,"ix":4},"sa":{"k":0,"ix":5},"nm":"Transform"}],"nm":"Group 1","np":2,"mn":"ADBE Vector Group"},{"ty":"tm","s":{"k":[{"i":{"x":[0.833],"y":[0.833]},"o":{"x":[0.167],"y":[0.167]},"n":["0p833_0p833_0p167_0p167"],"t":22,"s":[0],"e":[0]},{"i":{"x":[0.11],"y":[1]},"o":{"x":[0.167],"y":[0.167]},"n":["0p11_1_0p167_0p167"],"t":77,"s":[0],"e":[100]},{"t":239}],"ix":1},"e":{"k":[{"i":{"x":[0.11],"y":[1]},"o":{"x":[0.333],"y":[0]},"n":["0p11_1_0p333_0"],"t":23,"s":[0],"e":[100]},{"t":76}],"ix":2},"o":{"k":[{"i":{"x":[0.833],"y":[0.833]},"o":{"x":[0.167],"y":[0.167]},"n":["0p833_0p833_0p167_0p167"],"t":22,"s":[90],"e":[90]},{"i":{"x":[0.833],"y":[0.833]},"o":{"x":[0.167],"y":[0.167]},"n":["0p833_0p833_0p167_0p167"],"t":76,"s":[90],"e":[270]},{"t":77}],"ix":3},"m":1,"ix":2,"nm":"Trim Paths 1","mn":"ADBE Vector Filter - Trim"}],"ip":0,"op":1800,"st":0,"bm":0,"sr":1},{"ddd":0,"ind":5,"ty":4,"nm":"UP Outlines","ks":{"o":{"k":100},"r":{"k":0},"p":{"k":[{"i":{"x":0.833,"y":0.833},"o":{"x":0.167,"y":0.167},"n":"0p833_0p833_0p167_0p167","t":0,"s":[301.25,232.373,0],"e":[301.25,329.373,0],"to":[0,16.1666660308838,0],"ti":[0,-16.1666660308838,0]},{"t":18}]},"a":{"k":[50,130,0]},"s":{"k":[100,100,100]}},"ao":0,"shapes":[{"ty":"gr","it":[{"ind":0,"ty":"sh","ks":{"k":{"i":[[0,0],[0,0]],"o":[[0,0],[0,0]],"v":[[50,50],[50,210]],"c":false}},"nm":"Path 1","mn":"ADBE Vector Shape - Group"},{"ty":"st","fillEnabled":true,"c":{"k":[0,0,0,1]},"o":{"k":100},"w":{"k":20},"lc":2,"lj":2,"nm":"Stroke 1","mn":"ADBE Vector Graphic - Stroke"},{"ty":"tr","p":{"k":[0,0],"ix":2},"a":{"k":[0,0],"ix":1},"s":{"k":[100,100],"ix":3},"r":{"k":0,"ix":6},"o":{"k":100,"ix":7},"sk":{"k":0,"ix":4},"sa":{"k":0,"ix":5},"nm":"Transform"}],"nm":"Group 1","np":2,"mn":"ADBE Vector Group"},{"ty":"tm","s":{"k":[{"i":{"x":[0.833],"y":[0.833]},"o":{"x":[0.333],"y":[0]},"n":["0p833_0p833_0p333_0"],"t":0,"s":[0],"e":[64]},{"t":26}],"ix":1},"e":{"k":[{"i":{"x":[0.833],"y":[0.833]},"o":{"x":[0.167],"y":[0.167]},"n":["0p833_0p833_0p167_0p167"],"t":0,"s":[100],"e":[81.36]},{"i":{"x":[0.833],"y":[0.833]},"o":{"x":[0.167],"y":[0.167]},"n":["0p833_0p833_0p167_0p167"],"t":11,"s":[81.36],"e":[55.2]},{"i":{"x":[0.833],"y":[0.833]},"o":{"x":[0.167],"y":[0.167]},"n":["0p833_0p833_0p167_0p167"],"t":20,"s":[55.2],"e":[64.2]},{"t":26}],"ix":2},"o":{"k":0,"ix":3},"m":1,"ix":2,"nm":"Trim Paths 1","mn":"ADBE Vector Filter - Trim"}],"ip":0,"op":26,"st":0,"bm":0,"sr":1},{"ddd":0,"ind":6,"ty":4,"nm":"LEFT Outlines","ks":{"o":{"k":100},"r":{"k":0},"p":{"k":[{"i":{"x":0.833,"y":0.833},"o":{"x":0.167,"y":0.167},"n":"0p833_0p833_0p167_0p167","t":0,"s":[274.699,285.973,0],"e":[274.699,351.973,0],"to":[0,11,0],"ti":[0,-11,0]},{"t":24}]},"a":{"k":[76.551,76.55,0]},"s":{"k":[100,100,100]}},"ao":0,"shapes":[{"ty":"gr","it":[{"ind":0,"ty":"sh","ks":{"k":{"i":[[0,0],[0,0]],"o":[[0,0],[0,0]],"v":[[-26.55,-26.551],[26.55,26.551]],"c":false}},"nm":"Path 1","mn":"ADBE Vector Shape - Group"},{"ty":"st","fillEnabled":true,"c":{"k":[0,0,0,1]},"o":{"k":100},"w":{"k":20},"lc":2,"lj":2,"nm":"Stroke 1","mn":"ADBE Vector Graphic - Stroke"},{"ty":"tr","p":{"k":[76.55,76.551],"ix":2},"a":{"k":[0,0],"ix":1},"s":{"k":[100,100],"ix":3},"r":{"k":0,"ix":6},"o":{"k":100,"ix":7},"sk":{"k":0,"ix":4},"sa":{"k":0,"ix":5},"nm":"Transform"}],"nm":"Group 1","np":2,"mn":"ADBE Vector Group"},{"ty":"tm","s":{"k":[{"i":{"x":[0.833],"y":[0.833]},"o":{"x":[0.167],"y":[0.167]},"n":["0p833_0p833_0p167_0p167"],"t":0,"s":[0],"e":[100]},{"t":11}],"ix":1},"e":{"k":[{"i":{"x":[0.833],"y":[0.833]},"o":{"x":[0.167],"y":[0.167]},"n":["0p833_0p833_0p167_0p167"],"t":0,"s":[100],"e":[100]},{"t":24}],"ix":2},"o":{"k":0,"ix":3},"m":1,"ix":2,"nm":"Trim Paths 1","mn":"ADBE Vector Filter - Trim"}],"ip":0,"op":26,"st":0,"bm":0,"sr":1},{"ddd":0,"ind":7,"ty":4,"nm":"RIGHT Outlines","ks":{"o":{"k":100},"r":{"k":0},"p":{"k":[{"i":{"x":0.833,"y":0.833},"o":{"x":0.167,"y":0.167},"n":"0p833_0p833_0p167_0p167","t":0,"s":[327.801,285.973,0],"e":[327.801,351.973,0],"to":[0,11,0],"ti":[0,-11,0]},{"t":24}]},"a":{"k":[76.551,76.55,0]},"s":{"k":[100,100,100]}},"ao":0,"shapes":[{"ty":"gr","it":[{"ind":0,"ty":"sh","ks":{"k":{"i":[[0,0],[0,0]],"o":[[0,0],[0,0]],"v":[[26.551,-26.551],[-26.551,26.551]],"c":false}},"nm":"Path 1","mn":"ADBE Vector Shape - Group"},{"ty":"st","fillEnabled":true,"c":{"k":[0,0,0,1]},"o":{"k":100},"w":{"k":20},"lc":2,"lj":2,"nm":"Stroke 1","mn":"ADBE Vector Graphic - Stroke"},{"ty":"tr","p":{"k":[76.551,76.551],"ix":2},"a":{"k":[0,0],"ix":1},"s":{"k":[100,100],"ix":3},"r":{"k":0,"ix":6},"o":{"k":100,"ix":7},"sk":{"k":0,"ix":4},"sa":{"k":0,"ix":5},"nm":"Transform"}],"nm":"Group 1","np":2,"mn":"ADBE Vector Group"},{"ty":"tm","s":{"k":[{"i":{"x":[0.833],"y":[0.833]},"o":{"x":[0.167],"y":[0.167]},"n":["0p833_0p833_0p167_0p167"],"t":0,"s":[0],"e":[100]},{"t":11}],"ix":1},"e":{"k":[{"i":{"x":[0.833],"y":[0.833]},"o":{"x":[0.167],"y":[0.167]},"n":["0p833_0p833_0p167_0p167"],"t":0,"s":[100],"e":[100]},{"t":24}],"ix":2},"o":{"k":0,"ix":3},"m":1,"ix":2,"nm":"Trim Paths 1","mn":"ADBE Vector Filter - Trim"}],"ip":0,"op":26,"st":0,"bm":0,"sr":1},{"ddd":0,"ind":8,"ty":4,"nm":"BASE Outlines","ks":{"o":{"k":100},"r":{"k":0},"p":{"k":[301.25,352.445,0]},"a":{"k":[140.006,50,0]},"s":{"k":[100,100,100]}},"ao":0,"shapes":[{"ty":"gr","it":[{"ind":0,"ty":"sh","ks":{"k":{"i":[[0,0],[0,0]],"o":[[0,0],[0,0]],"v":[[50,50],[230.012,50]],"c":false}},"nm":"Path 1","mn":"ADBE Vector Shape - Group"},{"ty":"st","fillEnabled":true,"c":{"k":[0,0,0,1]},"o":{"k":100},"w":{"k":20},"lc":2,"lj":2,"nm":"Stroke 1","mn":"ADBE Vector Graphic - Stroke"},{"ty":"tr","p":{"k":[0,0],"ix":2},"a":{"k":[0,0],"ix":1},"s":{"k":[100,100],"ix":3},"r":{"k":0,"ix":6},"o":{"k":100,"ix":7},"sk":{"k":0,"ix":4},"sa":{"k":0,"ix":5},"nm":"Transform"}],"nm":"Group 1","np":2,"mn":"ADBE Vector Group"},{"ty":"tm","s":{"k":[{"i":{"x":[0.667],"y":[1]},"o":{"x":[0.167],"y":[0.167]},"n":["0p667_1_0p167_0p167"],"t":0,"s":[0],"e":[49]},{"t":24}],"ix":1},"e":{"k":[{"i":{"x":[0.667],"y":[1]},"o":{"x":[0.167],"y":[0.167]},"n":["0p667_1_0p167_0p167"],"t":0,"s":[100],"e":[51]},{"t":24}],"ix":2},"o":{"k":0,"ix":3},"m":1,"ix":2,"nm":"Trim Paths 1","mn":"ADBE Vector Filter - Trim"}],"ip":0,"op":26,"st":0,"bm":0,"sr":1},{"ddd":0,"ind":9,"ty":4,"nm":"Layer 5 Outlines","ks":{"o":{"k":100},"r":{"k":0},"p":{"k":[300,250,0]},"a":{"k":[300.25,250.25,0]},"s":{"k":[100,100,100]}},"ao":0,"shapes":[{"ty":"gr","it":[{"ind":0,"ty":"sh","ks":{"k":{"i":[[0,0],[0,0],[0,0],[0,0]],"o":[[0,0],[0,0],[0,0],[0,0]],"v":[[-300,250],[300,250],[300,-250],[-300,-250]],"c":true}},"nm":"Path 1","mn":"ADBE Vector Shape - Group"},{"ty":"fl","fillEnabled":true,"c":{"k":[1,1,1,1]},"o":{"k":100},"nm":"Fill 1","mn":"ADBE Vector Graphic - Fill"},{"ty":"tr","p":{"k":[300.25,250.25],"ix":2},"a":{"k":[0,0],"ix":1},"s":{"k":[100,100],"ix":3},"r":{"k":0,"ix":6},"o":{"k":100,"ix":7},"sk":{"k":0,"ix":4},"sa":{"k":0,"ix":5},"nm":"Transform"}],"nm":"Group 1","np":2,"mn":"ADBE Vector Group"}],"ip":0,"op":1800,"st":0,"bm":0,"sr":1}],"v":"4.5.0","ddd":0,"ip":0,"op":260,"fr":60,"w":600,"h":500}