{"v":"4.5.7","fr":25,"ip":0,"op":77,"w":800,"h":600,"ddd":0,"assets":[],"layers":[{"ddd":0,"ind":0,"ty":4,"nm":"Morphing","ks":{"o":{"a":0,"k":100},"r":{"a":0,"k":0},"p":{"a":0,"k":[399.985,300,0]},"a":{"a":0,"k":[0,0,0]},"s":{"a":0,"k":[70,70,100]}},"ao":0,"shapes":[{"ty":"gr","it":[{"ind":0,"ty":"sh","ks":{"a":1,"k":[{"i":{"x":0,"y":1},"o":{"x":0.527,"y":0},"n":"0_1_0p527_0","t":55,"s":[{"i":[[0,0],[0,0],[0,0],[0,0]],"o":[[0,0],[0,0],[0,0],[0,0]],"v":[[-0.052,-67.135],[0.446,-67.083],[-0.057,-67.14],[-0.437,142.25]],"c":true}],"e":[{"i":[[0,0],[0,0],[0,0],[0,0]],"o":[[0,0],[0,0],[0,0],[0,0]],"v":[[118.948,-67.083],[0.446,-67.083],[-120.057,-67.083],[-0.437,142.25]],"c":true}]},{"t":72}]},"nm":"Path 1","mn":"ADBE Vector Shape - Group"},{"ty":"rd","nm":"Round Corners 1","r":{"a":0,"k":30},"mn":"ADBE Vector Filter - RC"},{"ty":"fl","c":{"a":0,"k":[0.93,0.93,0.94,1]},"o":{"a":0,"k":100},"nm":"Fill 1","mn":"ADBE Vector Graphic - Fill"},{"ty":"tr","p":{"a":1,"k":[{"i":{"x":0,"y":1},"o":{"x":0.439,"y":0},"n":"0_1_0p439_0","t":55,"s":[-177,0],"e":[0,0],"to":[0,0],"ti":[0,0]},{"t":77}],"ix":2},"a":{"a":0,"k":[0,0],"ix":1},"s":{"a":0,"k":[100,100],"ix":3},"r":{"a":0,"k":270,"ix":6},"o":{"a":0,"k":100,"ix":7},"sk":{"a":0,"k":0,"ix":4},"sa":{"a":0,"k":0,"ix":5},"nm":"Transform"}],"nm":"double","np":4,"mn":"ADBE Vector Group"},{"ty":"gr","it":[{"ind":0,"ty":"sh","ks":{"a":1,"k":[{"i":{"x":0,"y":1},"o":{"x":0.527,"y":0},"n":"0_1_0p527_0","t":-30,"s":[{"i":[[0,0],[0,0],[0,0],[0,0]],"o":[[0,0],[0,0],[0,0],[0,0]],"v":[[-0.052,-67.135],[0.446,-67.083],[-0.057,-67.14],[-0.437,142.25]],"c":true}],"e":[{"i":[[0,0],[0,0],[0,0],[0,0]],"o":[[0,0],[0,0],[0,0],[0,0]],"v":[[118.948,-67.083],[0.446,-67.083],[-120.057,-67.083],[-0.437,142.25]],"c":true}]},{"i":{"x":0.833,"y":0.833},"o":{"x":0.167,"y":0.167},"n":"0p833_0p833_0p167_0p167","t":-13,"s":[{"i":[[0,0],[0,0],[0,0],[0,0]],"o":[[0,0],[0,0],[0,0],[0,0]],"v":[[118.948,-67.083],[0.446,-67.083],[-120.057,-67.083],[-0.437,142.25]],"c":true}],"e":[{"i":[[0,0],[0,0],[0,0],[0,0]],"o":[[0,0],[0,0],[0,0],[0,0]],"v":[[118.948,-67.083],[0.446,-67.083],[-120.057,-67.083],[-0.437,142.25]],"c":true}]},{"i":{"x":0.846,"y":1},"o":{"x":0.94,"y":0},"n":"0p846_1_0p94_0","t":11,"s":[{"i":[[0,0],[0,0],[0,0],[0,0]],"o":[[0,0],[0,0],[0,0],[0,0]],"v":[[118.948,-67.083],[0.446,-67.083],[-120.057,-67.083],[-0.437,142.25]],"c":true}],"e":[{"i":[[0,72.417],[0,-83.917],[0,-82.917],[0,0]],"o":[[0,-83.917],[0,-83.917],[0,71.583],[0,0]],"v":[[117.671,-11.583],[-1,-13.583],[-121.676,-9.583],[-1.797,103.75]],"c":true}]},{"i":{"x":0,"y":1},"o":{"x":0.1,"y":0},"n":"0_1_0p1_0","t":24,"s":[{"i":[[0,72.417],[0,-83.917],[0,-82.917],[0,0]],"o":[[0,-83.917],[0,-83.917],[0,71.583],[0,0]],"v":[[117.671,-11.583],[-1,-13.583],[-121.676,-9.583],[-1.797,103.75]],"c":true}],"e":[{"i":[[0,72.417],[0,-83.917],[0,-82.917],[0,0]],"o":[[0,-83.917],[0,-83.917],[0,71.583],[0,0]],"v":[[117.836,-26.583],[-1,-26.583],[-121.169,-26.583],[-1.398,121.75]],"c":true}]},{"i":{"x":0.833,"y":0.833},"o":{"x":0.167,"y":0.167},"n":"0p833_0p833_0p167_0p167","t":41,"s":[{"i":[[0,72.417],[0,-83.917],[0,-82.917],[0,0]],"o":[[0,-83.917],[0,-83.917],[0,71.583],[0,0]],"v":[[117.836,-26.583],[-1,-26.583],[-121.169,-26.583],[-1.398,121.75]],"c":true}],"e":[{"i":[[0,72.417],[0,-83.917],[0,-82.917],[0,0]],"o":[[0,-83.917],[0,-83.917],[0,71.583],[0,0]],"v":[[117.836,-26.583],[-1,-26.583],[-121.169,-26.583],[-1.398,121.75]],"c":true}]},{"i":{"x":0.806,"y":1},"o":{"x":0.996,"y":0},"n":"0p806_1_0p996_0","t":44,"s":[{"i":[[0,72.417],[0,-83.917],[0,-82.917],[0,0]],"o":[[0,-83.917],[0,-83.917],[0,71.583],[0,0]],"v":[[117.836,-26.583],[-1,-26.583],[-121.169,-26.583],[-1.398,121.75]],"c":true}],"e":[{"i":[[0,98.92],[0,0],[0,-98.92],[-98.92,0]],"o":[[0,-98.92],[0,0],[0,98.92],[98.92,0]],"v":[[177.611,-0.5],[4.547,-232.27],[-180.611,-0.5],[-1.5,178.611]],"c":true}]},{"i":{"x":0,"y":1},"o":{"x":0.259,"y":0},"n":"0_1_0p259_0","t":52,"s":[{"i":[[0,98.92],[0,0],[0,-98.92],[-98.92,0]],"o":[[0,-98.92],[0,0],[0,98.92],[98.92,0]],"v":[[177.611,-0.5],[4.547,-232.27],[-180.611,-0.5],[-1.5,178.611]],"c":true}],"e":[{"i":[[0,111.009],[111.009,0],[0,-111.009],[-111.009,0]],"o":[[0,-111.009],[-111.009,0],[0,111.009],[111.009,0]],"v":[[202,0],[1,-201],[-200,0],[1,201]],"c":true}]},{"t":67}]},"nm":"Path 1","mn":"ADBE Vector Shape - Group"},{"ty":"rd","nm":"Round Corners 1","r":{"a":1,"k":[{"i":{"x":[0],"y":[1]},"o":{"x":[0.625],"y":[0]},"n":["0_1_0p625_0"],"t":0,"s":[30],"e":[0]},{"t":19}]},"mn":"ADBE Vector Filter - RC"},{"ty":"mm","mm":3,"nm":"Merge Paths 1","mn":"ADBE Vector Filter - Merge"},{"ty":"fl","c":{"a":1,"k":[{"i":{"x":[0.418],"y":[1]},"o":{"x":[0.741],"y":[0]},"n":["0p418_1_0p741_0"],"t":45,"s":[0.93,0.93,0.94,1],"e":[0.12,0.67,0.54,1]},{"t":61}]},"o":{"a":0,"k":100},"nm":"Fill 1","mn":"ADBE Vector Graphic - Fill"},{"ty":"tr","p":{"a":1,"k":[{"i":{"x":0,"y":1},"o":{"x":0.439,"y":0},"n":"0_1_0p439_0","t":-30,"s":[-177,0],"e":[0,0],"to":[0,0],"ti":[0,0]},{"t":-8}],"ix":2},"a":{"a":0,"k":[0,0],"ix":1},"s":{"a":0,"k":[100,100],"ix":3},"r":{"a":1,"k":[{"i":{"x":[0],"y":[1]},"o":{"x":[0.625],"y":[0]},"n":["0_1_0p625_0"],"t":0,"s":[270],"e":[0]},{"i":{"x":[0.833],"y":[0.833]},"o":{"x":[0.167],"y":[0.167]},"n":["0p833_0p833_0p167_0p167"],"t":19,"s":[0],"e":[0]},{"i":{"x":[0],"y":[1]},"o":{"x":[0.514],"y":[0]},"n":["0_1_0p514_0"],"t":44,"s":[0],"e":[90]},{"t":67}],"ix":6},"o":{"a":0,"k":100,"ix":7},"sk":{"a":0,"k":0,"ix":4},"sa":{"a":0,"k":0,"ix":5},"nm":"Transform"}],"nm":"Play->Heart->Circle","np":5,"mn":"ADBE Vector Group"},{"ty":"gr","it":[{"d":1,"ty":"el","s":{"a":1,"k":[{"i":{"x":[0.444,0.444],"y":[1,1]},"o":{"x":[0.9,0.9],"y":[0,0]},"n":["0p444_1_0p9_0","0p444_1_0p9_0"],"t":41,"s":[400,400],"e":[0,0]},{"t":61}]},"p":{"a":0,"k":[0,0]},"nm":"Ellipse Path 1","mn":"ADBE Vector Shape - Ellipse"},{"ty":"fl","c":{"a":1,"k":[{"i":{"x":[0.293],"y":[1]},"o":{"x":[0.849],"y":[0]},"n":["0p293_1_0p849_0"],"t":11,"s":[0.12,0.67,0.54,1],"e":[0.93,0.19,0.24,1]},{"t":35}]},"o":{"a":0,"k":100},"nm":"Fill 1","mn":"ADBE Vector Graphic - Fill"},{"ty":"tr","p":{"a":0,"k":[0,0],"ix":2},"a":{"a":0,"k":[0,0],"ix":1},"s":{"a":1,"k":[{"i":{"x":[0.833,0.833],"y":[0.833,0.833]},"o":{"x":[0.917,0.917],"y":[0,0]},"n":["0p833_0p833_0p917_0","0p833_0p833_0p917_0"],"t":16,"s":[100,100],"e":[120,120]},{"t":25}],"x":"var $bm_rt;\nvar amp, freq, decay, n, n, t, t, v;\namp = 0.3;\nfreq = 2;\ndecay = 5;\n$bm_rt = n = 0;\nif (numKeys > 0) {\n    $bm_rt = n = nearestKey(time).index;\n    if (key(n).time > time)\n        n--;\n}\nif (n == 0)\n    $bm_rt = t = 0;\nelse\n    $bm_rt = t = sub(time, key(n).time);\nif (n > 0) {\n    v = velocityAtTime(sub(key(n).time, div(thisComp.frameDuration, 10)));\n    $bm_rt = sum(value, div(mul(mul(v, amp), Math.sin(mul(mul(mul(freq, t), 2), Math.PI))), Math.exp(mul(decay, t))));\n} else\n    $bm_rt = value;","ix":3},"r":{"a":0,"k":0,"ix":6},"o":{"a":0,"k":100,"ix":7},"sk":{"a":0,"k":0,"ix":4},"sa":{"a":0,"k":0,"ix":5},"nm":"Transform"}],"nm":"Circle","np":2,"mn":"ADBE Vector Group"}],"ip":0,"op":77,"st":-30,"bm":0,"sr":1},{"ddd":0,"ind":1,"ty":4,"nm":"One explosion","parent":0,"ks":{"o":{"a":0,"k":100},"r":{"a":0,"k":0},"p":{"a":0,"k":[0,0,0]},"a":{"a":0,"k":[0,0,0]},"s":{"a":0,"k":[150,150,100]}},"ao":0,"shapes":[{"ty":"gr","it":[{"d":1,"ty":"el","s":{"a":1,"k":[{"i":{"x":[0.06,0.06],"y":[1,1]},"o":{"x":[0.451,0.451],"y":[0,0]},"n":["0p06_1_0p451_0","0p06_1_0p451_0"],"t":46,"s":[0,0],"e":[350,350]},{"t":65}]},"p":{"a":0,"k":[0,0]},"nm":"Ellipse Path 1","mn":"ADBE Vector Shape - Ellipse"},{"d":1,"ty":"el","s":{"a":1,"k":[{"i":{"x":[0.06,0.06],"y":[1,1]},"o":{"x":[0.796,0.796],"y":[0,0]},"n":["0p06_1_0p796_0","0p06_1_0p796_0"],"t":48,"s":[0,0],"e":[350,350]},{"t":67.2861328125}]},"p":{"a":0,"k":[0,0]},"nm":"Ellipse Path 2","mn":"ADBE Vector Shape - Ellipse"},{"ty":"mm","mm":3,"nm":"Merge Paths 1","mn":"ADBE Vector Filter - Merge"},{"ty":"fl","c":{"a":0,"k":[0.12,0.67,0.54,1]},"o":{"a":0,"k":100},"nm":"Fill 1","mn":"ADBE Vector Graphic - Fill"},{"ty":"tr","p":{"a":0,"k":[0,0],"ix":2},"a":{"a":0,"k":[0,0],"ix":1},"s":{"a":0,"k":[100,100],"ix":3},"r":{"a":0,"k":0,"ix":6},"o":{"a":0,"k":100,"ix":7},"sk":{"a":0,"k":0,"ix":4},"sa":{"a":0,"k":0,"ix":5},"nm":"Transform"}],"nm":"Pre Circle","np":4,"mn":"ADBE Vector Group"}],"ip":46,"op":71,"st":46,"bm":0,"sr":1},{"ddd":0,"ind":2,"ty":4,"nm":"full Circles Reveal","parent":0,"ks":{"o":{"a":0,"k":100},"r":{"a":0,"k":0},"p":{"a":0,"k":[0,0,0]},"a":{"a":0,"k":[0,0,0]},"s":{"a":0,"k":[65.349,65.349,100]}},"ao":0,"shapes":[{"ty":"gr","it":[{"d":1,"ty":"el","s":{"a":1,"k":[{"i":{"x":[0.193,0.193],"y":[1,1]},"o":{"x":[1,1],"y":[0,0]},"n":["0p193_1_1_0","0p193_1_1_0"],"t":17,"s":[0,0],"e":[1202.6,1202.6]},{"i":{"x":[0.833,0.833],"y":[0.833,0.833]},"o":{"x":[0.167,0.167],"y":[0.167,0.167]},"n":["0p833_0p833_0p167_0p167","0p833_0p833_0p167_0p167"],"t":30,"s":[1202.6,1202.6],"e":[1202.6,1202.6]},{"i":{"x":[0.667,0.667],"y":[1,1]},"o":{"x":[1,1],"y":[0,0]},"n":["0p667_1_1_0","0p667_1_1_0"],"t":37,"s":[1202.6,1202.6],"e":[0,0]},{"t":52}]},"p":{"a":0,"k":[0,0]},"nm":"Ellipse Path 1","mn":"ADBE Vector Shape - Ellipse"},{"ty":"fl","c":{"a":0,"k":[0.87,0.87,0.89,1]},"o":{"a":0,"k":100},"nm":"Fill 1","mn":"ADBE Vector Graphic - Fill"},{"ty":"tr","p":{"a":0,"k":[0,0],"ix":2},"a":{"a":0,"k":[0,0],"ix":1},"s":{"a":0,"k":[100,100],"ix":3},"r":{"a":0,"k":0,"ix":6},"o":{"a":0,"k":100,"ix":7},"sk":{"a":0,"k":0,"ix":4},"sa":{"a":0,"k":0,"ix":5},"nm":"Transform"}],"nm":"fullCircle 3","np":2,"mn":"ADBE Vector Group"},{"ty":"gr","it":[{"d":1,"ty":"el","s":{"a":1,"k":[{"i":{"x":[0.149,0.149],"y":[1,1]},"o":{"x":[0.852,0.852],"y":[0,0]},"n":["0p149_1_0p852_0","0p149_1_0p852_0"],"t":14,"s":[0,0],"e":[1766.6,1766.6]},{"i":{"x":[0.833,0.833],"y":[0.833,0.833]},"o":{"x":[0.167,0.167],"y":[0.167,0.167]},"n":["0p833_0p833_0p167_0p167","0p833_0p833_0p167_0p167"],"t":29,"s":[1766.6,1766.6],"e":[1766.6,1766.6]},{"i":{"x":[0.667,0.667],"y":[1,1]},"o":{"x":[1,1],"y":[0,0]},"n":["0p667_1_1_0","0p667_1_1_0"],"t":41,"s":[1766.6,1766.6],"e":[0,0]},{"t":56}]},"p":{"a":0,"k":[0,0]},"nm":"Ellipse Path 1","mn":"ADBE Vector Shape - Ellipse"},{"ty":"fl","c":{"a":0,"k":[0.9,0.22,0.25,1]},"o":{"a":0,"k":100},"nm":"Fill 1","mn":"ADBE Vector Graphic - Fill"},{"ty":"tr","p":{"a":0,"k":[0,0],"ix":2},"a":{"a":0,"k":[0,0],"ix":1},"s":{"a":0,"k":[100,100],"ix":3},"r":{"a":0,"k":0,"ix":6},"o":{"a":0,"k":100,"ix":7},"sk":{"a":0,"k":0,"ix":4},"sa":{"a":0,"k":0,"ix":5},"nm":"Transform"}],"nm":"fullCircle 2","np":2,"mn":"ADBE Vector Group"},{"ty":"gr","it":[{"d":1,"ty":"el","s":{"a":1,"k":[{"i":{"x":[0.261,0.261],"y":[0.56,0.56]},"o":{"x":[1,1],"y":[0,0]},"n":["0p261_0p56_1_0","0p261_0p56_1_0"],"t":12,"s":[0,0],"e":[2232.6,2232.6]},{"i":{"x":[0.833,0.833],"y":[0.833,0.833]},"o":{"x":[0.167,0.167],"y":[0.167,0.167]},"n":["0p833_0p833_0p167_0p167","0p833_0p833_0p167_0p167"],"t":25,"s":[2232.6,2232.6],"e":[2232.6,2232.6]},{"i":{"x":[0.667,0.667],"y":[1,1]},"o":{"x":[1,1],"y":[0,0]},"n":["0p667_1_1_0","0p667_1_1_0"],"t":43,"s":[2232.6,2232.6],"e":[0,0]},{"t":58}]},"p":{"a":0,"k":[0,0]},"nm":"Ellipse Path 1","mn":"ADBE Vector Shape - Ellipse"},{"ty":"fl","c":{"a":0,"k":[0.12,0.67,0.54,1]},"o":{"a":0,"k":100},"nm":"Fill 1","mn":"ADBE Vector Graphic - Fill"},{"ty":"tr","p":{"a":0,"k":[0,0],"ix":2},"a":{"a":0,"k":[0,0],"ix":1},"s":{"a":0,"k":[100,100],"ix":3},"r":{"a":0,"k":0,"ix":6},"o":{"a":0,"k":100,"ix":7},"sk":{"a":0,"k":0,"ix":4},"sa":{"a":0,"k":0,"ix":5},"nm":"Transform"}],"nm":"fullCircle","np":2,"mn":"ADBE Vector Group"}],"ip":12,"op":77,"st":-651,"bm":0,"sr":1},{"ddd":0,"ind":3,"ty":4,"nm":"background","ks":{"o":{"a":0,"k":100},"r":{"a":0,"k":0},"p":{"a":0,"k":[400,300,0]},"a":{"a":0,"k":[0,0,0]},"s":{"a":0,"k":[100,100,100]}},"ao":0,"shapes":[{"ty":"gr","it":[{"ty":"rc","d":1,"s":{"a":0,"k":[1280,720],"x":"var $bm_rt;\n$bm_rt = [\n    thisComp.width,\n    thisComp.height\n];"},"p":{"a":0,"k":[0,0]},"r":{"a":0,"k":0},"nm":"Rectangle Path 1","mn":"ADBE Vector Shape - Rect"},{"ty":"fl","c":{"a":0,"k":[0.85,0.82,0.62,1]},"o":{"a":0,"k":100},"nm":"Fill 1","mn":"ADBE Vector Graphic - Fill"},{"ty":"tr","p":{"a":0,"k":[0,0],"ix":2},"a":{"a":0,"k":[0,0],"ix":1},"s":{"a":0,"k":[100,100],"ix":3},"r":{"a":0,"k":0,"ix":6},"o":{"a":0,"k":100,"ix":7},"sk":{"a":0,"k":0,"ix":4},"sa":{"a":0,"k":0,"ix":5},"nm":"Transform"}],"nm":"box","np":2,"mn":"ADBE Vector Group"}],"ip":0,"op":77,"st":-30,"bm":0,"sr":1}]}