{"assets":[{"id":"image_0","w":723,"h":721,"u":"images/","p":"img_0.png"},{"id":"image_1","w":382,"h":410,"u":"images/","p":"img_1.png"},{"id":"image_2","w":105,"h":159,"u":"images/","p":"img_2.png"},{"id":"image_3","w":131,"h":39,"u":"images/","p":"img_3.png"},{"id":"image_4","w":155,"h":437,"u":"images/","p":"img_4.png"},{"id":"image_5","w":171,"h":331,"u":"images/","p":"img_5.png"},{"id":"image_6","w":527,"h":187,"u":"images/","p":"img_6.png"},{"id":"image_7","w":550,"h":628,"u":"images/","p":"img_7.png"},{"id":"image_8","w":712,"h":682,"u":"images/","p":"img_8.png"},{"id":"comp_0","layers":[{"ddd":0,"ind":0,"ty":2,"nm":"foto patron@2x.png","cl":"png","parent":4,"refId":"image_2","ks":{"o":{"k":100},"r":{"k":0},"p":{"k":[85.5,145.5,0]},"a":{"k":[52.5,79.5,0]},"s":{"k":[100,100,100]}},"ao":0,"ip":150,"op":235,"st":-160,"bm":0,"sr":1},{"ddd":0,"ind":1,"ty":2,"nm":"botoes@2x.png","cl":"png","parent":4,"refId":"image_3","ks":{"o":{"k":100},"r":{"k":0},"p":{"k":[85.5,245.5,0]},"a":{"k":[65.5,19.5,0]},"s":{"k":[100,100,100]}},"ao":0,"ip":150,"op":235,"st":-160,"bm":0,"sr":1},{"ddd":0,"ind":2,"ty":0,"nm":"dentro-celular@2x.png Comp 1","cl":"png","refId":"comp_1","ks":{"o":{"k":100},"r":{"k":0},"p":{"k":[363.5,453.5,0]},"a":{"k":[77.5,218.5,0]},"s":{"k":[100,100,100]}},"ao":0,"hasMask":true,"masksProperties":[{"inv":false,"mode":"a","pt":{"k":{"i":[[0,0],[0,0],[0,0],[0,0]],"o":[[0,0],[0,0],[0,0],[0,0]],"v":[[148.754,1],[6,1],[6,235.008],[148.754,235.008]],"c":true}},"o":{"k":100},"x":{"k":0},"nm":"Mask 1"}],"w":155,"h":437,"ip":235,"op":545,"st":235,"bm":0,"sr":1},{"ddd":0,"ind":3,"ty":0,"nm":"dentro-celular@2x.png Comp 1","cl":"png","refId":"comp_1","ks":{"o":{"k":100},"r":{"k":0},"p":{"k":[363.5,453.5,0]},"a":{"k":[77.5,218.5,0]},"s":{"k":[100,100,100]}},"ao":0,"hasMask":true,"masksProperties":[{"inv":false,"mode":"a","pt":{"k":{"i":[[0,0],[0,0],[0,0],[0,0]],"o":[[0,0],[0,0],[0,0],[0,0]],"v":[[148.754,1],[6,1],[6,235.008],[148.754,235.008]],"c":true}},"o":{"k":100},"x":{"k":0},"nm":"Mask 1"}],"w":155,"h":437,"ip":0,"op":150,"st":0,"bm":0,"sr":1},{"ddd":0,"ind":4,"ty":2,"nm":"celular@2x.png","cl":"png","refId":"image_5","ks":{"o":{"k":100},"r":{"k":0},"p":{"k":[361.5,360.5,0]},"a":{"k":[85.5,165.5,0]},"s":{"k":[100,100,100]}},"ao":0,"ip":0,"op":536,"st":0,"bm":0,"sr":1}]},{"id":"comp_1","layers":[{"ddd":0,"ind":0,"ty":2,"nm":"dentro-celular@2x.png","cl":"png","refId":"image_4","ks":{"o":{"k":100},"r":{"k":0},"p":{"k":[{"i":{"x":0.667,"y":0.667},"o":{"x":0.333,"y":0.333},"n":"0p667_0p667_0p333_0p333","t":0,"s":[77.5,218.5,0],"e":[77.5,218.5,0],"to":[0,0,0],"ti":[0,0,0]},{"i":{"x":0.667,"y":1},"o":{"x":0.333,"y":0},"n":"0p667_1_0p333_0","t":30,"s":[77.5,218.5,0],"e":[77.5,-11.5,0],"to":[0,-38.3333320617676,0],"ti":[0,38.3333320617676,0]},{"i":{"x":0.667,"y":0.667},"o":{"x":0.333,"y":0.333},"n":"0p667_0p667_0p333_0p333","t":60,"s":[77.5,-11.5,0],"e":[77.5,-11.5,0],"to":[0,0,0],"ti":[0,0,0]},{"i":{"x":0.667,"y":1},"o":{"x":0.333,"y":0},"n":"0p667_1_0p333_0","t":104,"s":[77.5,-11.5,0],"e":[77.5,218.5,0],"to":[0,38.3333320617676,0],"ti":[0,-38.3333320617676,0]},{"i":{"x":0.667,"y":0.667},"o":{"x":0.333,"y":0.333},"n":"0p667_0p667_0p333_0p333","t":140,"s":[77.5,218.5,0],"e":[77.5,218.5,0],"to":[0,0,0],"ti":[0,0,0]},{"i":{"x":0.667,"y":0.667},"o":{"x":0.333,"y":0.333},"n":"0p667_0p667_0p333_0p333","t":163,"s":[77.5,218.5,0],"e":[77.5,218.5,0],"to":[0,0,0],"ti":[0,0,0]},{"i":{"x":0.667,"y":1},"o":{"x":0.333,"y":0},"n":"0p667_1_0p333_0","t":193,"s":[77.5,218.5,0],"e":[77.5,-11.5,0],"to":[0,-38.3333320617676,0],"ti":[0,38.3333320617676,0]},{"i":{"x":0.667,"y":0.667},"o":{"x":0.333,"y":0.333},"n":"0p667_0p667_0p333_0p333","t":223,"s":[77.5,-11.5,0],"e":[77.5,-11.5,0],"to":[0,0,0],"ti":[0,0,0]},{"i":{"x":0.667,"y":1},"o":{"x":0.333,"y":0},"n":"0p667_1_0p333_0","t":267,"s":[77.5,-11.5,0],"e":[77.5,218.5,0],"to":[0,38.3333320617676,0],"ti":[0,-38.3333320617676,0]},{"t":303}]},"a":{"k":[77.5,218.5,0]},"s":{"k":[100,100,100]}},"ao":0,"ip":0,"op":552,"st":0,"bm":0,"sr":1}]}],"layers":[{"ddd":0,"ind":0,"ty":1,"nm":"White Solid 1","ks":{"o":{"k":100},"r":{"k":0},"p":{"k":[355.5,744.5,0]},"a":{"k":[361.5,360.5,0]},"s":{"k":[108.299,15.118,100]}},"ao":0,"sw":723,"sh":721,"sc":"#f2f2f2","ip":0,"op":270,"st":0,"bm":0,"sr":1},{"ddd":0,"ind":1,"ty":1,"nm":"White Solid 1","ks":{"o":{"k":100},"r":{"k":0},"p":{"k":[351.5,-17.5,0]},"a":{"k":[361.5,360.5,0]},"s":{"k":[107.192,14.008,100]}},"ao":0,"sw":723,"sh":721,"sc":"#f2f2f2","ip":0,"op":270,"st":0,"bm":0,"sr":1},{"ddd":0,"ind":2,"ty":1,"nm":"White Solid 1","ks":{"o":{"k":100},"r":{"k":0},"p":{"k":[783.5,378.5,0]},"a":{"k":[361.5,360.5,0]},"s":{"k":[24.758,100,100]}},"ao":0,"sw":723,"sh":721,"sc":"#f2f2f2","ip":0,"op":270,"st":0,"bm":0,"sr":1},{"ddd":0,"ind":3,"ty":1,"nm":"White Solid 1","ks":{"o":{"k":100},"r":{"k":0},"p":{"k":[-60.5,350.5,0]},"a":{"k":[361.5,360.5,0]},"s":{"k":[24.758,100,100]}},"ao":0,"sw":723,"sh":721,"sc":"#f2f2f2","ip":0,"op":270,"st":0,"bm":0,"sr":1},{"ddd":0,"ind":4,"ty":2,"nm":"quadro-cima@2x.png","cl":"png","refId":"image_0","ks":{"o":{"k":100},"r":{"k":0},"p":{"k":[361.5,360.5,0]},"a":{"k":[361.5,360.5,0]},"s":{"k":[100,100,100]}},"ao":0,"ip":0,"op":270,"st":0,"bm":0,"sr":1},{"ddd":0,"ind":5,"ty":2,"nm":"maozinha@2x.png","cl":"png","refId":"image_1","ks":{"o":{"k":100},"r":{"k":0},"p":{"k":[{"i":{"x":0.667,"y":1},"o":{"x":0.167,"y":0.167},"n":"0p667_1_0p167_0p167","t":0,"s":[811.5,790.5,0],"e":[527.5,548.5,0],"to":[-47.3333320617676,-40.3333320617676,0],"ti":[47.3333320617676,40.3333320617676,0]},{"i":{"x":0.667,"y":0.667},"o":{"x":0.167,"y":0.167},"n":"0p667_0p667_0p167_0p167","t":22,"s":[527.5,548.5,0],"e":[527.5,548.5,0],"to":[0,0,0],"ti":[0,0,0]},{"i":{"x":0.667,"y":1},"o":{"x":0.167,"y":0.167},"n":"0p667_1_0p167_0p167","t":30,"s":[527.5,548.5,0],"e":[527.5,386.5,0],"to":[0,-27,0],"ti":[0.66666668653488,35,0]},{"i":{"x":0.667,"y":1},"o":{"x":0.167,"y":0.167},"n":"0p667_1_0p167_0p167","t":58,"s":[527.5,386.5,0],"e":[523.5,338.5,0],"to":[-0.66666668653488,-35,0],"ti":[0.66666668653488,8,0]},{"i":{"x":0.667,"y":0.667},"o":{"x":0.167,"y":0.167},"n":"0p667_0p667_0p167_0p167","t":74,"s":[523.5,338.5,0],"e":[523.5,338.5,0],"to":[0,0,0],"ti":[0,0,0]},{"i":{"x":0.667,"y":1},"o":{"x":0.167,"y":0.167},"n":"0p667_1_0p167_0p167","t":104,"s":[523.5,338.5,0],"e":[523.5,718.5,0],"to":[0,63.3333320617676,0],"ti":[-26.6666660308838,-60,0]},{"i":{"x":0.667,"y":1},"o":{"x":0.167,"y":0.167},"n":"0p667_1_0p167_0p167","t":122,"s":[523.5,718.5,0],"e":[683.5,698.5,0],"to":[26.6666660308838,60,0],"ti":[0,16.6666660308838,0]},{"i":{"x":0.667,"y":1},"o":{"x":0.167,"y":0.167},"n":"0p667_1_0p167_0p167","t":160,"s":[683.5,698.5,0],"e":[523.5,618.5,0],"to":[0,-16.6666660308838,0],"ti":[33.3333320617676,13.3333330154419,0]},{"i":{"x":0.667,"y":1},"o":{"x":0.167,"y":0.167},"n":"0p667_1_0p167_0p167","t":167,"s":[523.5,618.5,0],"e":[483.5,618.5,0],"to":[-33.3333320617676,-13.3333330154419,0],"ti":[0,0,0]},{"i":{"x":0.667,"y":1},"o":{"x":0.167,"y":0.167},"n":"0p667_1_0p167_0p167","t":172,"s":[483.5,618.5,0],"e":[523.5,618.5,0],"to":[0,0,0],"ti":[0,0,0]},{"i":{"x":0.667,"y":1},"o":{"x":0.167,"y":0.167},"n":"0p667_1_0p167_0p167","t":179,"s":[523.5,618.5,0],"e":[483.5,618.5,0],"to":[0,0,0],"ti":[0,0,0]},{"i":{"x":0.667,"y":1},"o":{"x":0.167,"y":0.167},"n":"0p667_1_0p167_0p167","t":184,"s":[483.5,618.5,0],"e":[523.5,618.5,0],"to":[0,0,0],"ti":[0,0,0]},{"i":{"x":0.667,"y":1},"o":{"x":0.167,"y":0.167},"n":"0p667_1_0p167_0p167","t":190,"s":[523.5,618.5,0],"e":[483.5,618.5,0],"to":[0,0,0],"ti":[0,0,0]},{"i":{"x":0.667,"y":1},"o":{"x":0.167,"y":0.167},"n":"0p667_1_0p167_0p167","t":195,"s":[483.5,618.5,0],"e":[523.5,618.5,0],"to":[0,0,0],"ti":[0,0,0]},{"i":{"x":0.667,"y":1},"o":{"x":0.167,"y":0.167},"n":"0p667_1_0p167_0p167","t":202,"s":[523.5,618.5,0],"e":[483.5,618.5,0],"to":[0,0,0],"ti":[6.66666650772095,0,0]},{"i":{"x":0.667,"y":0.667},"o":{"x":0.167,"y":0.167},"n":"0p667_0p667_0p167_0p167","t":212,"s":[483.5,618.5,0],"e":[483.5,618.5,0],"to":[0,0,0],"ti":[0,0,0]},{"i":{"x":0.667,"y":1},"o":{"x":0.167,"y":0.167},"n":"0p667_1_0p167_0p167","t":237,"s":[483.5,618.5,0],"e":[811.5,790.5,0],"to":[54.6666679382324,28.6666660308838,0],"ti":[-54.6666679382324,-28.6666660308838,0]},{"t":257}]},"a":{"k":[191,205,0]},"s":{"k":[100,100,100]}},"ao":0,"ip":0,"op":270,"st":0,"bm":0,"sr":1},{"ddd":0,"ind":6,"ty":0,"nm":"celular","refId":"comp_0","ks":{"o":{"k":[{"i":{"x":[0.833],"y":[0.833]},"o":{"x":[0.167],"y":[0.167]},"n":["0p833_0p833_0p167_0p167"],"t":0,"s":[100],"e":[100]},{"t":150}]},"r":{"k":[{"i":{"x":[0.833],"y":[0.833]},"o":{"x":[0.167],"y":[0.167]},"n":["0p833_0p833_0p167_0p167"],"t":0,"s":[0],"e":[0]},{"i":{"x":[0.833],"y":[0.833]},"o":{"x":[0.167],"y":[0.167]},"n":["0p833_0p833_0p167_0p167"],"t":150,"s":[0],"e":[1]},{"i":{"x":[0.833],"y":[0.833]},"o":{"x":[0.167],"y":[0.167]},"n":["0p833_0p833_0p167_0p167"],"t":153,"s":[1],"e":[-1]},{"i":{"x":[0.833],"y":[0.833]},"o":{"x":[0.167],"y":[0.167]},"n":["0p833_0p833_0p167_0p167"],"t":156,"s":[-1],"e":[3]},{"i":{"x":[0.833],"y":[0.833]},"o":{"x":[0.167],"y":[0.167]},"n":["0p833_0p833_0p167_0p167"],"t":159,"s":[3],"e":[1]},{"i":{"x":[0.833],"y":[0.833]},"o":{"x":[0.167],"y":[0.167]},"n":["0p833_0p833_0p167_0p167"],"t":161,"s":[1],"e":[-1]},{"i":{"x":[0.833],"y":[0.833]},"o":{"x":[0.167],"y":[0.167]},"n":["0p833_0p833_0p167_0p167"],"t":164,"s":[-1],"e":[3]},{"i":{"x":[0.833],"y":[0.833]},"o":{"x":[0.167],"y":[0.167]},"n":["0p833_0p833_0p167_0p167"],"t":167,"s":[3],"e":[1]},{"i":{"x":[0.833],"y":[0.833]},"o":{"x":[0.167],"y":[0.167]},"n":["0p833_0p833_0p167_0p167"],"t":169,"s":[1],"e":[-1]},{"i":{"x":[0.833],"y":[0.833]},"o":{"x":[0.167],"y":[0.167]},"n":["0p833_0p833_0p167_0p167"],"t":172,"s":[-1],"e":[3]},{"i":{"x":[0.833],"y":[0.833]},"o":{"x":[0.167],"y":[0.167]},"n":["0p833_0p833_0p167_0p167"],"t":175,"s":[3],"e":[1]},{"i":{"x":[0.833],"y":[0.833]},"o":{"x":[0.167],"y":[0.167]},"n":["0p833_0p833_0p167_0p167"],"t":177,"s":[1],"e":[-1]},{"i":{"x":[0.833],"y":[0.833]},"o":{"x":[0.167],"y":[0.167]},"n":["0p833_0p833_0p167_0p167"],"t":180,"s":[-1],"e":[3]},{"i":{"x":[0.833],"y":[0.833]},"o":{"x":[0.167],"y":[0.167]},"n":["0p833_0p833_0p167_0p167"],"t":183,"s":[3],"e":[-2]},{"i":{"x":[0.833],"y":[0.833]},"o":{"x":[0.167],"y":[0.167]},"n":["0p833_0p833_0p167_0p167"],"t":185,"s":[-2],"e":[1]},{"i":{"x":[0.833],"y":[0.833]},"o":{"x":[0.167],"y":[0.167]},"n":["0p833_0p833_0p167_0p167"],"t":188,"s":[1],"e":[-1]},{"i":{"x":[0.833],"y":[0.833]},"o":{"x":[0.167],"y":[0.167]},"n":["0p833_0p833_0p167_0p167"],"t":191,"s":[-1],"e":[3]},{"i":{"x":[0.833],"y":[0.833]},"o":{"x":[0.167],"y":[0.167]},"n":["0p833_0p833_0p167_0p167"],"t":194,"s":[3],"e":[1]},{"i":{"x":[0.833],"y":[0.833]},"o":{"x":[0.167],"y":[0.167]},"n":["0p833_0p833_0p167_0p167"],"t":196,"s":[1],"e":[-1]},{"i":{"x":[0.833],"y":[0.833]},"o":{"x":[0.167],"y":[0.167]},"n":["0p833_0p833_0p167_0p167"],"t":199,"s":[-1],"e":[3]},{"i":{"x":[0.833],"y":[0.833]},"o":{"x":[0.167],"y":[0.167]},"n":["0p833_0p833_0p167_0p167"],"t":202,"s":[3],"e":[1]},{"i":{"x":[0.833],"y":[0.833]},"o":{"x":[0.167],"y":[0.167]},"n":["0p833_0p833_0p167_0p167"],"t":204,"s":[1],"e":[-1]},{"i":{"x":[0.833],"y":[0.833]},"o":{"x":[0.167],"y":[0.167]},"n":["0p833_0p833_0p167_0p167"],"t":207,"s":[-1],"e":[3]},{"i":{"x":[0.833],"y":[0.833]},"o":{"x":[0.167],"y":[0.167]},"n":["0p833_0p833_0p167_0p167"],"t":210,"s":[3],"e":[1]},{"i":{"x":[0.833],"y":[0.833]},"o":{"x":[0.167],"y":[0.167]},"n":["0p833_0p833_0p167_0p167"],"t":212,"s":[1],"e":[-1]},{"i":{"x":[0.833],"y":[0.833]},"o":{"x":[0.167],"y":[0.167]},"n":["0p833_0p833_0p167_0p167"],"t":215,"s":[-1],"e":[3]},{"i":{"x":[0.833],"y":[0.833]},"o":{"x":[0.167],"y":[0.167]},"n":["0p833_0p833_0p167_0p167"],"t":218,"s":[3],"e":[-2]},{"i":{"x":[0.833],"y":[0.833]},"o":{"x":[0.167],"y":[0.167]},"n":["0p833_0p833_0p167_0p167"],"t":220,"s":[-2],"e":[0]},{"t":223}]},"p":{"k":[{"i":{"x":0.833,"y":0.833},"o":{"x":0.167,"y":0.167},"n":"0p833_0p833_0p167_0p167","t":0,"s":[361.5,360.5,0],"e":[361.5,360.5,0],"to":[0,0,0],"ti":[0,0,0]},{"i":{"x":0.833,"y":0.833},"o":{"x":0.167,"y":0.167},"n":"0p833_0p833_0p167_0p167","t":150,"s":[361.5,360.5,0],"e":[361.5,358.5,0],"to":[0,-0.33333334326744,0],"ti":[0.5,0.83333331346512,0]},{"i":{"x":0.833,"y":0.833},"o":{"x":0.167,"y":0.167},"n":"0p833_0p833_0p167_0p167","t":153,"s":[361.5,358.5,0],"e":[358.5,355.5,0],"to":[-0.5,-0.83333331346512,0],"ti":[0,0.33333334326744,0]},{"i":{"x":0.833,"y":0.833},"o":{"x":0.167,"y":0.167},"n":"0p833_0p833_0p167_0p167","t":156,"s":[358.5,355.5,0],"e":[361.5,356.5,0],"to":[0,-0.33333334326744,0],"ti":[-0.5,-0.5,0]},{"i":{"x":0.833,"y":0.833},"o":{"x":0.167,"y":0.167},"n":"0p833_0p833_0p167_0p167","t":159,"s":[361.5,356.5,0],"e":[361.5,358.5,0],"to":[0.5,0.5,0],"ti":[0.5,0.16666667163372,0]},{"i":{"x":0.833,"y":0.833},"o":{"x":0.167,"y":0.167},"n":"0p833_0p833_0p167_0p167","t":161,"s":[361.5,358.5,0],"e":[358.5,355.5,0],"to":[-0.5,-0.16666667163372,0],"ti":[0,0.33333334326744,0]},{"i":{"x":0.833,"y":0.833},"o":{"x":0.167,"y":0.167},"n":"0p833_0p833_0p167_0p167","t":164,"s":[358.5,355.5,0],"e":[361.5,356.5,0],"to":[0,-0.33333334326744,0],"ti":[-0.5,-0.5,0]},{"i":{"x":0.833,"y":0.833},"o":{"x":0.167,"y":0.167},"n":"0p833_0p833_0p167_0p167","t":167,"s":[361.5,356.5,0],"e":[361.5,358.5,0],"to":[0.5,0.5,0],"ti":[0.5,0.16666667163372,0]},{"i":{"x":0.833,"y":0.833},"o":{"x":0.167,"y":0.167},"n":"0p833_0p833_0p167_0p167","t":169,"s":[361.5,358.5,0],"e":[358.5,355.5,0],"to":[-0.5,-0.16666667163372,0],"ti":[0,0.33333334326744,0]},{"i":{"x":0.833,"y":0.833},"o":{"x":0.167,"y":0.167},"n":"0p833_0p833_0p167_0p167","t":172,"s":[358.5,355.5,0],"e":[361.5,356.5,0],"to":[0,-0.33333334326744,0],"ti":[-0.5,-0.5,0]},{"i":{"x":0.833,"y":0.833},"o":{"x":0.167,"y":0.167},"n":"0p833_0p833_0p167_0p167","t":175,"s":[361.5,356.5,0],"e":[361.5,358.5,0],"to":[0.5,0.5,0],"ti":[0.5,0.16666667163372,0]},{"i":{"x":0.833,"y":0.833},"o":{"x":0.167,"y":0.167},"n":"0p833_0p833_0p167_0p167","t":177,"s":[361.5,358.5,0],"e":[358.5,355.5,0],"to":[-0.5,-0.16666667163372,0],"ti":[0,0.33333334326744,0]},{"i":{"x":0.833,"y":0.833},"o":{"x":0.167,"y":0.167},"n":"0p833_0p833_0p167_0p167","t":180,"s":[358.5,355.5,0],"e":[361.5,356.5,0],"to":[0,-0.33333334326744,0],"ti":[-0.16666667163372,-1.16666662693024,0]},{"i":{"x":0.833,"y":0.833},"o":{"x":0.167,"y":0.167},"n":"0p833_0p833_0p167_0p167","t":183,"s":[361.5,356.5,0],"e":[359.5,362.5,0],"to":[0.16666667163372,1.16666662693024,0],"ti":[0,-0.33333334326744,0]},{"i":{"x":0.833,"y":0.833},"o":{"x":0.167,"y":0.167},"n":"0p833_0p833_0p167_0p167","t":185,"s":[359.5,362.5,0],"e":[361.5,358.5,0],"to":[0,0.33333334326744,0],"ti":[0.16666667163372,1.16666662693024,0]},{"i":{"x":0.833,"y":0.833},"o":{"x":0.167,"y":0.167},"n":"0p833_0p833_0p167_0p167","t":188,"s":[361.5,358.5,0],"e":[358.5,355.5,0],"to":[-0.16666667163372,-1.16666662693024,0],"ti":[0,0.33333334326744,0]},{"i":{"x":0.833,"y":0.833},"o":{"x":0.167,"y":0.167},"n":"0p833_0p833_0p167_0p167","t":191,"s":[358.5,355.5,0],"e":[361.5,356.5,0],"to":[0,-0.33333334326744,0],"ti":[-0.5,-0.5,0]},{"i":{"x":0.833,"y":0.833},"o":{"x":0.167,"y":0.167},"n":"0p833_0p833_0p167_0p167","t":194,"s":[361.5,356.5,0],"e":[361.5,358.5,0],"to":[0.5,0.5,0],"ti":[0.5,0.16666667163372,0]},{"i":{"x":0.833,"y":0.833},"o":{"x":0.167,"y":0.167},"n":"0p833_0p833_0p167_0p167","t":196,"s":[361.5,358.5,0],"e":[358.5,355.5,0],"to":[-0.5,-0.16666667163372,0],"ti":[0,0.33333334326744,0]},{"i":{"x":0.833,"y":0.833},"o":{"x":0.167,"y":0.167},"n":"0p833_0p833_0p167_0p167","t":199,"s":[358.5,355.5,0],"e":[361.5,356.5,0],"to":[0,-0.33333334326744,0],"ti":[-0.5,-0.5,0]},{"i":{"x":0.833,"y":0.833},"o":{"x":0.167,"y":0.167},"n":"0p833_0p833_0p167_0p167","t":202,"s":[361.5,356.5,0],"e":[361.5,358.5,0],"to":[0.5,0.5,0],"ti":[0.5,0.16666667163372,0]},{"i":{"x":0.833,"y":0.833},"o":{"x":0.167,"y":0.167},"n":"0p833_0p833_0p167_0p167","t":204,"s":[361.5,358.5,0],"e":[358.5,355.5,0],"to":[-0.5,-0.16666667163372,0],"ti":[0,0.33333334326744,0]},{"i":{"x":0.833,"y":0.833},"o":{"x":0.167,"y":0.167},"n":"0p833_0p833_0p167_0p167","t":207,"s":[358.5,355.5,0],"e":[361.5,356.5,0],"to":[0,-0.33333334326744,0],"ti":[-0.5,-0.5,0]},{"i":{"x":0.833,"y":0.833},"o":{"x":0.167,"y":0.167},"n":"0p833_0p833_0p167_0p167","t":210,"s":[361.5,356.5,0],"e":[361.5,358.5,0],"to":[0.5,0.5,0],"ti":[0.5,0.16666667163372,0]},{"i":{"x":0.833,"y":0.833},"o":{"x":0.167,"y":0.167},"n":"0p833_0p833_0p167_0p167","t":212,"s":[361.5,358.5,0],"e":[358.5,355.5,0],"to":[-0.5,-0.16666667163372,0],"ti":[0,0.33333334326744,0]},{"i":{"x":0.833,"y":0.833},"o":{"x":0.167,"y":0.167},"n":"0p833_0p833_0p167_0p167","t":215,"s":[358.5,355.5,0],"e":[361.5,356.5,0],"to":[0,-0.33333334326744,0],"ti":[-0.16666667163372,-1.16666662693024,0]},{"i":{"x":0.833,"y":0.833},"o":{"x":0.167,"y":0.167},"n":"0p833_0p833_0p167_0p167","t":218,"s":[361.5,356.5,0],"e":[359.5,362.5,0],"to":[0.16666667163372,1.16666662693024,0],"ti":[0,-0.66666668653488,0]},{"i":{"x":0.833,"y":0.833},"o":{"x":0.167,"y":0.167},"n":"0p833_0p833_0p167_0p167","t":220,"s":[359.5,362.5,0],"e":[361.5,360.5,0],"to":[0,0.66666668653488,0],"ti":[-0.33333334326744,0.33333334326744,0]},{"t":223}]},"a":{"k":[{"i":{"x":0.833,"y":0.833},"o":{"x":0.167,"y":0.167},"n":"0p833_0p833_0p167_0p167","t":0,"s":[361.5,360.5,0],"e":[361.5,360.5,0],"to":[0,0,0],"ti":[0,0,0]},{"t":150}]},"s":{"k":[{"i":{"x":[0.833,0.833,0.833],"y":[0.833,0.833,0.833]},"o":{"x":[0.167,0.167,0.167],"y":[0.167,0.167,0.167]},"n":["0p833_0p833_0p167_0p167","0p833_0p833_0p167_0p167","0p833_0p833_0p167_0p167"],"t":0,"s":[100,100,100],"e":[100,100,100]},{"t":150}]}},"ao":0,"w":723,"h":721,"ip":0,"op":270,"st":0,"bm":0,"sr":1},{"ddd":0,"ind":7,"ty":2,"nm":"enfeite@2x.png","cl":"png","refId":"image_6","ks":{"o":{"k":100},"r":{"k":0},"p":{"k":[361.5,360.5,0]},"a":{"k":[263.5,93.5,0]},"s":{"k":[100,100,100]}},"ao":0,"ip":0,"op":270,"st":0,"bm":0,"sr":1},{"ddd":0,"ind":8,"ty":2,"nm":"plomo4@2x.png","cl":"png","refId":"image_7","ks":{"o":{"k":100},"r":{"k":0},"p":{"k":[361.5,388.5,0]},"a":{"k":[275,314,0]},"s":{"k":[100,100,100]}},"ao":0,"ip":0,"op":270,"st":0,"bm":0,"sr":1},{"ddd":0,"ind":9,"ty":1,"nm":"Turquoise Solid 1","ks":{"o":{"k":100},"r":{"k":0},"p":{"k":[361.5,360.5,0]},"a":{"k":[361.5,360.5,0]},"s":{"k":[100,100,100]}},"ao":0,"sw":723,"sh":721,"sc":"#01c98d","ip":0,"op":270,"st":0,"bm":0,"sr":1},{"ddd":0,"ind":10,"ty":2,"nm":"layout@2x.png","cl":"png","refId":"image_8","ks":{"o":{"k":100},"r":{"k":0},"p":{"k":[395.5,374.5,0]},"a":{"k":[356,341,0]},"s":{"k":[100,100,100]}},"ao":0,"ip":0,"op":270,"st":0,"bm":0,"sr":1}],"v":"4.5.0","ddd":0,"ip":0,"op":264,"fr":60,"w":723,"h":721}