{"v":"4.5.5","fr":2,"ip":0,"op":26,"w":1024,"h":1024,"ddd":0,"assets":[],"layers":[{"ddd":0,"ind":0,"ty":4,"nm":"doneIcon contornos","ks":{"o":{"a":0,"k":100},"r":{"a":0,"k":0},"p":{"a":0,"k":[0,-128,0]},"a":{"a":0,"k":[0,0,0]},"s":{"a":0,"k":[100,100,100]}},"ao":0,"shapes":[{"ty":"gr","it":[{"ind":0,"ty":"sh","ks":{"a":0,"k":{"i":[[0,0],[0,0],[0,0],[0,0],[0,0],[0,0],[0,0],[0,0],[0,0]],"o":[[0,0],[0,0],[0,0],[0,0],[0,0],[0,0],[0,0],[0,0],[0,0]],"v":[[146,284],[179,309],[187,326],[193,521],[181,666],[161,766],[137,839],[82,956],[50,1002]],"c":false}},"nm":"Trazado 1","mn":"ADBE Vector Shape - Group"},{"ty":"tm","s":{"a":1,"k":[{"i":{"x":[0],"y":[0]},"o":{"x":[0],"y":[0]},"n":["0p667_1_0p333_0"],"t":0,"s":[0],"e":[100]},{"t":2}],"ix":1},"e":{"a":0,"k":0,"ix":2},"o":{"a":0,"k":0,"ix":3},"m":1,"ix":2,"nm":"Recortar trazados 1","mn":"ADBE Vector Filter - Trim"},{"ty":"st","c":{"a":0,"k":[0,0,0,1]},"o":{"a":0,"k":100},"w":{"a":0,"k":128},"lc":2,"lj":1,"ml":10,"nm":"Trazo 1","mn":"ADBE Vector Graphic - Stroke"},{"ty":"tr","p":{"a":0,"k":[0,0],"ix":2},"a":{"a":0,"k":[0,0],"ix":1},"s":{"a":0,"k":[100,100],"ix":3},"r":{"a":0,"k":0,"ix":6},"o":{"a":0,"k":100,"ix":7},"sk":{"a":0,"k":0,"ix":4},"sa":{"a":0,"k":0,"ix":5},"nm":"Transformar"}],"nm":"Grupo 1","np":3,"mn":"ADBE Vector Group"}],"ip":0,"op":66,"st":0,"bm":0,"sr":1,"hasMask":true,"masksProperties":[{"inv":false,"mode":"a","pt":{"a":0,"k":{"i":[[0,0],[0,0],[0,0],[0,0],[0,0],[0,0],[0,0],[0,0],[0,0],[0,0],[0,0],[0,0],[0,0]],"o":[[7,-61],[0,-179],[-64,-53],[-10,7],[21,24],[0,21],[10,175],[-30,120],[-4,7],[-1,10],[12,-3],[78,-108],[0,0]],"v":[[208,622],[216,499],[219,317],[139,273],[136,292],[164,371],[166,418],[146,737],[47,991],[42,1003],[51,1010],[98,952],[203,660]],"c":true}},"o":{"a":0,"k":100},"x":{"a":0,"k":0},"nm":"Masque 1"}]},{"ddd":0,"ind":0,"ty":4,"nm":"doneIcon contornos","ks":{"o":{"a":0,"k":100},"r":{"a":0,"k":0},"p":{"a":0,"k":[0,-128,0]},"a":{"a":0,"k":[0,0,0]},"s":{"a":0,"k":[100,100,100]}},"ao":0,"shapes":[{"ty":"gr","it":[{"ind":0,"ty":"sh","ks":{"a":0,"k":{"i":[[0,0],[0,0],[0,0],[0,0],[0,0],[0,0],[0,0],[0,0],[0,0],[0,0],[0,0]],"o":[[0,0],[0,0],[0,0],[0,0],[0,0],[0,0],[0,0],[0,0],[0,0],[0,0],[0,0]],"v":[[209,289],[218,297],[238,299],[284,284],[317,282],[346,303],[351,313],[346,391],[345,903],[325,944],[238,911]],"c":false}},"nm":"Trazado 1","mn":"ADBE Vector Shape - Group"},{"ty":"tm","s":{"a":1,"k":[{"i":{"x":[0],"y":[0]},"o":{"x":[0],"y":[0]},"n":["0p667_1_0p333_0"],"t":2,"s":[0],"e":[100]},{"t":4}],"ix":1},"e":{"a":0,"k":0,"ix":2},"o":{"a":0,"k":0,"ix":3},"m":1,"ix":2,"nm":"Recortar trazados 1","mn":"ADBE Vector Filter - Trim"},{"ty":"st","c":{"a":0,"k":[0,0,0,1]},"o":{"a":0,"k":100},"w":{"a":0,"k":128},"lc":2,"lj":1,"ml":10,"nm":"Trazo 1","mn":"ADBE Vector Graphic - Stroke"},{"ty":"tr","p":{"a":0,"k":[0,0],"ix":2},"a":{"a":0,"k":[0,0],"ix":1},"s":{"a":0,"k":[100,100],"ix":3},"r":{"a":0,"k":0,"ix":6},"o":{"a":0,"k":100,"ix":7},"sk":{"a":0,"k":0,"ix":4},"sa":{"a":0,"k":0,"ix":5},"nm":"Transformar"}],"nm":"Grupo 1","np":3,"mn":"ADBE Vector Group"}],"ip":0,"op":66,"st":0,"bm":0,"sr":1,"hasMask":true,"masksProperties":[{"inv":false,"mode":"a","pt":{"a":0,"k":{"i":[[0,0],[0,0],[0,0],[0,0],[0,0],[0,0],[0,0],[0,0],[0,0],[0,0],[0,0],[0,0],[0,0],[0,0],[0,0],[0,0],[0,0],[0,0],[0,0]],"o":[[10,0],[16,-1],[12,12],[7,316],[-1,27],[-3,3],[-19,-6],[45,40],[13,18],[9,4],[39,-45],[-7,-145],[1,-45],[12,-19],[-19,-19],[-18,-7],[-25,15],[-21,7],[0,0]],"v":[[219,317],[287,302],[311,310],[322,362],[315,867],[305,906],[247,905],[229,909],[298,979],[325,1001],[342,995],[379,896],[372,387],[386,322],[386,293],[331,260],[300,258],[259,277],[200,288]],"c":true}},"o":{"a":0,"k":100},"x":{"a":0,"k":0},"nm":"Masque 1"}]},{"ddd":0,"ind":0,"ty":4,"nm":"doneIcon contornos","ks":{"o":{"a":0,"k":100},"r":{"a":0,"k":0},"p":{"a":0,"k":[0,-128,0]},"a":{"a":0,"k":[0,0,0]},"s":{"a":0,"k":[100,100,100]}},"ao":0,"shapes":[{"ty":"gr","it":[{"ind":0,"ty":"sh","ks":{"a":0,"k":{"i":[[0,0],[0,0],[0,0],[0,0]],"o":[[0,0],[0,0],[0,0],[0,0]],"v":[[223,494],[233,480],[271,476],[292,482]],"c":false}},"nm":"Trazado 1","mn":"ADBE Vector Shape - Group"},{"ty":"tm","s":{"a":1,"k":[{"i":{"x":[0],"y":[0]},"o":{"x":[0],"y":[0]},"n":["0p667_1_0p333_0"],"t":4,"s":[0],"e":[100]},{"t":6}],"ix":1},"e":{"a":0,"k":0,"ix":2},"o":{"a":0,"k":0,"ix":3},"m":1,"ix":2,"nm":"Recortar trazados 1","mn":"ADBE Vector Filter - Trim"},{"ty":"st","c":{"a":0,"k":[0,0,0,1]},"o":{"a":0,"k":100},"w":{"a":0,"k":128},"lc":2,"lj":1,"ml":10,"nm":"Trazo 1","mn":"ADBE Vector Graphic - Stroke"},{"ty":"tr","p":{"a":0,"k":[0,0],"ix":2},"a":{"a":0,"k":[0,0],"ix":1},"s":{"a":0,"k":[100,100],"ix":3},"r":{"a":0,"k":0,"ix":6},"o":{"a":0,"k":100,"ix":7},"sk":{"a":0,"k":0,"ix":4},"sa":{"a":0,"k":0,"ix":5},"nm":"Transformar"}],"nm":"Grupo 1","np":3,"mn":"ADBE Vector Group"}],"ip":0,"op":66,"st":0,"bm":0,"sr":1,"hasMask":true,"masksProperties":[{"inv":false,"mode":"a","pt":{"a":0,"k":{"i":[[0,0],[0,0],[0,0],[0,0],[0,0]],"o":[[40,-4],[22,-4],[-10,-13],[-21,-1],[0,0]],"v":[[216,499],[288,492],[301,475],[267,459],[216,467]],"c":true}},"o":{"a":0,"k":100},"x":{"a":0,"k":0},"nm":"Masque 1"}]},{"ddd":0,"ind":0,"ty":4,"nm":"doneIcon contornos","ks":{"o":{"a":0,"k":100},"r":{"a":0,"k":0},"p":{"a":0,"k":[0,-128,0]},"a":{"a":0,"k":[0,0,0]},"s":{"a":0,"k":[100,100,100]}},"ao":0,"shapes":[{"ty":"gr","it":[{"ind":0,"ty":"sh","ks":{"a":0,"k":{"i":[[0,0],[0,0],[0,0],[0,0]],"o":[[0,0],[0,0],[0,0],[0,0]],"v":[[211,655],[232,637],[263,636],[287,643]],"c":false}},"nm":"Trazado 1","mn":"ADBE Vector Shape - Group"},{"ty":"tm","s":{"a":1,"k":[{"i":{"x":[0],"y":[0]},"o":{"x":[0],"y":[0]},"n":["0p667_1_0p333_0"],"t":6,"s":[0],"e":[100]},{"t":8}],"ix":1},"e":{"a":0,"k":0,"ix":2},"o":{"a":0,"k":0,"ix":3},"m":1,"ix":2,"nm":"Recortar trazados 1","mn":"ADBE Vector Filter - Trim"},{"ty":"st","c":{"a":0,"k":[0,0,0,1]},"o":{"a":0,"k":100},"w":{"a":0,"k":128},"lc":2,"lj":1,"ml":10,"nm":"Trazo 1","mn":"ADBE Vector Graphic - Stroke"},{"ty":"tr","p":{"a":0,"k":[0,0],"ix":2},"a":{"a":0,"k":[0,0],"ix":1},"s":{"a":0,"k":[100,100],"ix":3},"r":{"a":0,"k":0,"ix":6},"o":{"a":0,"k":100,"ix":7},"sk":{"a":0,"k":0,"ix":4},"sa":{"a":0,"k":0,"ix":5},"nm":"Transformar"}],"nm":"Grupo 1","np":3,"mn":"ADBE Vector Group"}],"ip":0,"op":66,"st":0,"bm":0,"sr":1,"hasMask":true,"masksProperties":[{"inv":false,"mode":"a","pt":{"a":0,"k":{"i":[[0,0],[0,0],[0,0],[0,0],[0,0]],"o":[[45,-4],[25,-4],[-12,-15],[-21,-3],[0,0]],"v":[[203,660],[282,654],[297,636],[259,617],[208,622]],"c":true}},"o":{"a":0,"k":100},"x":{"a":0,"k":0},"nm":"Masque 1"}]},{"ddd":0,"ind":0,"ty":4,"nm":"doneIcon contornos","ks":{"o":{"a":0,"k":100},"r":{"a":0,"k":0},"p":{"a":0,"k":[0,-128,0]},"a":{"a":0,"k":[0,0,0]},"s":{"a":0,"k":[100,100,100]}},"ao":0,"shapes":[{"ty":"gr","it":[{"ind":0,"ty":"sh","ks":{"a":0,"k":{"i":[[0,0],[0,0],[0,0],[0,0],[0,0],[0,0],[0,0],[0,0]],"o":[[0,0],[0,0],[0,0],[0,0],[0,0],[0,0],[0,0],[0,0]],"v":[[496,234],[513,243],[530,275],[499,346],[461,405],[447,444],[511,501],[516,527]],"c":false}},"nm":"Trazado 1","mn":"ADBE Vector Shape - Group"},{"ty":"tm","s":{"a":1,"k":[{"i":{"x":[0],"y":[0]},"o":{"x":[0],"y":[0]},"n":["0p667_1_0p333_0"],"t":8,"s":[0],"e":[100]},{"t":10}],"ix":1},"e":{"a":0,"k":0,"ix":2},"o":{"a":0,"k":0,"ix":3},"m":1,"ix":2,"nm":"Recortar trazados 1","mn":"ADBE Vector Filter - Trim"},{"ty":"st","c":{"a":0,"k":[0,0,0,1]},"o":{"a":0,"k":100},"w":{"a":0,"k":128},"lc":2,"lj":1,"ml":10,"nm":"Trazo 1","mn":"ADBE Vector Graphic - Stroke"},{"ty":"tr","p":{"a":0,"k":[0,0],"ix":2},"a":{"a":0,"k":[0,0],"ix":1},"s":{"a":0,"k":[100,100],"ix":3},"r":{"a":0,"k":0,"ix":6},"o":{"a":0,"k":100,"ix":7},"sk":{"a":0,"k":0,"ix":4},"sa":{"a":0,"k":0,"ix":5},"nm":"Transformar"}],"nm":"Grupo 1","np":3,"mn":"ADBE Vector Group"}],"ip":0,"op":66,"st":0,"bm":0,"sr":1,"hasMask":true,"masksProperties":[{"inv":false,"mode":"a","pt":{"a":0,"k":{"i":[[0,0],[0,0],[0,0],[0,0],[0,0],[0,0],[0,0],[0,0],[0,0],[0,0],[0,0],[0,0],[0,0],[0,0],[0,0],[0,0],[0,0]],"o":[[-12,70],[-10,12],[-1,10],[19,19],[12,19],[13,0],[9,-22],[-6,-21],[-10,-4],[-4,-19],[27,-39],[31,-15],[-19,-19],[-18,-1],[-3,4],[10,13],[0,0]],"v":[[497,279],[439,422],[427,442],[448,470],[493,527],[516,545],[537,528],[539,491],[474,448],[465,440],[518,344],[558,295],[549,247],[512,225],[489,229],[492,242],[497,279]],"c":true}},"o":{"a":0,"k":100},"x":{"a":0,"k":0},"nm":"Masque 1"}]},{"ddd":0,"ind":0,"ty":4,"nm":"doneIcon contornos","ks":{"o":{"a":0,"k":100},"r":{"a":0,"k":0},"p":{"a":0,"k":[0,-128,0]},"a":{"a":0,"k":[0,0,0]},"s":{"a":0,"k":[100,100,100]}},"ao":0,"shapes":[{"ty":"gr","it":[{"ind":0,"ty":"sh","ks":{"a":0,"k":{"i":[[0,0],[0,0],[0,0],[0,0],[0,0],[0,0],[0,0]],"o":[[0,0],[0,0],[0,0],[0,0],[0,0],[0,0],[0,0]],"v":[[637,222],[659,238],[670,263],[589,422],[606,441],[679,485],[691,510]],"c":false}},"nm":"Trazado 1","mn":"ADBE Vector Shape - Group"},{"ty":"tm","s":{"a":1,"k":[{"i":{"x":[0],"y":[0]},"o":{"x":[0],"y":[0]},"n":["0p667_1_0p333_0"],"t":10,"s":[0],"e":[100]},{"t":12}],"ix":1},"e":{"a":0,"k":0,"ix":2},"o":{"a":0,"k":0,"ix":3},"m":1,"ix":2,"nm":"Recortar trazados 1","mn":"ADBE Vector Filter - Trim"},{"ty":"st","c":{"a":0,"k":[0,0,0,1]},"o":{"a":0,"k":100},"w":{"a":0,"k":128},"lc":2,"lj":1,"ml":10,"nm":"Trazo 1","mn":"ADBE Vector Graphic - Stroke"},{"ty":"tr","p":{"a":0,"k":[0,0],"ix":2},"a":{"a":0,"k":[0,0],"ix":1},"s":{"a":0,"k":[100,100],"ix":3},"r":{"a":0,"k":0,"ix":6},"o":{"a":0,"k":100,"ix":7},"sk":{"a":0,"k":0,"ix":4},"sa":{"a":0,"k":0,"ix":5},"nm":"Transformar"}],"nm":"Grupo 1","np":3,"mn":"ADBE Vector Group"}],"ip":0,"op":66,"st":0,"bm":0,"sr":1,"hasMask":true,"masksProperties":[{"inv":false,"mode":"a","pt":{"a":0,"k":{"i":[[0,0],[0,0],[0,0],[0,0],[0,0],[0,0],[0,0],[0,0],[0,0],[0,0],[0,0],[0,0],[0,0],[0,0],[0,0],[0,0],[0,0],[0,0]],"o":[[-12,72],[-10,12],[0,10],[31,22],[13,18],[13,-1],[4,-22],[-9,-21],[-27,-12],[6,-10],[34,-46],[10,-4],[3,-16],[-19,-19],[-18,-1],[-3,4],[9,12],[0,0]],"v":[[636,266],[579,402],[568,423],[592,450],[670,517],[694,531],[713,512],[710,475],[619,432],[633,365],[649,342],[697,284],[709,272],[689,235],[652,212],[629,217],[632,230],[636,266]],"c":true}},"o":{"a":0,"k":100},"x":{"a":0,"k":0},"nm":"Masque 1"}]},{"ddd":0,"ind":0,"ty":4,"nm":"doneIcon contornos","ks":{"o":{"a":0,"k":100},"r":{"a":0,"k":0},"p":{"a":0,"k":[0,-128,0]},"a":{"a":0,"k":[0,0,0]},"s":{"a":0,"k":[100,100,100]}},"ao":0,"shapes":[{"ty":"gr","it":[{"ind":0,"ty":"sh","ks":{"a":0,"k":{"i":[[0,0],[0,0],[0,0],[0,0],[0,0],[0,0],[0,0]],"o":[[0,0],[0,0],[0,0],[0,0],[0,0],[0,0],[0,0]],"v":[[781,204],[796,213],[812,247],[736,379],[761,405],[848,460],[860,488]],"c":false}},"nm":"Trazado 1","mn":"ADBE Vector Shape - Group"},{"ty":"tm","s":{"a":1,"k":[{"i":{"x":[0],"y":[0]},"o":{"x":[0],"y":[0]},"n":["0p667_1_0p333_0"],"t":12,"s":[0],"e":[100]},{"t":14}],"ix":1},"e":{"a":0,"k":0,"ix":2},"o":{"a":0,"k":0,"ix":3},"m":1,"ix":2,"nm":"Recortar trazados 1","mn":"ADBE Vector Filter - Trim"},{"ty":"st","c":{"a":0,"k":[0,0,0,1]},"o":{"a":0,"k":100},"w":{"a":0,"k":128},"lc":2,"lj":1,"ml":10,"nm":"Trazo 1","mn":"ADBE Vector Graphic - Stroke"},{"ty":"tr","p":{"a":0,"k":[0,0],"ix":2},"a":{"a":0,"k":[0,0],"ix":1},"s":{"a":0,"k":[100,100],"ix":3},"r":{"a":0,"k":0,"ix":6},"o":{"a":0,"k":100,"ix":7},"sk":{"a":0,"k":0,"ix":4},"sa":{"a":0,"k":0,"ix":5},"nm":"Transformar"}],"nm":"Grupo 1","np":3,"mn":"ADBE Vector Group"}],"ip":0,"op":66,"st":0,"bm":0,"sr":1,"hasMask":true,"masksProperties":[{"inv":false,"mode":"a","pt":{"a":0,"k":{"i":[[0,0],[0,0],[0,0],[0,0],[0,0],[0,0],[0,0],[0,0],[0,0],[0,0],[0,0],[0,0],[0,0],[0,0],[0,0],[0,0],[0,0],[0,0]],"o":[[-13,63],[-9,9],[-1,10],[40,28],[13,18],[13,-1],[6,-22],[-9,-21],[-24,-10],[4,-12],[31,-36],[10,-4],[4,-16],[-19,-19],[-18,-3],[-3,4],[9,13],[0,0]],"v":[[779,248],[726,361],[717,378],[739,406],[838,492],[862,507],[881,488],[879,450],[770,393],[757,364],[795,314],[838,268],[851,257],[833,219],[797,195],[774,198],[776,211],[779,248]],"c":true}},"o":{"a":0,"k":100},"x":{"a":0,"k":0},"nm":"Masque 1"}]},{"ddd":0,"ind":0,"ty":4,"nm":"doneIcon contornos","ks":{"o":{"a":0,"k":100},"r":{"a":0,"k":0},"p":{"a":0,"k":[0,-128,0]},"a":{"a":0,"k":[0,0,0]},"s":{"a":0,"k":[100,100,100]}},"ao":0,"shapes":[{"ty":"gr","it":[{"ind":0,"ty":"sh","ks":{"a":0,"k":{"i":[[0,0],[0,0],[0,0]],"o":[[0,0],[0,0],[0,0]],"v":[[577,544],[595,570],[528,655]],"c":false}},"nm":"Trazado 1","mn":"ADBE Vector Shape - Group"},{"ty":"tm","s":{"a":1,"k":[{"i":{"x":[0],"y":[0]},"o":{"x":[0],"y":[0]},"n":["0p667_1_0p333_0"],"t":14,"s":[0],"e":[100]},{"t":16}],"ix":1},"e":{"a":0,"k":0,"ix":2},"o":{"a":0,"k":0,"ix":3},"m":1,"ix":2,"nm":"Recortar trazados 1","mn":"ADBE Vector Filter - Trim"},{"ty":"st","c":{"a":0,"k":[0,0,0,1]},"o":{"a":0,"k":100},"w":{"a":0,"k":128},"lc":2,"lj":1,"ml":10,"nm":"Trazo 1","mn":"ADBE Vector Graphic - Stroke"},{"ty":"tr","p":{"a":0,"k":[0,0],"ix":2},"a":{"a":0,"k":[0,0],"ix":1},"s":{"a":0,"k":[100,100],"ix":3},"r":{"a":0,"k":0,"ix":6},"o":{"a":0,"k":100,"ix":7},"sk":{"a":0,"k":0,"ix":4},"sa":{"a":0,"k":0,"ix":5},"nm":"Transformar"}],"nm":"Grupo 1","np":3,"mn":"ADBE Vector Group"}],"ip":0,"op":66,"st":0,"bm":0,"sr":1,"hasMask":true,"masksProperties":[{"inv":false,"mode":"a","pt":{"a":0,"k":{"i":[[0,0],[0,0],[0,0],[0,0],[0,0],[0,0],[0,0],[0,0]],"o":[[19,-16],[48,-43],[16,-10],[-12,-13],[-21,-7],[-10,3],[6,21],[0,0]],"v":[[536,663],[569,634],[630,583],[635,560],[601,539],[571,534],[566,547],[509,666]],"c":true}},"o":{"a":0,"k":100},"x":{"a":0,"k":0},"nm":"Masque 1"}]},{"ddd":0,"ind":0,"ty":4,"nm":"doneIcon contornos","ks":{"o":{"a":0,"k":100},"r":{"a":0,"k":0},"p":{"a":0,"k":[0,-128,0]},"a":{"a":0,"k":[0,0,0]},"s":{"a":0,"k":[100,100,100]}},"ao":0,"shapes":[{"ty":"gr","it":[{"ind":0,"ty":"sh","ks":{"a":0,"k":{"i":[[0,0],[0,0],[0,0],[0,0],[0,0]],"o":[[0,0],[0,0],[0,0],[0,0],[0,0]],"v":[[418,661],[445,685],[462,721],[476,931],[492,1003]],"c":false}},"nm":"Trazado 1","mn":"ADBE Vector Shape - Group"},{"ty":"tm","s":{"a":1,"k":[{"i":{"x":[0],"y":[0]},"o":{"x":[0],"y":[0]},"n":["0p667_1_0p333_0"],"t":16,"s":[0],"e":[100]},{"t":18}],"ix":1},"e":{"a":0,"k":0,"ix":2},"o":{"a":0,"k":0,"ix":3},"m":1,"ix":2,"nm":"Recortar trazados 1","mn":"ADBE Vector Filter - Trim"},{"ty":"st","c":{"a":0,"k":[0,0,0,1]},"o":{"a":0,"k":100},"w":{"a":0,"k":128},"lc":2,"lj":1,"ml":10,"nm":"Trazo 1","mn":"ADBE Vector Graphic - Stroke"},{"ty":"tr","p":{"a":0,"k":[0,0],"ix":2},"a":{"a":0,"k":[0,0],"ix":1},"s":{"a":0,"k":[100,100],"ix":3},"r":{"a":0,"k":0,"ix":6},"o":{"a":0,"k":100,"ix":7},"sk":{"a":0,"k":0,"ix":4},"sa":{"a":0,"k":0,"ix":5},"nm":"Transformar"}],"nm":"Grupo 1","np":3,"mn":"ADBE Vector Group"}],"ip":0,"op":66,"st":0,"bm":0,"sr":1,"hasMask":true,"masksProperties":[{"inv":false,"mode":"a","pt":{"a":0,"k":{"i":[[0,0],[0,0],[0,0],[0,0],[0,0],[0,0],[0,0],[0,0],[0,0],[0,0],[0,0],[0,0]],"o":[[-19,-13],[-7,-3],[-7,6],[1,4],[0,1],[33,78],[0,33],[10,22],[15,6],[0,-52],[-10,-150],[0,0]],"v":[[463,670],[423,651],[411,653],[412,670],[417,680],[419,684],[451,926],[466,990],[488,1017],[506,998],[501,923],[490,704]],"c":true}},"o":{"a":0,"k":100},"x":{"a":0,"k":0},"nm":"Masque 1"}]},{"ddd":0,"ind":0,"ty":4,"nm":"doneIcon contornos","ks":{"o":{"a":0,"k":100},"r":{"a":0,"k":0},"p":{"a":0,"k":[0,-128,0]},"a":{"a":0,"k":[0,0,0]},"s":{"a":0,"k":[100,100,100]}},"ao":0,"shapes":[{"ty":"gr","it":[{"ind":0,"ty":"sh","ks":{"a":0,"k":{"i":[[0,0],[0,0],[0,0],[0,0],[0,0],[0,0],[0,0],[0,0],[0,0],[0,0],[0,0]],"o":[[0,0],[0,0],[0,0],[0,0],[0,0],[0,0],[0,0],[0,0],[0,0],[0,0],[0,0]],"v":[[471,673],[497,684],[802,626],[821,630],[845,647],[856,660],[847,730],[843,845],[830,957],[811,1000],[814,1058]],"c":false}},"nm":"Trazado 1","mn":"ADBE Vector Shape - Group"},{"ty":"tm","s":{"a":1,"k":[{"i":{"x":[0],"y":[0]},"o":{"x":[0],"y":[0]},"n":["0p667_1_0p333_0"],"t":18,"s":[0],"e":[100]},{"t":20}],"ix":1},"e":{"a":0,"k":0,"ix":2},"o":{"a":0,"k":0,"ix":3},"m":1,"ix":2,"nm":"Recortar trazados 1","mn":"ADBE Vector Filter - Trim"},{"ty":"st","c":{"a":0,"k":[0,0,0,1]},"o":{"a":0,"k":100},"w":{"a":0,"k":128},"lc":2,"lj":1,"ml":10,"nm":"Trazo 1","mn":"ADBE Vector Graphic - Stroke"},{"ty":"tr","p":{"a":0,"k":[0,0],"ix":2},"a":{"a":0,"k":[0,0],"ix":1},"s":{"a":0,"k":[100,100],"ix":3},"r":{"a":0,"k":0,"ix":6},"o":{"a":0,"k":100,"ix":7},"sk":{"a":0,"k":0,"ix":4},"sa":{"a":0,"k":0,"ix":5},"nm":"Transformar"}],"nm":"Grupo 1","np":3,"mn":"ADBE Vector Group"}],"ip":0,"op":66,"st":0,"bm":0,"sr":1,"hasMask":true,"masksProperties":[{"inv":false,"mode":"a","pt":{"a":0,"k":{"i":[[0,0],[0,0],[0,0],[0,0],[0,0],[0,0],[0,0],[0,0],[0,0],[0,0],[0,0],[0,0],[0,0],[0,0],[0,0],[0,0],[0,0]],"o":[[10,25],[10,18],[16,-4],[31,-73],[4,-49],[16,-19],[-22,-21],[-19,-10],[-105,39],[-49,4],[132,10],[30,-4],[10,6],[4,124],[-1,22],[-4,3],[0,0]],"v":[[752,972],[795,1056],[815,1072],[839,1042],[876,752],[902,673],[906,640],[837,600],[786,603],[536,663],[463,670],[762,651],[804,659],[816,691],[802,937],[792,961],[765,952]],"c":true}},"o":{"a":0,"k":100},"x":{"a":0,"k":0},"nm":"Masque 1"}]},{"ddd":0,"ind":0,"ty":4,"nm":"doneIcon contornos","ks":{"o":{"a":0,"k":100},"r":{"a":0,"k":0},"p":{"a":0,"k":[0,-128,0]},"a":{"a":0,"k":[0,0,0]},"s":{"a":0,"k":[100,100,100]}},"ao":0,"shapes":[{"ty":"gr","it":[{"ind":0,"ty":"sh","ks":{"a":0,"k":{"i":[[0,0],[0,0],[0,0],[0,0],[0,0],[0,0],[0,0]],"o":[[0,0],[0,0],[0,0],[0,0],[0,0],[0,0],[0,0]],"v":[[685,692],[701,719],[660,794],[598,865],[552,901],[542,901],[538,909]],"c":false}},"nm":"Trazado 1","mn":"ADBE Vector Shape - Group"},{"ty":"tm","s":{"a":1,"k":[{"i":{"x":[0],"y":[0]},"o":{"x":[0],"y":[0]},"n":["0p667_1_0p333_0"],"t":20,"s":[0],"e":[100]},{"t":22}],"ix":1},"e":{"a":0,"k":0,"ix":2},"o":{"a":0,"k":0,"ix":3},"m":1,"ix":2,"nm":"Recortar trazados 1","mn":"ADBE Vector Filter - Trim"},{"ty":"st","c":{"a":0,"k":[0,0,0,1]},"o":{"a":0,"k":100},"w":{"a":0,"k":128},"lc":2,"lj":1,"ml":10,"nm":"Trazo 1","mn":"ADBE Vector Graphic - Stroke"},{"ty":"tr","p":{"a":0,"k":[0,0],"ix":2},"a":{"a":0,"k":[0,0],"ix":1},"s":{"a":0,"k":[100,100],"ix":3},"r":{"a":0,"k":0,"ix":6},"o":{"a":0,"k":100,"ix":7},"sk":{"a":0,"k":0,"ix":4},"sa":{"a":0,"k":0,"ix":5},"nm":"Transformar"}],"nm":"Grupo 1","np":3,"mn":"ADBE Vector Group"}],"ip":0,"op":66,"st":0,"bm":0,"sr":1,"hasMask":true,"masksProperties":[{"inv":false,"mode":"a","pt":{"a":0,"k":{"i":[[0,0],[0,0],[0,0],[0,0],[0,0],[0,0],[0,0],[0,0],[0,0],[0,0],[0,0]],"o":[[19,-25],[13,-21],[-1,-7],[-24,-24],[-7,1],[1,22],[-38,57],[-7,4],[27,0],[1,-3],[0,0]],"v":[[680,801],[725,741],[739,717],[728,701],[678,682],[673,693],[642,783],[533,907],[535,913],[648,838],[652,834]],"c":true}},"o":{"a":0,"k":100},"x":{"a":0,"k":0},"nm":"Masque 1"}]},{"ddd":0,"ind":0,"ty":4,"nm":"doneIcon contornos","ks":{"o":{"a":0,"k":100},"r":{"a":0,"k":0},"p":{"a":0,"k":[0,-128,0]},"a":{"a":0,"k":[0,0,0]},"s":{"a":0,"k":[100,100,100]}},"ao":0,"shapes":[{"ty":"gr","it":[{"ind":0,"ty":"sh","ks":{"a":0,"k":{"i":[[0,0],[0,0],[0,0],[0,0]],"o":[[0,0],[0,0],[0,0],[0,0]],"v":[[553,755],[693,833],[733,867],[745,890]],"c":false}},"nm":"Trazado 1","mn":"ADBE Vector Shape - Group"},{"ty":"tm","s":{"a":1,"k":[{"i":{"x":[0],"y":[0]},"o":{"x":[0],"y":[0]},"n":["0p667_1_0p333_0"],"t":22,"s":[0],"e":[100]},{"t":24}],"ix":1},"e":{"a":0,"k":0,"ix":2},"o":{"a":0,"k":0,"ix":3},"m":1,"ix":2,"nm":"Recortar trazados 1","mn":"ADBE Vector Filter - Trim"},{"ty":"st","c":{"a":0,"k":[0,0,0,1]},"o":{"a":0,"k":100},"w":{"a":0,"k":128},"lc":2,"lj":1,"ml":10,"nm":"Trazo 1","mn":"ADBE Vector Graphic - Stroke"},{"ty":"tr","p":{"a":0,"k":[0,0],"ix":2},"a":{"a":0,"k":[0,0],"ix":1},"s":{"a":0,"k":[100,100],"ix":3},"r":{"a":0,"k":0,"ix":6},"o":{"a":0,"k":100,"ix":7},"sk":{"a":0,"k":0,"ix":4},"sa":{"a":0,"k":0,"ix":5},"nm":"Transformar"}],"nm":"Grupo 1","np":3,"mn":"ADBE Vector Group"}],"ip":0,"op":66,"st":0,"bm":0,"sr":1,"hasMask":true,"masksProperties":[{"inv":false,"mode":"a","pt":{"a":0,"k":{"i":[[0,0],[0,0],[0,0],[0,0],[0,0],[0,0],[0,0],[0,0],[0,0]],"o":[[87,61],[4,0],[7,-10],[-12,-27],[-96,-43],[-7,-3],[1,9],[31,19],[0,0]],"v":[[652,834],[743,897],[752,890],[746,853],[680,801],[553,748],[546,753],[555,768],[623,813]],"c":true}},"o":{"a":0,"k":100},"x":{"a":0,"k":0},"nm":"Masque 1"}]},{"ddd":0,"ind":0,"ty":4,"nm":"doneIcon contornos","ks":{"o":{"a":0,"k":100},"r":{"a":0,"k":0},"p":{"a":0,"k":[0,-128,0]},"a":{"a":0,"k":[0,0,0]},"s":{"a":0,"k":[100,100,100]}},"ao":0,"shapes":[{"ty":"gr","it":[{"ind":0,"ty":"sh","ks":{"a":0,"k":{"i":[[0,0],[0,0],[0,0],[0,0],[0,0]],"o":[[0,0],[0,0],[0,0],[0,0],[0,0]],"v":[[512,990],[523,981],[589,970],[694,955],[756,953]],"c":false}},"nm":"Trazado 1","mn":"ADBE Vector Shape - Group"},{"ty":"tm","s":{"a":1,"k":[{"i":{"x":[0],"y":[0]},"o":{"x":[0],"y":[0]},"n":["0p667_1_0p333_0"],"t":24,"s":[0],"e":[100]},{"t":26}],"ix":1},"e":{"a":0,"k":0,"ix":2},"o":{"a":0,"k":0,"ix":3},"m":1,"ix":2,"nm":"Recortar trazados 1","mn":"ADBE Vector Filter - Trim"},{"ty":"st","c":{"a":0,"k":[0,0,0,1]},"o":{"a":0,"k":100},"w":{"a":0,"k":128},"lc":2,"lj":1,"ml":10,"nm":"Trazo 1","mn":"ADBE Vector Graphic - Stroke"},{"ty":"tr","p":{"a":0,"k":[0,0],"ix":2},"a":{"a":0,"k":[0,0],"ix":1},"s":{"a":0,"k":[100,100],"ix":3},"r":{"a":0,"k":0,"ix":6},"o":{"a":0,"k":100,"ix":7},"sk":{"a":0,"k":0,"ix":4},"sa":{"a":0,"k":0,"ix":5},"nm":"Transformar"}],"nm":"Grupo 1","np":3,"mn":"ADBE Vector Group"}],"ip":0,"op":66,"st":0,"bm":0,"sr":1,"hasMask":true,"masksProperties":[{"inv":false,"mode":"a","pt":{"a":0,"k":{"i":[[0,0],[0,0],[0,0],[0,0],[0,0],[0,0]],"o":[[6,0],[133,-16],[3,-33],[-24,-4],[-85,16],[0,0]],"v":[[506,998],[520,997],[752,972],[734,934],[669,938],[507,967]],"c":true}},"o":{"a":0,"k":100},"x":{"a":0,"k":0},"nm":"Masque 1"}]}]}