{"v":"4.5.7","fr":30,"ip":0,"op":180,"w":600,"h":600,"ddd":0,"assets":[],"fonts":{"list":[{"fName":"Roboto-Regular","fFamily":"Roboto","fStyle":"Regular","ascent":75}]},"layers":[{"ddd":0,"ind":0,"ty":4,"nm":"Success","ks":{"o":{"a":0,"k":100},"r":{"a":0,"k":0},"p":{"a":0,"k":[304,307.5,0]},"a":{"a":0,"k":[0,0,0]},"s":{"a":0,"k":[100,100,100]}},"ao":0,"shapes":[{"ty":"gr","it":[{"ind":0,"ty":"sh","ks":{"a":0,"k":{"i":[[0,0],[0,0],[0,0]],"o":[[0,0],[0,0],[0,0]],"v":[[-45.75,-26.25],[-11.75,7.75],[17.75,-21.75]],"c":false}},"nm":"Path 1","mn":"ADBE Vector Shape - Group"},{"ty":"tm","s":{"a":1,"k":[{"i":{"x":[0.1],"y":[1]},"o":{"x":[0.167],"y":[0.167]},"n":["0p1_1_0p167_0p167"],"t":45,"s":[0],"e":[100]},{"i":{"x":[0.67],"y":[0.67]},"o":{"x":[0.33],"y":[0.33]},"n":["0p67_0p67_0p33_0p33"],"t":55,"s":[100],"e":[100]},{"i":{"x":[0.833],"y":[0.833]},"o":{"x":[0.9],"y":[0]},"n":["0p833_0p833_0p9_0"],"t":122,"s":[100],"e":[0]},{"t":132}],"ix":1},"e":{"a":1,"k":[{"i":{"x":[0.1],"y":[1]},"o":{"x":[0.167],"y":[0.167]},"n":["0p1_1_0p167_0p167"],"t":49,"s":[0],"e":[33]},{"i":{"x":[0.67],"y":[0.67]},"o":{"x":[0.33],"y":[0.33]},"n":["0p67_0p67_0p33_0p33"],"t":59,"s":[33],"e":[33]},{"i":{"x":[0.833],"y":[0.833]},"o":{"x":[0.9],"y":[0]},"n":["0p833_0p833_0p9_0"],"t":118,"s":[33],"e":[0]},{"t":128}],"ix":2},"o":{"a":0,"k":0,"ix":3},"m":1,"ix":2,"nm":"Trim Paths 1","mn":"ADBE Vector Filter - Trim"},{"ty":"st","c":{"a":0,"k":[0.91,0.3,0.24,1]},"o":{"a":0,"k":100},"w":{"a":0,"k":8},"lc":2,"lj":1,"ml":4,"nm":"Stroke 1","mn":"ADBE Vector Graphic - Stroke"},{"ty":"tr","p":{"a":0,"k":[0,0],"ix":2},"a":{"a":0,"k":[0,0],"ix":1},"s":{"a":0,"k":[100,100],"ix":3},"r":{"a":0,"k":0,"ix":6},"o":{"a":0,"k":100,"ix":7},"sk":{"a":0,"k":0,"ix":4},"sa":{"a":0,"k":0,"ix":5},"nm":"Transform"}],"nm":"Shape 1","np":4,"mn":"ADBE Vector Group"}],"ip":46,"op":132,"st":-14,"bm":0,"sr":1},{"ddd":0,"ind":1,"ty":5,"nm":"Cancel 7","ks":{"o":{"a":1,"k":[{"i":{"x":[0.833],"y":[0.833]},"o":{"x":[0.167],"y":[0.167]},"n":["0p833_0p833_0p167_0p167"],"t":138,"s":[0],"e":[100]},{"t":142}]},"r":{"a":0,"k":0},"p":{"a":1,"k":[{"i":{"x":0.1,"y":1},"o":{"x":0.167,"y":0.167},"n":"0p1_1_0p167_0p167","t":136,"s":[300,306,0],"e":[300,300,0],"to":[0,-1,0],"ti":[0,1,0]},{"t":156}]},"a":{"a":0,"k":[0.099,-16.655,0]},"s":{"a":0,"k":[100,100,100]}},"ao":0,"hasMask":true,"masksProperties":[{"inv":false,"mode":"a","pt":{"a":0,"k":{"i":[[0,0],[0,0],[0,0],[0,0]],"o":[[0,0],[0,0],[0,0],[0,0]],"v":[[68.599,-39.738],[58.099,-39.738],[58.099,7.012],[68.599,7.012]],"c":true}},"o":{"a":0,"k":100},"x":{"a":0,"k":0},"nm":"Mask 1"}],"t":{"d":{"k":[{"s":{"s":45,"f":"Roboto-Regular","t":"Cancel","j":2,"tr":0,"lh":54,"fc":[0.91,0.3,0.24]},"t":0}]},"p":{},"m":{"g":1,"a":{"a":0,"k":[0,0]}},"a":[]},"ip":136,"op":316,"st":136,"bm":0,"sr":1},{"ddd":0,"ind":2,"ty":5,"nm":"Cancel 6","ks":{"o":{"a":1,"k":[{"i":{"x":[0.833],"y":[0.833]},"o":{"x":[0.167],"y":[0.167]},"n":["0p833_0p833_0p167_0p167"],"t":137,"s":[0],"e":[100]},{"t":141}]},"r":{"a":0,"k":0},"p":{"a":1,"k":[{"i":{"x":0.1,"y":1},"o":{"x":0.167,"y":0.167},"n":"0p1_1_0p167_0p167","t":135,"s":[300,306,0],"e":[300,300,0],"to":[0,-1,0],"ti":[0,1,0]},{"t":155}]},"a":{"a":0,"k":[0.099,-16.655,0]},"s":{"a":0,"k":[100,100,100]}},"ao":0,"hasMask":true,"masksProperties":[{"inv":false,"mode":"a","pt":{"a":0,"k":{"i":[[0,0],[0,0],[0,0],[0,0]],"o":[[0,0],[0,0],[0,0],[0,0]],"v":[[58.599,-29.988],[33.349,-29.988],[33.349,7.512],[58.599,7.512]],"c":true}},"o":{"a":0,"k":100},"x":{"a":0,"k":0},"nm":"Mask 1"}],"t":{"d":{"k":[{"s":{"s":45,"f":"Roboto-Regular","t":"Cancel","j":2,"tr":0,"lh":54,"fc":[0.91,0.3,0.24]},"t":0}]},"p":{},"m":{"g":1,"a":{"a":0,"k":[0,0]}},"a":[]},"ip":135,"op":315,"st":135,"bm":0,"sr":1},{"ddd":0,"ind":3,"ty":5,"nm":"Cancel 5","ks":{"o":{"a":1,"k":[{"i":{"x":[0.833],"y":[0.833]},"o":{"x":[0.167],"y":[0.167]},"n":["0p833_0p833_0p167_0p167"],"t":136,"s":[0],"e":[100]},{"t":140}]},"r":{"a":0,"k":0},"p":{"a":1,"k":[{"i":{"x":0.1,"y":1},"o":{"x":0.167,"y":0.167},"n":"0p1_1_0p167_0p167","t":134,"s":[300,306,0],"e":[300,300,0],"to":[0,-1,0],"ti":[0,1,0]},{"t":154}]},"a":{"a":0,"k":[0.099,-16.655,0]},"s":{"a":0,"k":[100,100,100]}},"ao":0,"hasMask":true,"masksProperties":[{"inv":false,"mode":"a","pt":{"a":0,"k":{"i":[[0,0],[0,0],[0,0],[0,0]],"o":[[0,0],[0,0],[0,0],[0,0]],"v":[[33.599,-36.238],[9.599,-36.238],[9.599,8.762],[33.599,8.762]],"c":true}},"o":{"a":0,"k":100},"x":{"a":0,"k":0},"nm":"Mask 1"}],"t":{"d":{"k":[{"s":{"s":45,"f":"Roboto-Regular","t":"Cancel","j":2,"tr":0,"lh":54,"fc":[0.91,0.3,0.24]},"t":0}]},"p":{},"m":{"g":1,"a":{"a":0,"k":[0,0]}},"a":[]},"ip":134,"op":314,"st":134,"bm":0,"sr":1},{"ddd":0,"ind":4,"ty":5,"nm":"Cancel 4","ks":{"o":{"a":1,"k":[{"i":{"x":[0.833],"y":[0.833]},"o":{"x":[0.167],"y":[0.167]},"n":["0p833_0p833_0p167_0p167"],"t":135,"s":[0],"e":[100]},{"t":139}]},"r":{"a":0,"k":0},"p":{"a":1,"k":[{"i":{"x":0.1,"y":1},"o":{"x":0.167,"y":0.167},"n":"0p1_1_0p167_0p167","t":133,"s":[300,306,0],"e":[300,300,0],"to":[0,-1,0],"ti":[0,1,0]},{"t":153}]},"a":{"a":0,"k":[0.099,-16.655,0]},"s":{"a":0,"k":[100,100,100]}},"ao":0,"hasMask":true,"masksProperties":[{"inv":false,"mode":"a","pt":{"a":0,"k":{"i":[[0,0],[0,0],[0,0],[0,0]],"o":[[0,0],[0,0],[0,0],[0,0]],"v":[[9.599,-33.238],[-13.901,-33.238],[-13.901,7.262],[9.599,7.262]],"c":true}},"o":{"a":0,"k":100},"x":{"a":0,"k":0},"nm":"Mask 1"}],"t":{"d":{"k":[{"s":{"s":45,"f":"Roboto-Regular","t":"Cancel","j":2,"tr":0,"lh":54,"fc":[0.91,0.3,0.24]},"t":0}]},"p":{},"m":{"g":1,"a":{"a":0,"k":[0,0]}},"a":[]},"ip":133,"op":313,"st":133,"bm":0,"sr":1},{"ddd":0,"ind":5,"ty":5,"nm":"Cancel 3","ks":{"o":{"a":1,"k":[{"i":{"x":[0.833],"y":[0.833]},"o":{"x":[0.167],"y":[0.167]},"n":["0p833_0p833_0p167_0p167"],"t":134,"s":[0],"e":[100]},{"t":138}]},"r":{"a":0,"k":0},"p":{"a":1,"k":[{"i":{"x":0.1,"y":1},"o":{"x":0.167,"y":0.167},"n":"0p1_1_0p167_0p167","t":132,"s":[300,306,0],"e":[300,300,0],"to":[0,-1,0],"ti":[0,1,0]},{"t":152}]},"a":{"a":0,"k":[0.099,-16.655,0]},"s":{"a":0,"k":[100,100,100]}},"ao":0,"hasMask":true,"masksProperties":[{"inv":false,"mode":"a","pt":{"a":0,"k":{"i":[[0,0],[0,0],[0,0],[0,0]],"o":[[0,0],[0,0],[0,0],[0,0]],"v":[[-14.901,-31.238],[-39.401,-31.238],[-39.401,8.762],[-14.901,8.762]],"c":true}},"o":{"a":0,"k":100},"x":{"a":0,"k":0},"nm":"Mask 1"}],"t":{"d":{"k":[{"s":{"s":45,"f":"Roboto-Regular","t":"Cancel","j":2,"tr":0,"lh":54,"fc":[0.91,0.3,0.24]},"t":0}]},"p":{},"m":{"g":1,"a":{"a":0,"k":[0,0]}},"a":[]},"ip":132,"op":312,"st":132,"bm":0,"sr":1},{"ddd":0,"ind":6,"ty":5,"nm":"Cancel 2","ks":{"o":{"a":1,"k":[{"i":{"x":[0.833],"y":[0.833]},"o":{"x":[0.167],"y":[0.167]},"n":["0p833_0p833_0p167_0p167"],"t":133,"s":[0],"e":[100]},{"t":137}]},"r":{"a":0,"k":0},"p":{"a":1,"k":[{"i":{"x":0.1,"y":1},"o":{"x":0.167,"y":0.167},"n":"0p1_1_0p167_0p167","t":131,"s":[300,306,0],"e":[300,300,0],"to":[0,-1,0],"ti":[0,1,0]},{"t":151}]},"a":{"a":0,"k":[0.099,-16.655,0]},"s":{"a":0,"k":[100,100,100]}},"ao":0,"hasMask":true,"masksProperties":[{"inv":false,"mode":"a","pt":{"a":0,"k":{"i":[[0,0],[0,0],[0,0],[0,0]],"o":[[0,0],[0,0],[0,0],[0,0]],"v":[[-36.901,-40.738],[-72.401,-40.738],[-72.401,7.762],[-36.901,7.762]],"c":true}},"o":{"a":0,"k":100},"x":{"a":0,"k":0},"nm":"Mask 1"}],"t":{"d":{"k":[{"s":{"s":45,"f":"Roboto-Regular","t":"Cancel","j":2,"tr":0,"lh":54,"fc":[0.91,0.3,0.24]},"t":0}]},"p":{},"m":{"g":1,"a":{"a":0,"k":[0,0]}},"a":[]},"ip":131,"op":311,"st":131,"bm":0,"sr":1},{"ddd":0,"ind":7,"ty":5,"nm":"Cancel","ks":{"o":{"a":1,"k":[{"i":{"x":[0.833],"y":[0.833]},"o":{"x":[0.167],"y":[0.167]},"n":["0p833_0p833_0p167_0p167"],"t":41,"s":[100],"e":[0]},{"t":45}]},"r":{"a":0,"k":0},"p":{"a":0,"k":[300,300,0]},"a":{"a":0,"k":[0.099,-16.655,0]},"s":{"a":0,"k":[100,100,100]}},"ao":0,"t":{"d":{"k":[{"s":{"s":45,"f":"Roboto-Regular","t":"Cancel","j":2,"tr":0,"lh":54,"fc":[0.91,0.3,0.24]},"t":0}]},"p":{},"m":{"g":1,"a":{"a":0,"k":[0,0]}},"a":[]},"ip":0,"op":46,"st":0,"bm":0,"sr":1},{"ddd":0,"ind":8,"ty":4,"nm":"Button","ks":{"o":{"a":0,"k":100},"r":{"a":0,"k":0},"p":{"a":0,"k":[300,300,0]},"a":{"a":0,"k":[0,0,0]},"s":{"a":0,"k":[50,50,100]}},"ao":0,"shapes":[{"ty":"gr","it":[{"ind":0,"ty":"sh","ks":{"a":1,"k":[{"i":{"x":0.1,"y":1},"o":{"x":0.9,"y":0},"n":"0p1_1_0p9_0","t":39,"s":[{"i":[[0,0],[0,51.004],[-51.004,0],[0,0],[0,-51.004],[51.005,0]],"o":[[-51.004,0],[0,-51.004],[0,0],[51.005,0],[0,51.004],[0,0]],"v":[[-272,92.5],[-364.5,0],[-272,-92.5],[272,-92.5],[364.5,0],[272,92.5]],"c":true}],"e":[{"i":[[0,0],[0,51.004],[-51.004,0],[0,0],[0,-51.004],[51.005,0]],"o":[[-51.004,0],[0,-51.004],[0,0],[51.005,0],[0,51.004],[0,0]],"v":[[0,92],[-92.5,-0.5],[0,-93],[1,-92.5],[93.5,0],[1,92.5]],"c":true}]},{"i":{"x":0.1,"y":1},"o":{"x":0.9,"y":0},"n":"0p1_1_0p9_0","t":49,"s":[{"i":[[0,0],[0,51.004],[-51.004,0],[0,0],[0,-51.004],[51.005,0]],"o":[[-51.004,0],[0,-51.004],[0,0],[51.005,0],[0,51.004],[0,0]],"v":[[0,92],[-92.5,-0.5],[0,-93],[1,-92.5],[93.5,0],[1,92.5]],"c":true}],"e":[{"i":[[0,0],[0,51.004],[-51.004,0],[0,0],[0,-51.004],[51.005,0]],"o":[[-51.004,0],[0,-51.004],[0,0],[51.005,0],[0,51.004],[0,0]],"v":[[0,92],[-92.5,-0.5],[0,-93],[1,-92.5],[93.5,0],[1,92.5]],"c":true}]},{"i":{"x":0.1,"y":1},"o":{"x":0.9,"y":0},"n":"0p1_1_0p9_0","t":129,"s":[{"i":[[0,0],[0,51.004],[-51.004,0],[0,0],[0,-51.004],[51.005,0]],"o":[[-51.004,0],[0,-51.004],[0,0],[51.005,0],[0,51.004],[0,0]],"v":[[0,92],[-92.5,-0.5],[0,-93],[1,-92.5],[93.5,0],[1,92.5]],"c":true}],"e":[{"i":[[0,0],[0,51.004],[-51.004,0],[0,0],[0,-51.004],[51.005,0]],"o":[[-51.004,0],[0,-51.004],[0,0],[51.005,0],[0,51.004],[0,0]],"v":[[-272,92.5],[-364.5,0],[-272,-92.5],[272,-92.5],[364.5,0],[272,92.5]],"c":true}]},{"t":139}]},"nm":"Path 1","mn":"ADBE Vector Shape - Group"},{"ty":"st","c":{"a":0,"k":[0.91,0.3,0.24,1]},"o":{"a":0,"k":100},"w":{"a":0,"k":16},"lc":1,"lj":1,"ml":4,"nm":"Stroke 1","mn":"ADBE Vector Graphic - Stroke"},{"ty":"tr","p":{"a":0,"k":[0,0],"ix":2},"a":{"a":0,"k":[0,0],"ix":1},"s":{"a":0,"k":[100,100],"ix":3},"r":{"a":0,"k":0,"ix":6},"o":{"a":0,"k":100,"ix":7},"sk":{"a":0,"k":0,"ix":4},"sa":{"a":0,"k":0,"ix":5},"nm":"Transform"}],"nm":"Shape 1","np":3,"mn":"ADBE Vector Group"}],"ip":0,"op":180,"st":4,"bm":0,"sr":1}],"chars":[{"ch":"C","size":45,"style":"Regular","w":65.09,"data":{"shapes":[{"ty":"gr","it":[{"ind":0,"ty":"sh","ks":{"a":0,"k":{"i":[[51.123,-22.559],[48.364,-12.589],[38.802,-6.689],[23.291,-8.97],[15.234,-24.233],[15.234,-38.846],[16.935,-53.327],[28.434,-64.404],[43.107,-63.131],[50.309,-53.923],[60.547,-48.242],[57.145,-61.531],[41.976,-72.07],[23.714,-70.728],[11.711,-61.507],[5.811,-45.67],[5.811,-32.227],[8.341,-14.079],[25.196,0.977],[47.551,-1.065],[59.668,-15.039]],"o":[[50.211,-16.7],[42.798,-7.868],[27.799,-6.689],[16.845,-18.092],[15.234,-31.955],[15.234,-47.023],[23.738,-62.189],[39.307,-64.404],[48.543,-58.037],[51.123,-48.242],[59.798,-55.696],[48.03,-69.962],[28.727,-72.07],[15.055,-65.356],[6.99,-51.481],[5.811,-39.062],[5.811,-22.136],[18.464,-2.034],[41.341,0.977],[56.893,-9.236],[60.547,-22.559]],"v":[[51.123,-22.559],[45.581,-10.229],[33.594,-6.689],[20.068,-13.531],[15.234,-31.955],[15.234,-38.846],[20.337,-57.758],[34.424,-64.404],[45.825,-60.584],[51.123,-48.242],[60.547,-48.242],[52.588,-65.747],[34.424,-72.07],[19.385,-68.042],[9.351,-56.494],[5.811,-39.062],[5.811,-32.227],[13.403,-8.057],[33.594,0.977],[52.222,-5.151],[60.547,-22.559]],"c":true}},"nm":"C","mn":"ADBE Vector Shape - Group"}],"nm":"C","np":3,"mn":"ADBE Vector Group"},{"ty":"gr","it":[{"ind":0,"ty":"sh","ks":{"a":0,"k":{"i":[[0,0],[2.783,-2.36],[5.208,0],[3.223,4.561],[0,7.722],[0,0],[-3.402,4.431],[-5.99,0],[-2.718,-2.547],[-0.814,-5.681],[0,0],[4.557,4.216],[7.552,0],[4.329,-2.686],[2.36,-5.013],[0,-6.608],[0,0],[-5.062,-6.022],[-8.398,0],[-4.671,4.086],[-0.879,7.52]],"o":[[-0.912,5.859],[-2.783,2.361],[-5.795,0],[-3.223,-4.561],[0,0],[0,-8.177],[3.401,-4.431],[4.883,0],[2.718,2.547],[0,0],[-0.749,-7.454],[-4.558,-4.215],[-5.697,0],[-4.33,2.686],[-2.361,5.013],[0,0],[0,10.091],[5.061,6.023],[7.747,0],[4.671,-4.085],[0,0]],"v":[[116.211,-22.559],[110.669,-10.229],[98.682,-6.689],[85.156,-13.531],[80.322,-31.955],[80.322,-38.846],[85.425,-57.758],[99.512,-64.404],[110.913,-60.584],[116.211,-48.242],[125.635,-48.242],[117.676,-65.747],[99.512,-72.07],[84.473,-68.042],[74.438,-56.494],[70.898,-39.062],[70.898,-32.227],[78.491,-8.057],[98.682,0.977],[117.31,-5.151],[125.635,-22.559]],"c":true}},"nm":"C","mn":"ADBE Vector Shape - Group"}],"nm":"C","np":3,"mn":"ADBE Vector Group"}]},"fFamily":"Roboto"},{"ch":"a","size":45,"style":"Regular","w":54.39,"data":{"shapes":[{"ty":"gr","it":[{"ind":0,"ty":"sh","ks":{"a":0,"k":{"i":[[48.926,0],[48.926,-0.781],[47.07,-7.503],[47.07,-36.67],[45.149,-46.199],[33.48,-53.809],[20.027,-53.092],[11.075,-48.282],[6.396,-40.821],[15.479,-38.184],[16.569,-42.464],[23.632,-46.533],[33.317,-45.597],[38.037,-39.339],[38.037,-32.031],[29.248,-32.031],[15.779,-30.509],[5.322,-20.149],[6.99,-6.388],[17.936,0.977],[33.985,-1.204],[38.932,-1.041]],"o":[[48.926,0],[47.689,-3.645],[47.07,-12.354],[46.94,-42.008],[38.248,-52.286],[23.552,-53.809],[13.614,-50.227],[7.332,-43.367],[6.396,-38.184],[15.479,-40.495],[20.93,-45.719],[30.533,-46.533],[37.093,-41.854],[38.037,-36.182],[38.037,-32.031],[21.663,-32.031],[7.414,-24.422],[5.322,-10.123],[13.663,-0.496],[28.972,0.977],[38.509,-2.896],[39.453,0]],"v":[[48.926,0],[48.926,-0.781],[47.07,-12.354],[47.07,-36.67],[41.699,-49.243],[27.393,-53.809],[16.821,-51.66],[9.204,-45.825],[6.396,-38.184],[15.479,-38.184],[18.75,-44.092],[26.855,-46.533],[35.205,-43.726],[38.037,-36.182],[38.037,-32.031],[29.248,-32.031],[11.597,-27.466],[5.322,-14.648],[10.327,-3.442],[23.145,0.977],[38.184,-5.566],[39.453,0]],"c":true}},"nm":"a","mn":"ADBE Vector Shape - Group"},{"ind":1,"ty":"sh","ks":{"a":0,"k":{"i":[[19.076,-7.682],[14.355,-13.086],[19.889,-25.635],[38.037,-25.635],[38.037,-14.795],[35.059,-10.547],[27.295,-6.885]],"o":[[15.3,-10.872],[14.355,-22.395],[30.957,-25.635],[38.037,-25.635],[36.897,-12.451],[29.981,-7.617],[21.501,-6.885]],"v":[[17.188,-9.277],[14.355,-15.918],[30.957,-25.635],[38.037,-25.635],[38.037,-14.795],[32.52,-9.082],[24.463,-6.885]],"c":true}},"nm":"a","mn":"ADBE Vector Shape - Group"}],"nm":"a","np":5,"mn":"ADBE Vector Group"},{"ty":"gr","it":[{"ind":0,"ty":"sh","ks":{"a":0,"k":{"i":[[0,0],[0,0],[0,4.851],[0,0],[3.45,3.044],[6.087,0],[3.206,-1.432],[1.871,-2.457],[0,-2.637],[0,0],[-2.181,1.628],[-3.223,0],[-1.888,-1.871],[0,-3.157],[0,0],[0,0],[4.182,-3.043],[0,-5.501],[-3.337,-2.946],[-5.209,0],[-4.199,4.362],[-0.521,-1.041]],"o":[[0,0],[-1.237,-2.864],[0,0],[-0.13,-5.338],[-3.451,-3.043],[-3.841,0],[-3.207,1.433],[-1.872,2.458],[0,0],[0,-2.311],[2.18,-1.627],[3.678,0],[1.888,1.872],[0,0],[0,0],[-7.585,0],[-4.183,3.044],[0,4.525],[3.336,2.946],[5.827,0],[0.325,2.67],[0,0]],"v":[[103.32,0],[103.32,-0.781],[101.465,-12.354],[101.465,-36.67],[96.094,-49.243],[81.787,-53.809],[71.216,-51.66],[63.599,-45.825],[60.791,-38.184],[69.873,-38.184],[73.145,-44.092],[81.25,-46.533],[89.6,-43.726],[92.432,-36.182],[92.432,-32.031],[83.643,-32.031],[65.991,-27.466],[59.717,-14.648],[64.722,-3.442],[77.539,0.977],[92.578,-5.566],[93.848,0]],"c":true}},"nm":"a","mn":"ADBE Vector Shape - Group"},{"ind":1,"ty":"sh","ks":{"a":0,"k":{"i":[[1.888,1.595],[0,2.832],[-11.068,0],[0,0],[0,0],[2.539,-1.465],[2.832,0]],"o":[[-1.888,-1.595],[0,-6.477],[0,0],[0,0],[-1.14,2.344],[-2.539,1.465],[-2.962,0]],"v":[[71.582,-9.277],[68.75,-15.918],[85.352,-25.635],[92.432,-25.635],[92.432,-14.795],[86.914,-9.082],[78.857,-6.885]],"c":true}},"nm":"a","mn":"ADBE Vector Shape - Group"},{"ty":"mm","mm":1,"nm":"Merge Paths 1","mn":"ADBE Vector Filter - Merge"}],"nm":"a","np":5,"mn":"ADBE Vector Group"}]},"fFamily":"Roboto"},{"ch":"n","size":45,"style":"Regular","w":55.18,"data":{"shapes":[{"ty":"gr","it":[{"ind":0,"ty":"sh","ks":{"a":0,"k":{"i":[[6.836,-52.832],[6.836,0],[15.869,0],[15.869,-37.646],[18.831,-42.237],[25.83,-46.143],[35.034,-45.231],[39.322,-38.77],[39.355,0],[48.389,0],[48.389,-34.912],[42.659,-53.809],[19.71,-51.269],[15.381,-52.832]],"o":[[6.836,-52.832],[6.836,0],[15.869,0],[17.106,-40.185],[23.258,-45.361],[32.373,-46.143],[38.452,-41.585],[39.355,-34.961],[39.355,0],[48.389,0],[48.291,-47.51],[24.983,-53.809],[15.674,-46.191],[15.381,-52.832]],"v":[[6.836,-52.832],[6.836,0],[15.869,0],[15.869,-37.646],[21.045,-43.799],[28.76,-46.143],[36.743,-43.408],[39.355,-34.961],[39.355,0],[48.389,0],[48.389,-34.912],[31.494,-53.809],[15.674,-46.191],[15.381,-52.832]],"c":true}},"nm":"n","mn":"ADBE Vector Shape - Group"}],"nm":"n","np":3,"mn":"ADBE Vector Group"},{"ty":"gr","it":[{"ind":0,"ty":"sh","ks":{"a":0,"k":{"i":[[0,0],[0,0],[0,0],[0,0],[-2.214,1.562],[-2.93,0],[-1.709,-1.823],[-0.033,-3.809],[0,0],[0,0],[0,0],[11.165,0],[4.036,-5.078],[0,0]],"o":[[0,0],[0,0],[0,0],[1.237,-2.539],[2.213,-1.562],[3.613,0],[1.709,1.823],[0,0],[0,0],[0,0],[-0.098,-12.598],[-6.511,0],[0,0],[0,0]],"v":[[62.012,-52.832],[62.012,0],[71.045,0],[71.045,-37.646],[76.221,-43.799],[83.936,-46.143],[91.919,-43.408],[94.531,-34.961],[94.531,0],[103.564,0],[103.564,-34.912],[86.67,-53.809],[70.85,-46.191],[70.557,-52.832]],"c":true}},"nm":"n","mn":"ADBE Vector Shape - Group"}],"nm":"n","np":3,"mn":"ADBE Vector Group"}]},"fFamily":"Roboto"},{"ch":"c","size":45,"style":"Regular","w":52.34,"data":{"shapes":[{"ty":"gr","it":[{"ind":0,"ty":"sh","ks":{"a":0,"k":{"i":[[19.791,-8.04],[13.525,-19.304],[13.525,-27.1],[14.787,-38.127],[23.389,-46.387],[34.269,-45.288],[40.218,-38.086],[49.023,-34.668],[46.671,-44.938],[33.903,-53.809],[18.986,-52.701],[9.212,-45.166],[4.492,-32.584],[4.492,-25.928],[6.616,-11.027],[20.832,0.977],[35.001,0.162],[43.977,-5.274],[48.86,-13.623],[40.479,-16.65],[38.884,-11.279],[31.25,-6.396]],"o":[[14.778,-14.616],[13.525,-25.391],[13.525,-33.35],[19.832,-44.735],[31.397,-46.387],[38.924,-40.894],[40.479,-34.668],[48.762,-40.332],[38.826,-52.034],[23.161,-53.809],[11.922,-48.274],[5.436,-37.158],[4.492,-27.441],[4.492,-17.594],[15.112,-1.424],[31.607,0.977],[41.414,-3.092],[47.818,-10.742],[49.023,-16.65],[40.218,-13.72],[34.066,-7.373],[23.372,-6.396]],"v":[[17.285,-11.328],[13.525,-25.391],[13.525,-27.1],[17.31,-41.431],[27.979,-46.387],[36.597,-43.091],[40.479,-34.668],[49.023,-34.668],[42.749,-48.486],[27.979,-53.809],[15.454,-50.488],[7.324,-41.162],[4.492,-27.441],[4.492,-25.928],[10.864,-6.226],[28.027,0.977],[38.208,-1.465],[45.898,-8.008],[49.023,-16.65],[40.479,-16.65],[36.475,-9.326],[28.027,-6.396]],"c":true}},"nm":"c","mn":"ADBE Vector Shape - Group"}],"nm":"c","np":3,"mn":"ADBE Vector Group"},{"ty":"gr","it":[{"ind":0,"ty":"sh","ks":{"a":0,"k":{"i":[[2.506,3.288],[0,6.087],[0,0],[-2.523,3.304],[-4.59,0],[-2.328,-2.197],[-0.261,-3.418],[0,0],[3.922,3.548],[5.924,0],[3.532,-2.213],[1.888,-4.004],[0,-5.143],[0,0],[-4.248,-4.801],[-7.195,0],[-3.207,1.627],[-1.921,2.734],[-0.163,3.027],[0,0],[2.409,-1.953],[3.223,0]],"o":[[-2.507,-3.288],[0,0],[0,-6.25],[2.522,-3.304],[3.418,0],[2.327,2.197],[0,0],[-0.261,-5.664],[-3.923,-3.548],[-4.818,0],[-3.532,2.214],[-1.888,4.004],[0,0],[0,8.334],[4.248,4.802],[3.58,0],[3.206,-1.627],[1.92,-2.734],[0,0],[-0.261,2.93],[-2.409,1.953],[-4.655,0]],"v":[[69.629,-11.328],[65.869,-25.391],[65.869,-27.1],[69.653,-41.431],[80.322,-46.387],[88.94,-43.091],[92.822,-34.668],[101.367,-34.668],[95.093,-48.486],[80.322,-53.809],[67.798,-50.488],[59.668,-41.162],[56.836,-27.441],[56.836,-25.928],[63.208,-6.226],[80.371,0.977],[90.552,-1.465],[98.242,-8.008],[101.367,-16.65],[92.822,-16.65],[88.818,-9.326],[80.371,-6.396]],"c":true}},"nm":"c","mn":"ADBE Vector Shape - Group"}],"nm":"c","np":3,"mn":"ADBE Vector Group"}]},"fFamily":"Roboto"},{"ch":"e","size":45,"style":"Regular","w":52.98,"data":{"shapes":[{"ty":"gr","it":[{"ind":0,"ty":"sh","ks":{"a":0,"k":{"i":[[44.255,-2.425],[43.164,-13.525],[39.567,-9.652],[32.438,-6.396],[21.053,-7.999],[13.704,-18.619],[49.365,-23.828],[49.365,-27.588],[47.461,-42.496],[34.505,-53.809],[19.538,-52.644],[9.546,-44.767],[4.541,-31.852],[4.541,-24.951],[6.787,-10.783],[21.598,0.977]],"o":[[48.682,-9.229],[41.504,-11.377],[35.14,-7.048],[24.756,-6.396],[15.226,-14.412],[13.574,-23.828],[49.365,-23.828],[49.365,-36.018],[39.843,-51.545],[23.438,-53.809],[12.345,-47.989],[5.542,-36.531],[4.541,-26.611],[4.541,-17.073],[15.771,-1.375],[37.614,0.977]],"v":[[48.682,-9.229],[43.164,-13.525],[37.354,-8.35],[29.248,-6.396],[18.14,-11.206],[13.574,-23.828],[49.365,-23.828],[49.365,-27.588],[43.652,-47.021],[27.637,-53.809],[15.942,-50.317],[7.544,-40.649],[4.541,-26.611],[4.541,-24.951],[11.279,-6.079],[28.76,0.977]],"c":true}},"nm":"e","mn":"ADBE Vector Shape - Group"},{"ind":1,"ty":"sh","ks":{"a":0,"k":{"i":[[34.407,-45.125],[40.071,-36.524],[40.332,-31.25],[13.867,-31.25],[15.983,-39.753],[23.991,-46.387]],"o":[[38.834,-40.08],[40.332,-31.934],[40.332,-31.25],[14.453,-36.035],[20.93,-45.06],[31.413,-46.387]],"v":[[36.621,-42.603],[40.332,-31.934],[40.332,-31.25],[13.867,-31.25],[18.457,-42.407],[27.637,-46.387]],"c":true}},"nm":"e","mn":"ADBE Vector Shape - Group"}],"nm":"e","np":5,"mn":"ADBE Vector Group"},{"ty":"gr","it":[{"ind":0,"ty":"sh","ks":{"a":0,"k":{"i":[[-4.427,6.804],[0,0],[2.213,-1.302],[3.19,0],[2.913,3.207],[0.13,5.209],[0,0],[0,0],[3.809,4.525],[6.868,0],[3.596,-2.327],[2.002,-4.118],[0,-5.241],[0,0],[-4.492,-4.704],[-7.162,0]],"o":[[0,0],[-1.66,2.148],[-2.214,1.302],[-4.492,0],[-2.914,-3.206],[0,0],[0,0],[0,-8.43],[-3.809,-4.524],[-4.199,0],[-3.597,2.328],[-2.002,4.118],[0,0],[0,7.878],[4.492,4.704],[8.854,0]],"v":[[101.66,-9.229],[96.143,-13.525],[90.332,-8.35],[82.227,-6.396],[71.118,-11.206],[66.553,-23.828],[102.344,-23.828],[102.344,-27.588],[96.631,-47.021],[80.615,-53.809],[68.921,-50.317],[60.522,-40.649],[57.52,-26.611],[57.52,-24.951],[64.258,-6.079],[81.738,0.977]],"c":true}},"nm":"e","mn":"ADBE Vector Shape - Group"},{"ind":1,"ty":"sh","ks":{"a":0,"k":{"i":[[-2.214,-2.522],[-0.261,-4.59],[0,0],[0,0],[-2.474,2.654],[-3.646,0]],"o":[[2.213,2.523],[0,0],[0,0],[0.586,-4.785],[2.473,-2.653],[3.776,0]],"v":[[89.6,-42.603],[93.311,-31.934],[93.311,-31.25],[66.846,-31.25],[71.436,-42.407],[80.615,-46.387]],"c":true}},"nm":"e","mn":"ADBE Vector Shape - Group"},{"ty":"mm","mm":1,"nm":"Merge Paths 1","mn":"ADBE Vector Filter - Merge"}],"nm":"e","np":5,"mn":"ADBE Vector Group"}]},"fFamily":"Roboto"},{"ch":"l","size":45,"style":"Regular","w":24.27,"data":{"shapes":[{"ty":"gr","it":[{"ind":0,"ty":"sh","ks":{"a":0,"k":{"i":[[16.65,-75],[7.617,-75],[7.617,0],[16.65,0]],"o":[[16.65,-75],[7.617,-75],[7.617,0],[16.65,0]],"v":[[16.65,-75],[7.617,-75],[7.617,0],[16.65,0]],"c":true}},"nm":"l","mn":"ADBE Vector Shape - Group"}],"nm":"l","np":3,"mn":"ADBE Vector Group"},{"ty":"gr","it":[{"ind":0,"ty":"sh","ks":{"a":0,"k":{"i":[[0,0],[0,0],[0,0],[0,0]],"o":[[0,0],[0,0],[0,0],[0,0]],"v":[[40.918,-75],[31.885,-75],[31.885,0],[40.918,0]],"c":true}},"nm":"l","mn":"ADBE Vector Shape - Group"}],"nm":"l","np":3,"mn":"ADBE Vector Group"}]},"fFamily":"Roboto"}]}