{"v":"4.5.9","fr":60,"ip":0,"op":43,"w":300,"h":300,"ddd":0,"assets":[],"layers":[{"ddd":0,"ind":0,"ty":4,"nm":"smallCircle5","ks":{"o":{"a":0,"k":100},"r":{"a":0,"k":0},"p":{"a":1,"k":[{"i":{"x":0.833,"y":0.833},"o":{"x":0.333,"y":0},"n":"0p833_0p833_0p333_0","t":1,"s":[133.426,147.301,0],"e":[51.176,133.801,0],"to":[-13.7083330154419,-2.25,0],"ti":[13.7083330154419,2.25,0]},{"t":12}]},"a":{"a":0,"k":[-32.449,76.551,0]},"s":{"a":1,"k":[{"i":{"x":[0.833,0.833,0.833],"y":[0.833,0.833,0.833]},"o":{"x":[0.167,0.167,0.167],"y":[0.167,0.167,0.167]},"n":["0p833_0p833_0p167_0p167","0p833_0p833_0p167_0p167","0p833_0p833_0p167_0p167"],"t":8,"s":[100,100,100],"e":[0,0,100]},{"t":17}]}},"ao":0,"shapes":[{"ty":"gr","it":[{"d":1,"ty":"el","s":{"a":0,"k":[7.102,7.102]},"p":{"a":0,"k":[0,0]},"nm":"Ellipse Path 1","mn":"ADBE Vector Shape - Ellipse"},{"ty":"fl","c":{"a":0,"k":[0.884,0.947,0.351,1]},"o":{"a":0,"k":100},"r":1,"nm":"Fill 1","mn":"ADBE Vector Graphic - Fill"},{"ty":"tr","p":{"a":0,"k":[-32.449,76.551],"ix":2},"a":{"a":0,"k":[0,0],"ix":1},"s":{"a":0,"k":[100,100],"ix":3},"r":{"a":0,"k":0,"ix":6},"o":{"a":0,"k":100,"ix":7},"sk":{"a":0,"k":0,"ix":4},"sa":{"a":0,"k":0,"ix":5},"nm":"Transform"}],"nm":"Ellipse 1","np":3,"mn":"ADBE Vector Group"}],"ip":0,"op":120,"st":0,"bm":0,"sr":1},{"ddd":0,"ind":1,"ty":4,"nm":"smallCircle4","ks":{"o":{"a":0,"k":100},"r":{"a":0,"k":0},"p":{"a":1,"k":[{"i":{"x":0.833,"y":0.833},"o":{"x":0.333,"y":0},"n":"0p833_0p833_0p333_0","t":1,"s":[144.676,133.926,0],"e":[143.926,63.926,0],"to":[-0.125,-11.6666669845581,0],"ti":[0.125,11.6666669845581,0]},{"t":12}]},"a":{"a":0,"k":[-32.449,76.551,0]},"s":{"a":1,"k":[{"i":{"x":[0.833,0.833,0.833],"y":[0.833,0.833,0.833]},"o":{"x":[0.167,0.167,0.167],"y":[0.167,0.167,0.167]},"n":["0p833_0p833_0p167_0p167","0p833_0p833_0p167_0p167","0p833_0p833_0p167_0p167"],"t":8,"s":[100,100,100],"e":[0,0,100]},{"t":17}]}},"ao":0,"shapes":[{"ty":"gr","it":[{"d":1,"ty":"el","s":{"a":0,"k":[7.102,7.102]},"p":{"a":0,"k":[0,0]},"nm":"Ellipse Path 1","mn":"ADBE Vector Shape - Ellipse"},{"ty":"fl","c":{"a":0,"k":[0.884,0.947,0.351,1]},"o":{"a":0,"k":100},"r":1,"nm":"Fill 1","mn":"ADBE Vector Graphic - Fill"},{"ty":"tr","p":{"a":0,"k":[-32.449,76.551],"ix":2},"a":{"a":0,"k":[0,0],"ix":1},"s":{"a":0,"k":[100,100],"ix":3},"r":{"a":0,"k":0,"ix":6},"o":{"a":0,"k":100,"ix":7},"sk":{"a":0,"k":0,"ix":4},"sa":{"a":0,"k":0,"ix":5},"nm":"Transform"}],"nm":"Ellipse 1","np":3,"mn":"ADBE Vector Group"}],"ip":0,"op":120,"st":0,"bm":0,"sr":1},{"ddd":0,"ind":2,"ty":4,"nm":"smallCircle3","ks":{"o":{"a":0,"k":100},"r":{"a":0,"k":0},"p":{"a":1,"k":[{"i":{"x":0.833,"y":0.833},"o":{"x":0.333,"y":0},"n":"0p833_0p833_0p333_0","t":1,"s":[159.551,138.051,0],"e":[253.801,111.051,0],"to":[15.7083330154419,-4.5,0],"ti":[-15.7083330154419,4.5,0]},{"t":12}]},"a":{"a":0,"k":[-32.449,76.551,0]},"s":{"a":1,"k":[{"i":{"x":[0.833,0.833,0.833],"y":[0.833,0.833,0.833]},"o":{"x":[0.167,0.167,0.167],"y":[0.167,0.167,0.167]},"n":["0p833_0p833_0p167_0p167","0p833_0p833_0p167_0p167","0p833_0p833_0p167_0p167"],"t":8,"s":[100,100,100],"e":[0,0,100]},{"t":17}]}},"ao":0,"shapes":[{"ty":"gr","it":[{"d":1,"ty":"el","s":{"a":0,"k":[7.102,7.102]},"p":{"a":0,"k":[0,0]},"nm":"Ellipse Path 1","mn":"ADBE Vector Shape - Ellipse"},{"ty":"fl","c":{"a":0,"k":[0.884,0.947,0.351,1]},"o":{"a":0,"k":100},"r":1,"nm":"Fill 1","mn":"ADBE Vector Graphic - Fill"},{"ty":"tr","p":{"a":0,"k":[-32.449,76.551],"ix":2},"a":{"a":0,"k":[0,0],"ix":1},"s":{"a":0,"k":[100,100],"ix":3},"r":{"a":0,"k":0,"ix":6},"o":{"a":0,"k":100,"ix":7},"sk":{"a":0,"k":0,"ix":4},"sa":{"a":0,"k":0,"ix":5},"nm":"Transform"}],"nm":"Ellipse 1","np":3,"mn":"ADBE Vector Group"}],"ip":0,"op":120,"st":0,"bm":0,"sr":1},{"ddd":0,"ind":3,"ty":4,"nm":"smallCircle2","ks":{"o":{"a":0,"k":100},"r":{"a":0,"k":0},"p":{"a":1,"k":[{"i":{"x":0.833,"y":0.833},"o":{"x":0.333,"y":0},"n":"0p833_0p833_0p333_0","t":1,"s":[156.926,162.301,0],"e":[206.176,223.301,0],"to":[8.20833301544189,10.1666669845581,0],"ti":[-8.20833301544189,-10.1666669845581,0]},{"t":12}]},"a":{"a":0,"k":[-32.449,76.551,0]},"s":{"a":1,"k":[{"i":{"x":[0.833,0.833,0.833],"y":[0.833,0.833,0.833]},"o":{"x":[0.167,0.167,0.167],"y":[0.167,0.167,0.167]},"n":["0p833_0p833_0p167_0p167","0p833_0p833_0p167_0p167","0p833_0p833_0p167_0p167"],"t":8,"s":[100,100,100],"e":[0,0,100]},{"t":17}]}},"ao":0,"shapes":[{"ty":"gr","it":[{"d":1,"ty":"el","s":{"a":0,"k":[7.102,7.102]},"p":{"a":0,"k":[0,0]},"nm":"Ellipse Path 1","mn":"ADBE Vector Shape - Ellipse"},{"ty":"fl","c":{"a":0,"k":[0.884,0.947,0.351,1]},"o":{"a":0,"k":100},"r":1,"nm":"Fill 1","mn":"ADBE Vector Graphic - Fill"},{"ty":"tr","p":{"a":0,"k":[-32.449,76.551],"ix":2},"a":{"a":0,"k":[0,0],"ix":1},"s":{"a":0,"k":[100,100],"ix":3},"r":{"a":0,"k":0,"ix":6},"o":{"a":0,"k":100,"ix":7},"sk":{"a":0,"k":0,"ix":4},"sa":{"a":0,"k":0,"ix":5},"nm":"Transform"}],"nm":"Ellipse 1","np":3,"mn":"ADBE Vector Group"}],"ip":0,"op":120,"st":0,"bm":0,"sr":1},{"ddd":0,"ind":4,"ty":4,"nm":"smallCircle1","ks":{"o":{"a":0,"k":100},"r":{"a":0,"k":0},"p":{"a":1,"k":[{"i":{"x":0.833,"y":0.833},"o":{"x":0.333,"y":0},"n":"0p833_0p833_0p333_0","t":1,"s":[142.301,162.676,0],"e":[77.301,231.176,0],"to":[-10.8333330154419,11.4166669845581,0],"ti":[10.8333330154419,-11.4166669845581,0]},{"t":12}]},"a":{"a":0,"k":[-32.449,76.551,0]},"s":{"a":1,"k":[{"i":{"x":[0.833,0.833,0.833],"y":[0.833,0.833,0.833]},"o":{"x":[0.167,0.167,0.167],"y":[0.167,0.167,0.167]},"n":["0p833_0p833_0p167_0p167","0p833_0p833_0p167_0p167","0p833_0p833_0p167_0p167"],"t":8,"s":[100,100,100],"e":[0,0,100]},{"t":17}]}},"ao":0,"shapes":[{"ty":"gr","it":[{"d":1,"ty":"el","s":{"a":0,"k":[7.102,7.102]},"p":{"a":0,"k":[0,0]},"nm":"Ellipse Path 1","mn":"ADBE Vector Shape - Ellipse"},{"ty":"fl","c":{"a":0,"k":[0.884,0.947,0.351,1]},"o":{"a":0,"k":100},"r":1,"nm":"Fill 1","mn":"ADBE Vector Graphic - Fill"},{"ty":"tr","p":{"a":0,"k":[-32.449,76.551],"ix":2},"a":{"a":0,"k":[0,0],"ix":1},"s":{"a":0,"k":[100,100],"ix":3},"r":{"a":0,"k":0,"ix":6},"o":{"a":0,"k":100,"ix":7},"sk":{"a":0,"k":0,"ix":4},"sa":{"a":0,"k":0,"ix":5},"nm":"Transform"}],"nm":"Ellipse 1","np":3,"mn":"ADBE Vector Group"}],"ip":0,"op":120,"st":0,"bm":0,"sr":1},{"ddd":0,"ind":5,"ty":4,"nm":"bigCircle5","ks":{"o":{"a":0,"k":100},"r":{"a":0,"k":0},"p":{"a":1,"k":[{"i":{"x":0.833,"y":0.833},"o":{"x":0.333,"y":0},"n":"0p833_0p833_0p333_0","t":1,"s":[136.6,141.6,0],"e":[64.6,142.35,0],"to":[-12,0.125,0],"ti":[12,-0.125,0]},{"t":12}]},"a":{"a":0,"k":[-72.275,38.725,0]},"s":{"a":1,"k":[{"i":{"x":[0.833,0.833,0.833],"y":[0.833,0.833,0.833]},"o":{"x":[0.167,0.167,0.167],"y":[0.167,0.167,0.167]},"n":["0p833_0p833_0p167_0p167","0p833_0p833_0p167_0p167","0p833_0p833_0p167_0p167"],"t":8,"s":[100,100,100],"e":[0,0,100]},{"t":17}]}},"ao":0,"shapes":[{"ty":"gr","it":[{"d":1,"ty":"el","s":{"a":0,"k":[3.449,3.449]},"p":{"a":0,"k":[0,0]},"nm":"Ellipse Path 1","mn":"ADBE Vector Shape - Ellipse"},{"ty":"fl","c":{"a":0,"k":[0.111,0.752,0.265,1]},"o":{"a":0,"k":100},"r":1,"nm":"Fill 1","mn":"ADBE Vector Graphic - Fill"},{"ty":"tr","p":{"a":0,"k":[-72.275,38.725],"ix":2},"a":{"a":0,"k":[0,0],"ix":1},"s":{"a":0,"k":[292.94,292.94],"ix":3},"r":{"a":0,"k":0,"ix":6},"o":{"a":0,"k":100,"ix":7},"sk":{"a":0,"k":0,"ix":4},"sa":{"a":0,"k":0,"ix":5},"nm":"Transform"}],"nm":"Ellipse 1","np":3,"mn":"ADBE Vector Group"}],"ip":0,"op":120,"st":0,"bm":0,"sr":1},{"ddd":0,"ind":6,"ty":4,"nm":"bigCircle4","ks":{"o":{"a":0,"k":100},"r":{"a":0,"k":0},"p":{"a":1,"k":[{"i":{"x":0.833,"y":0.833},"o":{"x":0.333,"y":0},"n":"0p833_0p833_0p333_0","t":1,"s":[164.1,140.1,0],"e":[235.35,127.35,0],"to":[11.875,-2.125,0],"ti":[-11.875,2.125,0]},{"t":12}]},"a":{"a":0,"k":[-72.275,38.725,0]},"s":{"a":1,"k":[{"i":{"x":[0.833,0.833,0.833],"y":[0.833,0.833,0.833]},"o":{"x":[0.167,0.167,0.167],"y":[0.167,0.167,0.167]},"n":["0p833_0p833_0p167_0p167","0p833_0p833_0p167_0p167","0p833_0p833_0p167_0p167"],"t":8,"s":[100,100,100],"e":[0,0,100]},{"t":17}]}},"ao":0,"shapes":[{"ty":"gr","it":[{"d":1,"ty":"el","s":{"a":0,"k":[3.449,3.449]},"p":{"a":0,"k":[0,0]},"nm":"Ellipse Path 1","mn":"ADBE Vector Shape - Ellipse"},{"ty":"fl","c":{"a":0,"k":[0.111,0.752,0.265,1]},"o":{"a":0,"k":100},"r":1,"nm":"Fill 1","mn":"ADBE Vector Graphic - Fill"},{"ty":"tr","p":{"a":0,"k":[-72.275,38.725],"ix":2},"a":{"a":0,"k":[0,0],"ix":1},"s":{"a":0,"k":[292.94,292.94],"ix":3},"r":{"a":0,"k":0,"ix":6},"o":{"a":0,"k":100,"ix":7},"sk":{"a":0,"k":0,"ix":4},"sa":{"a":0,"k":0,"ix":5},"nm":"Transform"}],"nm":"Ellipse 1","np":3,"mn":"ADBE Vector Group"}],"ip":0,"op":120,"st":0,"bm":0,"sr":1},{"ddd":0,"ind":7,"ty":4,"nm":"bigCircle3","ks":{"o":{"a":0,"k":100},"r":{"a":0,"k":0},"p":{"a":1,"k":[{"i":{"x":0.833,"y":0.833},"o":{"x":0.333,"y":0},"n":"0p833_0p833_0p333_0","t":1,"s":[146.225,132.1,0],"e":[138.975,83.35,0],"to":[-1.20833337306976,-8.125,0],"ti":[1.20833337306976,8.125,0]},{"t":12}]},"a":{"a":0,"k":[-72.275,38.725,0]},"s":{"a":1,"k":[{"i":{"x":[0.833,0.833,0.833],"y":[0.833,0.833,0.833]},"o":{"x":[0.167,0.167,0.167],"y":[0.167,0.167,0.167]},"n":["0p833_0p833_0p167_0p167","0p833_0p833_0p167_0p167","0p833_0p833_0p167_0p167"],"t":8,"s":[100,100,100],"e":[0,0,100]},{"t":17}]}},"ao":0,"shapes":[{"ty":"gr","it":[{"d":1,"ty":"el","s":{"a":0,"k":[3.449,3.449]},"p":{"a":0,"k":[0,0]},"nm":"Ellipse Path 1","mn":"ADBE Vector Shape - Ellipse"},{"ty":"fl","c":{"a":0,"k":[0.111,0.752,0.265,1]},"o":{"a":0,"k":100},"r":1,"nm":"Fill 1","mn":"ADBE Vector Graphic - Fill"},{"ty":"tr","p":{"a":0,"k":[-72.275,38.725],"ix":2},"a":{"a":0,"k":[0,0],"ix":1},"s":{"a":0,"k":[292.94,292.94],"ix":3},"r":{"a":0,"k":0,"ix":6},"o":{"a":0,"k":100,"ix":7},"sk":{"a":0,"k":0,"ix":4},"sa":{"a":0,"k":0,"ix":5},"nm":"Transform"}],"nm":"Ellipse 1","np":3,"mn":"ADBE Vector Group"}],"ip":0,"op":120,"st":0,"bm":0,"sr":1},{"ddd":0,"ind":8,"ty":4,"nm":"bigCircle2","ks":{"o":{"a":0,"k":100},"r":{"a":0,"k":0},"p":{"a":1,"k":[{"i":{"x":0.833,"y":0.833},"o":{"x":0.333,"y":0},"n":"0p833_0p833_0p333_0","t":1,"s":[162.85,157.475,0],"e":[183.6,210.725,0],"to":[3.45833325386047,8.875,0],"ti":[-3.45833325386047,-8.875,0]},{"t":12}]},"a":{"a":0,"k":[-72.275,38.725,0]},"s":{"a":1,"k":[{"i":{"x":[0.833,0.833,0.833],"y":[0.833,0.833,0.833]},"o":{"x":[0.167,0.167,0.167],"y":[0.167,0.167,0.167]},"n":["0p833_0p833_0p167_0p167","0p833_0p833_0p167_0p167","0p833_0p833_0p167_0p167"],"t":8,"s":[100,100,100],"e":[0,0,100]},{"t":17}]}},"ao":0,"shapes":[{"ty":"gr","it":[{"d":1,"ty":"el","s":{"a":0,"k":[3.449,3.449]},"p":{"a":0,"k":[0,0]},"nm":"Ellipse Path 1","mn":"ADBE Vector Shape - Ellipse"},{"ty":"fl","c":{"a":0,"k":[0.111,0.752,0.265,1]},"o":{"a":0,"k":100},"r":1,"nm":"Fill 1","mn":"ADBE Vector Graphic - Fill"},{"ty":"tr","p":{"a":0,"k":[-72.275,38.725],"ix":2},"a":{"a":0,"k":[0,0],"ix":1},"s":{"a":0,"k":[292.94,292.94],"ix":3},"r":{"a":0,"k":0,"ix":6},"o":{"a":0,"k":100,"ix":7},"sk":{"a":0,"k":0,"ix":4},"sa":{"a":0,"k":0,"ix":5},"nm":"Transform"}],"nm":"Ellipse 1","np":3,"mn":"ADBE Vector Group"}],"ip":0,"op":120,"st":0,"bm":0,"sr":1},{"ddd":0,"ind":9,"ty":4,"nm":"bigCircle1","ks":{"o":{"a":0,"k":100},"r":{"a":0,"k":0},"p":{"a":1,"k":[{"i":{"x":0.833,"y":0.833},"o":{"x":0.333,"y":0},"n":"0p833_0p833_0p333_0","t":1,"s":[139.475,156.85,0],"e":[89.975,210.1,0],"to":[-8.25,8.875,0],"ti":[8.25,-8.875,0]},{"t":12}]},"a":{"a":0,"k":[-72.275,38.725,0]},"s":{"a":1,"k":[{"i":{"x":[0.833,0.833,0.833],"y":[0.833,0.833,0.833]},"o":{"x":[0.167,0.167,0.167],"y":[0.167,0.167,0.167]},"n":["0p833_0p833_0p167_0p167","0p833_0p833_0p167_0p167","0p833_0p833_0p167_0p167"],"t":8,"s":[100,100,100],"e":[0,0,100]},{"t":17}]}},"ao":0,"shapes":[{"ty":"gr","it":[{"d":1,"ty":"el","s":{"a":0,"k":[3.449,3.449]},"p":{"a":0,"k":[0,0]},"nm":"Ellipse Path 1","mn":"ADBE Vector Shape - Ellipse"},{"ty":"fl","c":{"a":0,"k":[0.111,0.752,0.265,1]},"o":{"a":0,"k":100},"r":1,"nm":"Fill 1","mn":"ADBE Vector Graphic - Fill"},{"ty":"tr","p":{"a":0,"k":[-72.275,38.725],"ix":2},"a":{"a":0,"k":[0,0],"ix":1},"s":{"a":0,"k":[292.94,292.94],"ix":3},"r":{"a":0,"k":0,"ix":6},"o":{"a":0,"k":100,"ix":7},"sk":{"a":0,"k":0,"ix":4},"sa":{"a":0,"k":0,"ix":5},"nm":"Transform"}],"nm":"Ellipse 1","np":3,"mn":"ADBE Vector Group"}],"ip":0,"op":120,"st":0,"bm":0,"sr":1},{"ddd":0,"ind":10,"ty":4,"nm":"check","ks":{"o":{"a":1,"k":[{"i":{"x":[0.833],"y":[0.833]},"o":{"x":[0.167],"y":[0.167]},"n":["0p833_0p833_0p167_0p167"],"t":1,"s":[0],"e":[100]},{"t":18}]},"r":{"a":1,"k":[{"i":{"x":[0.66],"y":[2.045]},"o":{"x":[0.167],"y":[0.167]},"n":["0p66_2p045_0p167_0p167"],"t":1,"s":[-164],"e":[0]},{"i":{"x":[0.074],"y":[0.984]},"o":{"x":[0],"y":[0]},"n":["0p074_0p984_0_0"],"t":18,"s":[0],"e":[-36.525]},{"i":{"x":[0.833],"y":[1]},"o":{"x":[0.666],"y":[-0.009]},"n":["0p833_1_0p666_-0p009"],"t":23,"s":[-36.525],"e":[18.356]},{"i":{"x":[0.57],"y":[0.989]},"o":{"x":[0.167],"y":[0]},"n":["0p57_0p989_0p167_0"],"t":29,"s":[18.356],"e":[-13.643]},{"i":{"x":[0.57],"y":[1.046]},"o":{"x":[0.427],"y":[-0.031]},"n":["0p57_1p046_0p427_-0p031"],"t":34,"s":[-13.643],"e":[0]},{"t":40}]},"p":{"a":0,"k":[150,150,0]},"a":{"a":0,"k":[-5.5,-5.5,0]},"s":{"a":1,"k":[{"i":{"x":[0.842,0.842,0.833],"y":[1.621,1.621,0.833]},"o":{"x":[0.167,0.167,0.167],"y":[0.167,0.167,0.167]},"n":["0p842_1p621_0p167_0p167","0p842_1p621_0p167_0p167","0p833_0p833_0p167_0p167"],"t":1,"s":[30,30,100],"e":[100,100,100]},{"i":{"x":[0.349,0.349,0.833],"y":[1.018,1.018,0.833]},"o":{"x":[0,0,0],"y":[0,0,0]},"n":["0p349_1p018_0_0","0p349_1p018_0_0","0p833_0p833_0_0"],"t":18,"s":[100,100,100],"e":[92.786,92.786,100]},{"i":{"x":[0.783,0.783,0.833],"y":[2.448,2.448,0.833]},"o":{"x":[0.671,0.671,0.167],"y":[0.024,0.024,0.167]},"n":["0p783_2p448_0p671_0p024","0p783_2p448_0p671_0p024","0p833_0p833_0p167_0p167"],"t":25,"s":[92.786,92.786,100],"e":[100,100,100]},{"t":34}]}},"ao":0,"shapes":[{"ty":"gr","it":[{"ind":0,"ty":"sh","ks":{"a":0,"k":{"i":[[0,0],[0,0],[0,0]],"o":[[0,0],[0,0],[0,0]],"v":[[-60,6],[-17,31],[49,-42]],"c":false}},"nm":"Path 1","mn":"ADBE Vector Shape - Group"},{"ty":"st","c":{"a":0,"k":[0.05,0.465,0.012,1]},"o":{"a":0,"k":100},"w":{"a":0,"k":20},"lc":1,"lj":1,"ml":4,"nm":"Stroke 1","mn":"ADBE Vector Graphic - Stroke"},{"ty":"tr","p":{"a":0,"k":[0,0],"ix":2},"a":{"a":0,"k":[0,0],"ix":1},"s":{"a":0,"k":[100,100],"ix":3},"r":{"a":0,"k":0,"ix":6},"o":{"a":0,"k":100,"ix":7},"sk":{"a":0,"k":0,"ix":4},"sa":{"a":0,"k":0,"ix":5},"nm":"Transform"}],"nm":"Shape 1","np":3,"mn":"ADBE Vector Group"}],"ip":0,"op":120,"st":0,"bm":0,"sr":1}]}