{"v":"4.6.0","fr":60,"ip":0,"op":241,"w":1080,"h":1080,"nm":"LOADER 60fps","ddd":0,"assets":[],"layers":[{"ddd":0,"ind":1,"ty":4,"nm":"small cube","parent":2,"ks":{"o":{"a":0,"k":100},"r":{"a":1,"k":[{"i":{"x":[0.9],"y":[1]},"o":{"x":[0.8],"y":[0]},"n":["0p9_1_0p8_0"],"t":-30,"s":[0],"e":[360]},{"i":{"x":[0.667],"y":[0.667]},"o":{"x":[0.333],"y":[0.333]},"n":["0p667_0p667_0p333_0p333"],"t":0,"s":[360],"e":[360]},{"i":{"x":[0.9],"y":[1]},"o":{"x":[0.8],"y":[0]},"n":["0p9_1_0p8_0"],"t":30,"s":[360],"e":[720]},{"i":{"x":[0.667],"y":[0.667]},"o":{"x":[0.333],"y":[0.333]},"n":["0p667_0p667_0p333_0p333"],"t":60,"s":[720],"e":[720]},{"i":{"x":[0.9],"y":[1]},"o":{"x":[0.8],"y":[0]},"n":["0p9_1_0p8_0"],"t":90,"s":[720],"e":[1080]},{"i":{"x":[0.667],"y":[0.667]},"o":{"x":[0.333],"y":[0.333]},"n":["0p667_0p667_0p333_0p333"],"t":120,"s":[1080],"e":[1080]},{"i":{"x":[0.9],"y":[1]},"o":{"x":[0.8],"y":[0]},"n":["0p9_1_0p8_0"],"t":150,"s":[1080],"e":[1440]},{"i":{"x":[0.667],"y":[0.667]},"o":{"x":[0.167],"y":[0.167]},"n":["0p667_0p667_0p167_0p167"],"t":180,"s":[1440],"e":[1440]},{"i":{"x":[0.667],"y":[1]},"o":{"x":[0.8],"y":[0]},"n":["0p667_1_0p8_0"],"t":210,"s":[1440],"e":[1800]},{"t":240}]},"p":{"a":0,"k":[0,0,0]},"a":{"a":0,"k":[0,0,0]},"s":{"a":0,"k":[100,100,100]}},"ao":0,"shapes":[{"ty":"gr","it":[{"ty":"rc","d":1,"s":{"a":0,"k":[50,50]},"p":{"a":0,"k":[0,0]},"r":{"a":0,"k":0},"nm":"Rectangle Path 1","mn":"ADBE Vector Shape - Rect"},{"ty":"fl","c":{"a":0,"k":[1,1,1,1]},"o":{"a":0,"k":100},"r":1,"nm":"Fill 1","mn":"ADBE Vector Graphic - Fill"},{"ty":"tr","p":{"a":0,"k":[0,0],"ix":2},"a":{"a":0,"k":[-25,25],"ix":1},"s":{"a":0,"k":[100,100],"ix":3},"r":{"a":0,"k":0,"ix":6},"o":{"a":0,"k":100,"ix":7},"sk":{"a":0,"k":0,"ix":4},"sa":{"a":0,"k":0,"ix":5},"nm":"Transform"}],"nm":"Rectangle 1","np":3,"mn":"ADBE Vector Group"}],"ip":0,"op":241,"st":-30,"bm":0,"sr":1},{"ddd":0,"ind":2,"ty":4,"nm":"big cube","ks":{"o":{"a":0,"k":100},"r":{"a":1,"k":[{"i":{"x":[0.67],"y":[1]},"o":{"x":[1],"y":[0]},"n":["0p67_1_1_0"],"t":0,"s":[-90],"e":[0]},{"i":{"x":[0.667],"y":[0.667]},"o":{"x":[0],"y":[0]},"n":["0p667_0p667_0_0"],"t":30,"s":[0],"e":[0]},{"i":{"x":[0.67],"y":[1]},"o":{"x":[1],"y":[0]},"n":["0p67_1_1_0"],"t":60,"s":[0],"e":[90]},{"i":{"x":[0.667],"y":[0.667]},"o":{"x":[0],"y":[0]},"n":["0p667_0p667_0_0"],"t":90,"s":[90],"e":[90]},{"i":{"x":[0.67],"y":[1]},"o":{"x":[1],"y":[0]},"n":["0p67_1_1_0"],"t":120,"s":[90],"e":[180]},{"i":{"x":[0.667],"y":[0.667]},"o":{"x":[0],"y":[0]},"n":["0p667_0p667_0_0"],"t":150,"s":[180],"e":[180]},{"i":{"x":[0.67],"y":[1]},"o":{"x":[1],"y":[0]},"n":["0p67_1_1_0"],"t":180,"s":[180],"e":[270]},{"t":210}]},"p":{"a":0,"k":[540,540,0]},"a":{"a":0,"k":[0,0,0]},"s":{"a":1,"k":[{"i":{"x":[0.2,0.2,0.667],"y":[1,1,0.667]},"o":{"x":[0.167,0.167,0.167],"y":[0.167,0.167,0.167]},"n":["0p2_1_0p167_0p167","0p2_1_0p167_0p167","0p667_0p667_0p167_0p167"],"t":30,"s":[100,100,100],"e":[75,75,100]},{"i":{"x":[0.833,0.833,0.833],"y":[0.833,0.833,0.833]},"o":{"x":[0.167,0.167,0.167],"y":[0.167,0.167,0.167]},"n":["0p833_0p833_0p167_0p167","0p833_0p833_0p167_0p167","0p833_0p833_0p167_0p167"],"t":60,"s":[75,75,100],"e":[75,75,100]},{"i":{"x":[0.2,0.2,0.667],"y":[1,1,0.667]},"o":{"x":[0.167,0.167,0.167],"y":[0.167,0.167,0.167]},"n":["0p2_1_0p167_0p167","0p2_1_0p167_0p167","0p667_0p667_0p167_0p167"],"t":90,"s":[75,75,100],"e":[50,50,100]},{"i":{"x":[0.833,0.833,0.833],"y":[0.833,0.833,0.833]},"o":{"x":[0.333,0.333,0.333],"y":[0.333,0.333,0.333]},"n":["0p833_0p833_0p333_0p333","0p833_0p833_0p333_0p333","0p833_0p833_0p333_0p333"],"t":120,"s":[50,50,100],"e":[50,50,100]},{"i":{"x":[0.2,0.2,0.667],"y":[1,1,0.667]},"o":{"x":[0.167,0.167,0.167],"y":[0.167,0.167,0.167]},"n":["0p2_1_0p167_0p167","0p2_1_0p167_0p167","0p667_0p667_0p167_0p167"],"t":150,"s":[50,50,100],"e":[25,25,100]},{"i":{"x":[0.667,0.667,0.667],"y":[0.667,0.667,0.667]},"o":{"x":[0.333,0.333,0.333],"y":[0.333,0.333,0.333]},"n":["0p667_0p667_0p333_0p333","0p667_0p667_0p333_0p333","0p667_0p667_0p333_0p333"],"t":180,"s":[25,25,100],"e":[25,25,100]},{"i":{"x":[0.2,0.2,0.667],"y":[1,1,0.667]},"o":{"x":[0.333,0.333,0.333],"y":[0,0,0.333]},"n":["0p2_1_0p333_0","0p2_1_0p333_0","0p667_0p667_0p333_0p333"],"t":210,"s":[25,25,100],"e":[100,100,100]},{"t":240}]}},"ao":0,"shapes":[{"ty":"gr","it":[{"ty":"rc","d":1,"s":{"a":0,"k":[100,100]},"p":{"a":0,"k":[0,0]},"r":{"a":0,"k":0},"nm":"Rectangle Path 1","mn":"ADBE Vector Shape - Rect"},{"ty":"fl","c":{"a":0,"k":[0.1921569,0.1921569,0.1921569,1]},"o":{"a":0,"k":100},"r":1,"nm":"Fill 1","mn":"ADBE Vector Graphic - Fill"},{"ty":"tr","p":{"a":0,"k":[0,0],"ix":2},"a":{"a":0,"k":[-50,50],"ix":1},"s":{"a":0,"k":[100,100],"ix":3},"r":{"a":0,"k":0,"ix":6},"o":{"a":0,"k":100,"ix":7},"sk":{"a":0,"k":0,"ix":4},"sa":{"a":0,"k":0,"ix":5},"nm":"Transform"}],"nm":"Rectangle 1","np":3,"mn":"ADBE Vector Group"}],"ip":0,"op":241,"st":-30,"bm":0,"sr":1},{"ddd":0,"ind":3,"ty":4,"nm":"big cube 5","ks":{"o":{"a":0,"k":100},"r":{"a":0,"k":180},"p":{"a":0,"k":[540,540,0]},"a":{"a":0,"k":[0,0,0]},"s":{"a":1,"k":[{"i":{"x":[0.2,0.2,0.667],"y":[1,1,0.667]},"o":{"x":[1,1,0.333],"y":[0,0,0.333]},"n":["0p2_1_1_0","0p2_1_1_0","0p667_0p667_0p333_0p333"],"t":185,"s":[0,0,100],"e":[100,100,100]},{"i":{"x":[0.667,0.667,0.667],"y":[1,1,0.667]},"o":{"x":[0.8,0.8,0.167],"y":[0,0,0.167]},"n":["0p667_1_0p8_0","0p667_1_0p8_0","0p667_0p667_0p167_0p167"],"t":215,"s":[100,100,100],"e":[0,0,100]},{"t":230}]}},"ao":0,"shapes":[{"ty":"gr","it":[{"ty":"rc","d":1,"s":{"a":0,"k":[100,100]},"p":{"a":0,"k":[0,0]},"r":{"a":0,"k":0},"nm":"Rectangle Path 1","mn":"ADBE Vector Shape - Rect"},{"ty":"fl","c":{"a":0,"k":[0.6310202,0.627608,0.627608,1]},"o":{"a":0,"k":100},"r":1,"nm":"Fill 1","mn":"ADBE Vector Graphic - Fill"},{"ty":"tr","p":{"a":0,"k":[0,0],"ix":2},"a":{"a":0,"k":[-50,50],"ix":1},"s":{"a":0,"k":[100,100],"ix":3},"r":{"a":0,"k":0,"ix":6},"o":{"a":0,"k":100,"ix":7},"sk":{"a":0,"k":0,"ix":4},"sa":{"a":0,"k":0,"ix":5},"nm":"Transform"}],"nm":"Rectangle 1","np":3,"mn":"ADBE Vector Group"}],"ip":180,"op":241,"st":180,"bm":0,"sr":1},{"ddd":0,"ind":4,"ty":4,"nm":"big cube 4","ks":{"o":{"a":0,"k":100},"r":{"a":0,"k":90},"p":{"a":0,"k":[540,540,0]},"a":{"a":0,"k":[0,0,0]},"s":{"a":1,"k":[{"i":{"x":[0.2,0.2,0.667],"y":[1,1,0.667]},"o":{"x":[1,1,0.333],"y":[0,0,0.333]},"n":["0p2_1_1_0","0p2_1_1_0","0p667_0p667_0p333_0p333"],"t":125,"s":[0,0,100],"e":[100,100,100]},{"i":{"x":[0.833,0.833,0.833],"y":[0.833,0.833,0.833]},"o":{"x":[0.167,0.167,0.167],"y":[0,0,0.167]},"n":["0p833_0p833_0p167_0","0p833_0p833_0p167_0","0p833_0p833_0p167_0p167"],"t":155,"s":[100,100,100],"e":[0,0,100]},{"t":220}]}},"ao":0,"shapes":[{"ty":"gr","it":[{"ty":"rc","d":1,"s":{"a":0,"k":[100,100]},"p":{"a":0,"k":[0,0]},"r":{"a":0,"k":0},"nm":"Rectangle Path 1","mn":"ADBE Vector Shape - Rect"},{"ty":"fl","c":{"a":0,"k":[0.6310202,0.627608,0.627608,1]},"o":{"a":0,"k":100},"r":1,"nm":"Fill 1","mn":"ADBE Vector Graphic - Fill"},{"ty":"tr","p":{"a":0,"k":[0,0],"ix":2},"a":{"a":0,"k":[-50,50],"ix":1},"s":{"a":0,"k":[100,100],"ix":3},"r":{"a":0,"k":0,"ix":6},"o":{"a":0,"k":100,"ix":7},"sk":{"a":0,"k":0,"ix":4},"sa":{"a":0,"k":0,"ix":5},"nm":"Transform"}],"nm":"Rectangle 1","np":3,"mn":"ADBE Vector Group"}],"ip":120,"op":241,"st":120,"bm":0,"sr":1},{"ddd":0,"ind":5,"ty":4,"nm":"big cube 3","ks":{"o":{"a":0,"k":100},"r":{"a":0,"k":0},"p":{"a":0,"k":[540,540,0]},"a":{"a":0,"k":[0,0,0]},"s":{"a":1,"k":[{"i":{"x":[0.2,0.2,0.667],"y":[1,1,0.667]},"o":{"x":[1,1,0.333],"y":[0,0,0.333]},"n":["0p2_1_1_0","0p2_1_1_0","0p667_0p667_0p333_0p333"],"t":65,"s":[0,0,100],"e":[100,100,100]},{"i":{"x":[0.833,0.833,0.833],"y":[0.833,0.833,0.833]},"o":{"x":[0.167,0.167,0.167],"y":[0,0,0.167]},"n":["0p833_0p833_0p167_0","0p833_0p833_0p167_0","0p833_0p833_0p167_0p167"],"t":95,"s":[100,100,100],"e":[0,0,100]},{"t":210}]}},"ao":0,"shapes":[{"ty":"gr","it":[{"ty":"rc","d":1,"s":{"a":0,"k":[100,100]},"p":{"a":0,"k":[0,0]},"r":{"a":0,"k":0},"nm":"Rectangle Path 1","mn":"ADBE Vector Shape - Rect"},{"ty":"fl","c":{"a":0,"k":[0.6310202,0.627608,0.627608,1]},"o":{"a":0,"k":100},"r":1,"nm":"Fill 1","mn":"ADBE Vector Graphic - Fill"},{"ty":"tr","p":{"a":0,"k":[0,0],"ix":2},"a":{"a":0,"k":[-50,50],"ix":1},"s":{"a":0,"k":[100,100],"ix":3},"r":{"a":0,"k":0,"ix":6},"o":{"a":0,"k":100,"ix":7},"sk":{"a":0,"k":0,"ix":4},"sa":{"a":0,"k":0,"ix":5},"nm":"Transform"}],"nm":"Rectangle 1","np":3,"mn":"ADBE Vector Group"}],"ip":60,"op":241,"st":60,"bm":0,"sr":1},{"ddd":0,"ind":6,"ty":4,"nm":"big cube 2","ks":{"o":{"a":0,"k":100},"r":{"a":0,"k":-90},"p":{"a":0,"k":[540,540,0]},"a":{"a":0,"k":[0,0,0]},"s":{"a":1,"k":[{"i":{"x":[0.2,0.2,0.667],"y":[1,1,0.667]},"o":{"x":[1,1,0.333],"y":[0,0,0.333]},"n":["0p2_1_1_0","0p2_1_1_0","0p667_0p667_0p333_0p333"],"t":5,"s":[0,0,100],"e":[100,100,100]},{"i":{"x":[0.833,0.833,0.833],"y":[0.833,0.833,0.833]},"o":{"x":[0.167,0.167,0.167],"y":[0,0,0.167]},"n":["0p833_0p833_0p167_0","0p833_0p833_0p167_0","0p833_0p833_0p167_0p167"],"t":35,"s":[100,100,100],"e":[0,0,100]},{"t":200}]}},"ao":0,"shapes":[{"ty":"gr","it":[{"ty":"rc","d":1,"s":{"a":0,"k":[100,100]},"p":{"a":0,"k":[0,0]},"r":{"a":0,"k":0},"nm":"Rectangle Path 1","mn":"ADBE Vector Shape - Rect"},{"ty":"fl","c":{"a":0,"k":[0.6310202,0.627608,0.627608,1]},"o":{"a":0,"k":100},"r":1,"nm":"Fill 1","mn":"ADBE Vector Graphic - Fill"},{"ty":"tr","p":{"a":0,"k":[0,0],"ix":2},"a":{"a":0,"k":[-50,50],"ix":1},"s":{"a":0,"k":[100,100],"ix":3},"r":{"a":0,"k":0,"ix":6},"o":{"a":0,"k":100,"ix":7},"sk":{"a":0,"k":0,"ix":4},"sa":{"a":0,"k":0,"ix":5},"nm":"Transform"}],"nm":"Rectangle 1","np":3,"mn":"ADBE Vector Group"}],"ip":0,"op":241,"st":0,"bm":0,"sr":1},{"ddd":0,"ind":7,"ty":4,"nm":"bg","ks":{"o":{"a":0,"k":100},"r":{"a":0,"k":0},"p":{"a":0,"k":[540,540,0]},"a":{"a":0,"k":[0,0,0]},"s":{"a":0,"k":[100,100,100]}},"ao":0,"shapes":[{"ty":"gr","it":[{"ty":"rc","d":1,"s":{"a":0,"k":[1080,1080]},"p":{"a":0,"k":[0,0]},"r":{"a":0,"k":0},"nm":"Rectangle Path 1","mn":"ADBE Vector Shape - Rect"},{"ty":"fl","c":{"a":0,"k":[0.8588235,0.8588235,0.8588235,1]},"o":{"a":0,"k":100},"r":1,"nm":"Fill 1","mn":"ADBE Vector Graphic - Fill"},{"ty":"tr","p":{"a":0,"k":[0,0],"ix":2},"a":{"a":0,"k":[0,0],"ix":1},"s":{"a":0,"k":[100,100],"ix":3},"r":{"a":0,"k":0,"ix":6},"o":{"a":0,"k":100,"ix":7},"sk":{"a":0,"k":0,"ix":4},"sa":{"a":0,"k":0,"ix":5},"nm":"Transform"}],"nm":"Rectangle 1","np":3,"mn":"ADBE Vector Group"}],"ip":0,"op":241,"st":-30,"bm":0,"sr":1}]}