{"v":"4.6.0","fr":29.9700012207031,"ip":15.0000006109625,"op":264.00001075294,"w":522,"h":586,"nm":"screen_animation","ddd":0,"assets":[{"id":"comp_0","layers":[{"ddd":0,"ind":1,"ty":4,"nm":"\rani_page_5_color","ks":{"o":{"a":0,"k":100},"r":{"a":0,"k":0},"p":{"a":0,"k":[82,106,0]},"a":{"a":0,"k":[82,111,0]},"s":{"a":0,"k":[100,100,100]}},"ao":0,"shapes":[{"ind":0,"ty":"sh","ks":{"a":0,"k":{"i":[[0,0],[0,0],[0,0],[0,0]],"o":[[0,0],[0,0],[0,0],[0,0]],"v":[[98.174,40.324],[29.889,40.324],[29.889,34.861],[98.174,34.861]],"c":true}},"nm":"\rpage_5_txt1","mn":"ADBE Vector Shape - Group"},{"ind":1,"ty":"sh","ks":{"a":0,"k":{"i":[[0,0],[0,0],[0,0],[0,0]],"o":[[0,0],[0,0],[0,0],[0,0]],"v":[[98.174,57.396],[29.889,57.396],[29.889,51.933],[98.174,51.933]],"c":true}},"nm":"Mask 2","mn":"ADBE Vector Shape - Group"},{"ind":2,"ty":"sh","ks":{"a":0,"k":{"i":[[0,0],[0,0],[0,0],[0,0]],"o":[[0,0],[0,0],[0,0],[0,0]],"v":[[134.111,102.409],[30.316,102.409],[30.316,96.946],[134.111,96.946]],"c":true}},"nm":"Mask 3","mn":"ADBE Vector Shape - Group"},{"ind":3,"ty":"sh","ks":{"a":0,"k":{"i":[[0,0],[0,0],[0,0],[0,0]],"o":[[0,0],[0,0],[0,0],[0,0]],"v":[[134.111,119.508],[30.316,119.508],[30.316,114.045],[134.111,114.045]],"c":true}},"nm":"Mask 4","mn":"ADBE Vector Shape - Group"},{"ind":4,"ty":"sh","ks":{"a":0,"k":{"i":[[0,0],[0,0],[0,0],[0,0]],"o":[[0,0],[0,0],[0,0],[0,0]],"v":[[134.111,136.607],[30.316,136.607],[30.316,131.144],[134.111,131.144]],"c":true}},"nm":"Mask 5","mn":"ADBE Vector Shape - Group"},{"ind":5,"ty":"sh","ks":{"a":0,"k":{"i":[[0,0],[0,0],[0,0],[0,0]],"o":[[0,0],[0,0],[0,0],[0,0]],"v":[[134.111,170.04],[30.316,170.04],[30.316,164.577],[134.111,164.577]],"c":true}},"nm":"Mask 6","mn":"ADBE Vector Shape - Group"},{"ind":6,"ty":"sh","ks":{"a":0,"k":{"i":[[0,0],[0,0],[0,0],[0,0]],"o":[[0,0],[0,0],[0,0],[0,0]],"v":[[134.111,187.139],[30.316,187.139],[30.316,181.676],[134.111,181.676]],"c":true}},"nm":"Mask 7","mn":"ADBE Vector Shape - Group"},{"ty":"fl","c":{"a":0,"k":[1,1,1,1]},"o":{"a":0,"k":100},"r":1,"nm":"Fill 1","mn":"ADBE Vector Graphic - Fill"}],"ip":0,"op":899.100036621094,"st":0,"bm":0,"sr":1},{"ddd":0,"ind":2,"ty":4,"nm":"\rani_page_5_bg","ks":{"o":{"a":0,"k":100},"r":{"a":0,"k":0},"p":{"a":0,"k":[82,111,0]},"a":{"a":0,"k":[82,111,0]},"s":{"a":0,"k":[100,100,100]}},"ao":0,"shapes":[{"ind":0,"ty":"sh","ks":{"a":0,"k":{"i":[[0,0],[0,0],[0,0],[0,0]],"o":[[0,0],[0,0],[0,0],[0,0]],"v":[[0,0],[0,222],[164,222],[164,0]],"c":true}},"nm":"\rpage_5_bg","mn":"ADBE Vector Shape - Group"},{"ty":"fl","c":{"a":0,"k":[0.7764706,0.7764706,0.7764706,1]},"o":{"a":0,"k":100},"r":1,"nm":"Fill 1","mn":"ADBE Vector Graphic - Fill"}],"ip":0,"op":899.100036621094,"st":0,"bm":0,"sr":1}]},{"id":"comp_1","layers":[{"ddd":0,"ind":1,"ty":4,"nm":"\rani_page_4_color","ks":{"o":{"a":0,"k":100},"r":{"a":0,"k":0},"p":{"a":0,"k":[82,111,0]},"a":{"a":0,"k":[82,111,0]},"s":{"a":0,"k":[100,100,100]}},"ao":0,"shapes":[{"ind":0,"ty":"sh","ks":{"a":0,"k":{"i":[[0,0],[0,0],[0,0],[0,0]],"o":[[0,0],[0,0],[0,0],[0,0]],"v":[[96.673,31.658],[28.339,31.658],[28.339,26.108],[96.673,26.108]],"c":true}},"nm":"Mask 1","mn":"ADBE Vector Shape - Group"},{"ind":1,"ty":"sh","ks":{"a":0,"k":{"i":[[0,0],[0,0],[0,0],[0,0]],"o":[[0,0],[0,0],[0,0],[0,0]],"v":[[96.673,49.002],[28.339,49.002],[28.339,43.452],[96.673,43.452]],"c":true}},"nm":"Mask 2","mn":"ADBE Vector Shape - Group"},{"ind":2,"ty":"sh","ks":{"a":0,"k":{"i":[[0,0],[0,0],[0,0],[0,0]],"o":[[0,0],[0,0],[0,0],[0,0]],"v":[[132.634,94.733],[28.768,94.733],[28.768,89.184],[132.634,89.184]],"c":true}},"nm":"Mask 3","mn":"ADBE Vector Shape - Group"},{"ind":3,"ty":"sh","ks":{"a":0,"k":{"i":[[0,0],[0,0],[0,0],[0,0]],"o":[[0,0],[0,0],[0,0],[0,0]],"v":[[132.634,112.105],[28.768,112.105],[28.768,106.555],[132.634,106.555]],"c":true}},"nm":"Mask 4","mn":"ADBE Vector Shape - Group"},{"ind":4,"ty":"sh","ks":{"a":0,"k":{"i":[[0,0],[0,0],[0,0],[0,0]],"o":[[0,0],[0,0],[0,0],[0,0]],"v":[[132.634,129.477],[28.768,129.477],[28.768,123.927],[132.634,123.927]],"c":true}},"nm":"Mask 5","mn":"ADBE Vector Shape - Group"},{"ind":5,"ty":"sh","ks":{"a":0,"k":{"i":[[0,0],[0,0],[0,0],[0,0]],"o":[[0,0],[0,0],[0,0],[0,0]],"v":[[132.634,163.443],[28.768,163.443],[28.768,157.893],[132.634,157.893]],"c":true}},"nm":"Mask 6","mn":"ADBE Vector Shape - Group"},{"ind":6,"ty":"sh","ks":{"a":0,"k":{"i":[[0,0],[0,0],[0,0],[0,0]],"o":[[0,0],[0,0],[0,0],[0,0]],"v":[[132.634,180.814],[28.768,180.814],[28.768,175.265],[132.634,175.265]],"c":true}},"nm":"Mask 7","mn":"ADBE Vector Shape - Group"},{"ind":7,"ty":"sh","ks":{"a":0,"k":{"i":[[0,0],[0,0],[0,0],[0,0],[0,0],[0,0],[0,0],[0,0],[0,0],[0,0],[0,0],[0,0]],"o":[[0,0],[0,0],[0,0],[0,0],[0,0],[0,0],[0,0],[0,0],[0,0],[0,0],[0,0],[0,0]],"v":[[78.105,0],[0,0],[0,222],[164,222],[164,0],[78.105,0],[88.168,4.933],[158.954,4.933],[158.954,217.066],[5.046,217.066],[5.046,4.933],[88.168,4.933]],"c":true}},"nm":"Mask 8","mn":"ADBE Vector Shape - Group"},{"ty":"fl","c":{"a":0,"k":[0.7529412,0.7529412,0.7529412,1]},"o":{"a":0,"k":100},"r":1,"nm":"Fill 1","mn":"ADBE Vector Graphic - Fill"}],"ip":0,"op":899.100036621094,"st":0,"bm":0,"sr":1},{"ddd":0,"ind":3,"ty":4,"nm":"ani_page_4_bg","ks":{"o":{"a":0,"k":100},"r":{"a":0,"k":0},"p":{"a":0,"k":[82,111,0]},"a":{"a":0,"k":[82,111,0]},"s":{"a":0,"k":[100,100,100]}},"ao":0,"shapes":[{"ind":0,"ty":"sh","ks":{"a":0,"k":{"i":[[0,0],[0,0],[0,0],[0,0]],"o":[[0,0],[0,0],[0,0],[0,0]],"v":[[0,0],[0,222],[164,222],[164,0]],"c":true}},"nm":"Mask 1","mn":"ADBE Vector Shape - Group"},{"ty":"fl","c":{"a":0,"k":[1,1,1,1]},"o":{"a":0,"k":100},"r":1,"nm":"Fill 1","mn":"ADBE Vector Graphic - Fill"}],"ip":0,"op":899.100036621094,"st":0,"bm":0,"sr":1}]},{"id":"comp_2","layers":[{"ddd":0,"ind":1,"ty":4,"nm":"\rani_page_3_color","ks":{"o":{"a":0,"k":100},"r":{"a":0,"k":0},"p":{"a":0,"k":[82,37,0]},"a":{"a":0,"k":[82,37,0]},"s":{"a":0,"k":[100,100,100]}},"ao":0,"shapes":[{"ind":0,"ty":"sh","ks":{"a":1,"k":[{"i":{"x":0.833,"y":0.833},"o":{"x":0.167,"y":0.167},"n":"0p833_0p833_0p167_0p167","t":39.96,"s":[{"i":[[0,0],[0,0],[0,0],[0,0],[0,0],[0,0],[0,0],[0,0]],"o":[[0,0],[0,0],[0,0],[0,0],[0,0],[0,0],[0,0],[0,0]],"v":[[158.953,0],[160.453,1.567],[39.046,0.067],[5.046,0],[0,0],[-0.5,1.5],[164.5,2.5],[164,0]],"c":true}],"e":[{"i":[[0,0],[0,0],[0,0],[0,0],[0,0],[0,0],[0,0],[0,0]],"o":[[0,0],[0,0],[0,0],[0,0],[0,0],[0,0],[0,0],[0,0]],"v":[[158.953,0],[194.453,1.067],[39.046,0.067],[5.046,0],[0,0],[32,1.5],[199.5,1.5],[164,0]],"c":true}]},{"i":{"x":0.833,"y":0.833},"o":{"x":0.167,"y":0.167},"n":"0p833_0p833_0p167_0p167","t":45.954,"s":[{"i":[[0,0],[0,0],[0,0],[0,0],[0,0],[0,0],[0,0],[0,0]],"o":[[0,0],[0,0],[0,0],[0,0],[0,0],[0,0],[0,0],[0,0]],"v":[[158.953,0],[194.453,1.067],[39.046,0.067],[5.046,0],[0,0],[32,1.5],[199.5,1.5],[164,0]],"c":true}],"e":[{"i":[[0,0],[0,0],[0,0],[0,0],[0,0],[0,0],[0,0],[0,0]],"o":[[0,0],[0,0],[0,0],[0,0],[0,0],[0,0],[0,0],[0,0]],"v":[[158.953,0],[158.953,69.067],[5.046,69.067],[5.046,0],[0,0],[0,74],[164,74],[164,0]],"c":true}]},{"t":75.9240030924479}]},"nm":"\rpage3_frame","mn":"ADBE Vector Shape - Group"},{"ind":1,"ty":"sh","ks":{"a":1,"k":[{"i":{"x":0.833,"y":0.833},"o":{"x":0.167,"y":0.167},"n":"0p833_0p833_0p167_0p167","t":45.954,"s":[{"i":[[0,0],[0,0],[0,0],[0,0]],"o":[[0,0],[0,0],[0,0],[0,0]],"v":[[143.933,1.217],[45.066,0.717],[43.566,1.667],[142.933,2.167]],"c":true}],"e":[{"i":[[0,0],[0,0],[0,0],[0,0]],"o":[[0,0],[0,0],[0,0],[0,0]],"v":[[133.933,14.217],[30.066,14.217],[30.066,8.667],[133.933,8.667]],"c":true}]},{"t":75.9240030924479}]},"nm":"\rpage3_txt1","mn":"ADBE Vector Shape - Group"},{"ind":2,"ty":"sh","ks":{"a":1,"k":[{"i":{"x":0.833,"y":0.833},"o":{"x":0.167,"y":0.167},"n":"0p833_0p833_0p167_0p167","t":45.954,"s":[{"i":[[0,0],[0,0],[0,0],[0,0]],"o":[[0,0],[0,0],[0,0],[0,0]],"v":[[164.433,2.088],[54.566,1.088],[54.066,1.038],[165.933,1.538]],"c":true}],"e":[{"i":[[0,0],[0,0],[0,0],[0,0]],"o":[[0,0],[0,0],[0,0],[0,0]],"v":[[133.933,31.588],[30.066,31.588],[30.066,26.038],[133.933,26.038]],"c":true}]},{"t":75.9240030924479}]},"nm":"\rpage3_txt2","mn":"ADBE Vector Shape - Group"},{"ty":"fl","c":{"a":0,"k":[0.7529412,0.7529412,0.7529412,1]},"o":{"a":1,"k":[{"i":{"x":[0.833],"y":[0.833]},"o":{"x":[0.167],"y":[0.167]},"n":["0p833_0p833_0p167_0p167"],"t":41.958,"s":[50],"e":[100]},{"t":49.9500020345052}]},"r":1,"nm":"Fill 1","mn":"ADBE Vector Graphic - Fill"}],"ip":0,"op":899.100036621094,"st":0,"bm":0,"sr":1},{"ddd":0,"ind":2,"ty":4,"nm":"\rani_page_3_bg","ks":{"o":{"a":0,"k":100},"r":{"a":0,"k":0},"p":{"a":0,"k":[82,37,0]},"a":{"a":0,"k":[82,37,0]},"s":{"a":0,"k":[100,100,100]}},"ao":0,"shapes":[{"ind":0,"ty":"sh","ks":{"a":1,"k":[{"i":{"x":0.833,"y":0.833},"o":{"x":0.167,"y":0.167},"n":"0p833_0p833_0p167_0p167","t":45.954,"s":[{"i":[[0,0],[0,0],[0,0],[0,0]],"o":[[0,0],[0,0],[0,0],[0,0]],"v":[[0,0],[47,0.5],[201.5,1],[164,0]],"c":true}],"e":[{"i":[[0,0],[0,0],[0,0],[0,0]],"o":[[0,0],[0,0],[0,0],[0,0]],"v":[[0,0],[0,74],[164,74],[164,0]],"c":true}]},{"t":75.9240030924479}]},"nm":"\rpage3_bg","mn":"ADBE Vector Shape - Group"},{"ty":"fl","c":{"a":0,"k":[1,1,1,1]},"o":{"a":0,"k":100},"r":1,"nm":"Fill 1","mn":"ADBE Vector Graphic - Fill"}],"ip":0,"op":899.100036621094,"st":0,"bm":0,"sr":1}]},{"id":"comp_3","layers":[{"ddd":0,"ind":1,"ty":4,"nm":"\rani_page2_color Shapes","ks":{"o":{"a":0,"k":100},"r":{"a":0,"k":0},"p":{"a":0,"k":[82,37,0]},"a":{"a":0,"k":[82,37,0]},"s":{"a":0,"k":[100,100,100]}},"ao":0,"shapes":[{"ind":0,"ty":"sh","ks":{"a":0,"k":{"i":[[0,0],[0,0],[0,0],[0,0]],"o":[[0,0],[0,0],[0,0],[0,0]],"v":[[158.954,0.252],[158.954,73.748],[164,73.748],[164,0.252]],"c":true}},"nm":"Mask 1","mn":"ADBE Vector Shape - Group"},{"ind":1,"ty":"sh","ks":{"a":0,"k":{"i":[[0,0],[0,0],[0,0],[0,0]],"o":[[0,0],[0,0],[0,0],[0,0]],"v":[[5.046,73.748],[5.046,0.252],[0,0.252],[0,73.748]],"c":true}},"nm":"Mask 2","mn":"ADBE Vector Shape - Group"},{"ind":2,"ty":"sh","ks":{"a":0,"k":{"i":[[0,0],[0,0],[0,0],[0,0]],"o":[[0,0],[0,0],[0,0],[0,0]],"v":[[133.933,19.631],[30.067,19.631],[30.067,14.119],[133.933,14.119]],"c":true}},"nm":"Mask 3","mn":"ADBE Vector Shape - Group"},{"ind":3,"ty":"sh","ks":{"a":0,"k":{"i":[[0,0],[0,0],[0,0],[0,0]],"o":[[0,0],[0,0],[0,0],[0,0]],"v":[[133.933,36.883],[30.067,36.883],[30.067,31.371],[133.933,31.371]],"c":true}},"nm":"Mask 4","mn":"ADBE Vector Shape - Group"},{"ind":4,"ty":"sh","ks":{"a":0,"k":{"i":[[0,0],[0,0],[0,0],[0,0]],"o":[[0,0],[0,0],[0,0],[0,0]],"v":[[133.933,54.136],[30.067,54.136],[30.067,48.624],[133.933,48.624]],"c":true}},"nm":"Mask 5","mn":"ADBE Vector Shape - Group"},{"ty":"fl","c":{"a":0,"k":[0.7529412,0.7529412,0.7529412,1]},"o":{"a":0,"k":100},"r":1,"nm":"Fill 1","mn":"ADBE Vector Graphic - Fill"}],"ip":0,"op":899.100036621094,"st":0,"bm":0,"sr":1},{"ddd":0,"ind":2,"ty":4,"nm":"\rani_page_2_bg","ks":{"o":{"a":0,"k":100},"r":{"a":0,"k":0},"p":{"a":0,"k":[82,37,0]},"a":{"a":0,"k":[82,37,0]},"s":{"a":0,"k":[100,100,100]}},"ao":0,"shapes":[{"ind":0,"ty":"sh","ks":{"a":0,"k":{"i":[[0,0],[0,0],[0,0],[0,0]],"o":[[0,0],[0,0],[0,0],[0,0]],"v":[[0,0],[0,74],[164,74],[164,0]],"c":true}},"nm":"Mask 1","mn":"ADBE Vector Shape - Group"},{"ty":"fl","c":{"a":0,"k":[1,1,1,1]},"o":{"a":0,"k":100},"r":1,"nm":"Fill 1","mn":"ADBE Vector Graphic - Fill"}],"ip":0,"op":899.100036621094,"st":0,"bm":0,"sr":1}]},{"id":"comp_4","layers":[{"ddd":0,"ind":1,"ty":4,"nm":"\rani_page_1_color","ks":{"o":{"a":0,"k":100},"r":{"a":0,"k":0},"p":{"a":0,"k":[82,37,0]},"a":{"a":0,"k":[82,37,0]},"s":{"a":0,"k":[100,100,100]}},"ao":0,"shapes":[{"ty":"gr","it":[{"ind":0,"ty":"sh","ks":{"a":0,"k":{"i":[[0,0]],"o":[[0,0]],"v":[[1,153]],"c":false}},"nm":"Path 1","mn":"ADBE Vector Shape - Group"},{"ty":"st","c":{"a":0,"k":[1,1,1,1]},"o":{"a":0,"k":100},"w":{"a":0,"k":2},"lc":1,"lj":1,"ml":4,"nm":"Stroke 1","mn":"ADBE Vector Graphic - Stroke"},{"ty":"fl","c":{"a":0,"k":[0.7529412,0.7529412,0.7529412,1]},"o":{"a":0,"k":100},"r":1,"nm":"Fill 1","mn":"ADBE Vector Graphic - Fill"},{"ty":"tr","p":{"a":0,"k":[0,0],"ix":2},"a":{"a":0,"k":[0,0],"ix":1},"s":{"a":0,"k":[100,100],"ix":3},"r":{"a":0,"k":0,"ix":6},"o":{"a":0,"k":100,"ix":7},"sk":{"a":0,"k":0,"ix":4},"sa":{"a":0,"k":0,"ix":5},"nm":"Transform"}],"nm":"Shape 1","np":3,"mn":"ADBE Vector Group"},{"ind":1,"ty":"sh","ks":{"a":1,"k":[{"i":{"x":0.833,"y":0.833},"o":{"x":0.167,"y":0.167},"n":"0p833_0p833_0p167_0p167","t":37.962,"s":[{"i":[[0,0],[0,0],[0,0],[0,0],[0,0],[0,0],[0,0],[0,0]],"o":[[0,0],[0,0],[0,0],[0,0],[0,0],[0,0],[0,0],[0,0]],"v":[[0.046,71.5],[6.91,71.511],[163.181,71.784],[158.954,74],[164,74],[156.727,74.364],[2.136,73.136],[0,74]],"c":true}],"e":[{"i":[[0,0],[0,0],[0,0],[0,0],[0,0],[0,0],[0,0],[0,0]],"o":[[0,0],[0,0],[0,0],[0,0],[0,0],[0,0],[0,0],[0,0]],"v":[[1.546,74],[42.41,73.511],[192.181,73.784],[158.954,74],[164,74],[200.727,73.864],[41.136,71.136],[0,73.5]],"c":true}]},{"i":{"x":0.833,"y":0.833},"o":{"x":0.167,"y":0.167},"n":"0p833_0p833_0p167_0p167","t":41.958,"s":[{"i":[[0,0],[0,0],[0,0],[0,0],[0,0],[0,0],[0,0],[0,0]],"o":[[0,0],[0,0],[0,0],[0,0],[0,0],[0,0],[0,0],[0,0]],"v":[[1.546,74],[42.41,73.511],[192.181,73.784],[158.954,74],[164,74],[200.727,73.864],[41.136,71.136],[0,73.5]],"c":true}],"e":[{"i":[[0,0],[0,0],[0,0],[0,0],[0,0],[0,0],[0,0],[0,0]],"o":[[0,0],[0,0],[0,0],[0,0],[0,0],[0,0],[0,0],[0,0]],"v":[[5.046,74],[5.046,4.92],[158.954,4.92],[158.954,74],[164,74],[164,0],[0,0],[0,74]],"c":true}]},{"t":73.9260030110677}]},"nm":"Mask 1","mn":"ADBE Vector Shape - Group"},{"ind":2,"ty":"sh","ks":{"a":1,"k":[{"i":{"x":0.833,"y":0.833},"o":{"x":0.167,"y":0.167},"n":"0p833_0p833_0p167_0p167","t":35.964,"s":[{"i":[[0,0],[0,0],[0,0],[0,0]],"o":[[0,0],[0,0],[0,0],[0,0]],"v":[[121.654,76.142],[65.934,75.642],[65.934,75.766],[122.154,76.062]],"c":true}],"e":[{"i":[[0,0],[0,0],[0,0],[0,0]],"o":[[0,0],[0,0],[0,0],[0,0]],"v":[[128.154,74.142],[72.434,73.642],[72.434,73.766],[128.654,74.062]],"c":true}]},{"i":{"x":0.833,"y":0.833},"o":{"x":0.167,"y":0.167},"n":"0p833_0p833_0p167_0p167","t":41.958,"s":[{"i":[[0,0],[0,0],[0,0],[0,0]],"o":[[0,0],[0,0],[0,0],[0,0]],"v":[[128.154,74.142],[72.434,73.642],[72.434,73.766],[128.654,74.062]],"c":true}],"e":[{"i":[[0,0],[0,0],[0,0],[0,0]],"o":[[0,0],[0,0],[0,0],[0,0]],"v":[[97.972,30.347],[29.639,30.347],[29.639,24.812],[97.972,24.812]],"c":true}]},{"t":73.9260030110677}]},"nm":"Mask 2","mn":"ADBE Vector Shape - Group"},{"ind":3,"ty":"sh","ks":{"a":1,"k":[{"i":{"x":0.833,"y":0.833},"o":{"x":0.167,"y":0.167},"n":"0p833_0p833_0p167_0p167","t":35.964,"s":[{"i":[[0,0],[0,0],[0,0],[0,0]],"o":[[0,0],[0,0],[0,0],[0,0]],"v":[[102.972,76.143],[47.639,75.643],[46.639,76.108],[103.472,76.108]],"c":true}],"e":[{"i":[[0,0],[0,0],[0,0],[0,0]],"o":[[0,0],[0,0],[0,0],[0,0]],"v":[[109.472,74.143],[54.139,73.643],[53.139,74.108],[109.972,74.108]],"c":true}]},{"i":{"x":0.833,"y":0.833},"o":{"x":0.167,"y":0.167},"n":"0p833_0p833_0p167_0p167","t":41.958,"s":[{"i":[[0,0],[0,0],[0,0],[0,0]],"o":[[0,0],[0,0],[0,0],[0,0]],"v":[[109.472,74.143],[54.139,73.643],[53.139,74.108],[109.972,74.108]],"c":true}],"e":[{"i":[[0,0],[0,0],[0,0],[0,0]],"o":[[0,0],[0,0],[0,0],[0,0]],"v":[[97.972,47.643],[29.639,47.643],[29.639,42.108],[97.972,42.108]],"c":true}]},{"t":73.9260030110677}]},"nm":"Mask 3","mn":"ADBE Vector Shape - Group"},{"ty":"fl","c":{"a":0,"k":[0.7529412,0.7529412,0.7529412,1]},"o":{"a":1,"k":[{"i":{"x":[0.833],"y":[0.833]},"o":{"x":[0.167],"y":[0.167]},"n":["0p833_0p833_0p167_0p167"],"t":25.974,"s":[50],"e":[100]},{"t":39.9600016276042}]},"r":1,"nm":"Fill 1","mn":"ADBE Vector Graphic - Fill"}],"ip":0,"op":899.100036621094,"st":0,"bm":0,"sr":1},{"ddd":0,"ind":2,"ty":4,"nm":"\rani_page_1_bg","ks":{"o":{"a":0,"k":100},"r":{"a":0,"k":0},"p":{"a":0,"k":[82,37,0]},"a":{"a":0,"k":[82,37,0]},"s":{"a":0,"k":[100,100,100]}},"ao":0,"shapes":[{"ind":0,"ty":"sh","ks":{"a":1,"k":[{"i":{"x":0.833,"y":0.833},"o":{"x":0.167,"y":0.167},"n":"0p833_0p833_0p167_0p167","t":41.958,"s":[{"i":[[0,0],[0,0],[0,0],[0,0]],"o":[[0,0],[0,0],[0,0],[0,0]],"v":[[40.136,73.182],[0,74],[164,74],[200.727,74.136]],"c":true}],"e":[{"i":[[0,0],[0,0],[0,0],[0,0]],"o":[[0,0],[0,0],[0,0],[0,0]],"v":[[0,0],[0,74],[164,74],[164,0]],"c":true}]},{"t":73.9260030110677}]},"nm":"Mask 1","mn":"ADBE Vector Shape - Group"},{"ty":"fl","c":{"a":0,"k":[1,1,1,1]},"o":{"a":0,"k":100},"r":1,"nm":"Fill 1","mn":"ADBE Vector Graphic - Fill"}],"ip":0,"op":899.100036621094,"st":0,"bm":0,"sr":1}]}],"layers":[{"ddd":0,"ind":4,"ty":4,"nm":"\rani_hint_hand_3","ks":{"o":{"a":1,"k":[{"i":{"x":[0.833],"y":[0.833]},"o":{"x":[0.167],"y":[0.167]},"n":["0p833_0p833_0p167_0p167"],"t":217,"s":[0],"e":[100]},{"t":229.000009327361}]},"r":{"a":0,"k":0},"p":{"a":1,"k":[{"i":{"x":0.833,"y":0.833},"o":{"x":0.167,"y":0.167},"n":"0p833_0p833_0p167_0p167","t":217,"s":[452,488,0],"e":[317,456,0],"to":[-22.5,-5.33333349227905,0],"ti":[22.5,5.33333349227905,0]},{"i":{"x":0.833,"y":0.833},"o":{"x":0.167,"y":0.167},"n":"0p833_0p833_0p167_0p167","t":241,"s":[317,456,0],"e":[317,456,0],"to":[0,0,0],"ti":[0,0,0]},{"i":{"x":0.833,"y":0.833},"o":{"x":0.167,"y":0.167},"n":"0p833_0p833_0p167_0p167","t":247,"s":[317,456,0],"e":[317,456,0],"to":[0,0,0],"ti":[0,0,0]},{"t":254.000010345632}]},"a":{"a":0,"k":[262,293,0]},"s":{"a":1,"k":[{"i":{"x":[0.833,0.833,0.833],"y":[0.833,0.833,0.833]},"o":{"x":[0.167,0.167,0.167],"y":[0.167,0.167,0.167]},"n":["0p833_0p833_0p167_0p167","0p833_0p833_0p167_0p167","0p833_0p833_0p167_0p167"],"t":241,"s":[100,100,100],"e":[100,100,100]},{"i":{"x":[0.833,0.833,0.833],"y":[0.833,0.833,0.833]},"o":{"x":[0.167,0.167,0.167],"y":[0.167,0.167,0.167]},"n":["0p833_0p833_0p167_0p167","0p833_0p833_0p167_0p167","0p833_0p833_0p167_0p167"],"t":247,"s":[100,100,100],"e":[95,95,100]},{"i":{"x":[0.833,0.833,0.833],"y":[0.833,0.833,0.833]},"o":{"x":[0.167,0.167,0.167],"y":[0.167,0.167,0.167]},"n":["0p833_0p833_0p167_0p167","0p833_0p833_0p167_0p167","0p833_0p833_0p167_0p167"],"t":251,"s":[95,95,100],"e":[100,100,100]},{"t":254.000010345632}]}},"ao":0,"shapes":[{"ind":0,"ty":"sh","ks":{"a":0,"k":{"i":[[0.157,1.087],[0,0],[0.646,0.792],[0,0],[0,0],[3.237,-2.565],[0,0],[-2.589,-3.268],[0,0],[0.285,-0.397],[0,0],[0.451,0.57],[0,0],[3.314,-2.626],[0,0],[-2.626,-3.314],[0,0],[0.308,-0.34],[0,0],[0.36,0.454],[0,0],[3.246,-2.572],[0,0],[-2.573,-3.246],[0,0],[0.576,-0.559],[0,0],[0.574,0.725],[0,0],[3.178,-2.519],[0,0],[-2.519,-3.178],[0,0],[0.068,-0.08],[0,0],[0.091,0.049],[0,0],[0.555,0.018],[0,0],[0.341,-4.051],[0,0],[-3.849,-0.726],[0,0],[0,0],[0,0],[-0.519,-0.053],[0,0],[-1.045,-1.348],[0,0],[-0.534,0.423],[0,0],[0.411,0.531],[0,0]],"o":[[0,0],[-0.146,-1.012],[0,0],[0,0],[-2.608,-3.202],[0,0],[-3.268,2.59],[0,0],[0.303,0.383],[0,0],[-0.423,0.59],[0,0],[-2.626,-3.313],[0,0],[-3.313,2.626],[0,0],[0.285,0.359],[0,0],[-0.389,0.43],[0,0],[-2.572,-3.246],[0,0],[-3.246,2.572],[0,0],[0.499,0.629],[0,0],[-0.664,0.644],[0,0],[-2.519,-3.178],[0,0],[-3.178,2.519],[0,0],[0.065,0.082],[0,0],[-0.067,0.08],[0,0],[-0.488,-0.265],[0,0],[-4.063,-0.13],[0,0],[-0.329,3.903],[0,0],[0,0],[0,0],[0.452,0.259],[0,0],[1.697,0.173],[0,0],[0.417,0.539],[0,0],[0.526,-0.417],[0,0],[-0.673,-0.868]],"v":[[315.896,302.902],[313.791,288.344],[312.58,285.587],[287.837,255.237],[277.741,242.84],[267.198,241.691],[267.198,241.691],[265.971,252.296],[268.145,255.039],[268.176,256.356],[268.176,256.356],[266.43,256.397],[259.665,247.861],[248.91,246.616],[248.91,246.616],[247.665,257.371],[252.509,263.483],[252.469,264.694],[252.469,264.694],[251.04,264.647],[243.381,254.984],[232.846,253.765],[232.846,253.765],[231.627,264.3],[241.229,276.416],[241.092,278.508],[241.092,278.508],[238.78,278.356],[210.838,243.098],[200.522,241.904],[200.522,241.904],[199.328,252.22],[242.592,306.812],[242.587,307.09],[241.789,308.032],[241.517,308.083],[228.396,300.943],[226.811,300.513],[218.949,300.26],[211.09,307.255],[211.09,307.255],[217.287,315.404],[222.701,316.426],[237.446,325.473],[249.815,332.554],[251.287,333.026],[275.436,335.492],[279.731,337.875],[286.217,346.242],[287.947,346.452],[324.572,317.426],[324.779,315.715],[317.162,305.884]],"c":true}},"nm":"\rhint_hand_3","mn":"ADBE Vector Shape - Group"},{"ty":"fl","c":{"a":0,"k":[0.5843138,0.5843138,0.5843138,1]},"o":{"a":0,"k":100},"r":1,"nm":"Fill 1","mn":"ADBE Vector Graphic - Fill"}],"ip":0,"op":900.000036657751,"st":0,"bm":0,"sr":1},{"ddd":0,"ind":5,"ty":4,"nm":"\rani_btn_photo","parent":7,"ks":{"o":{"a":1,"k":[{"i":{"x":[0.833],"y":[0.833]},"o":{"x":[0.167],"y":[0.167]},"n":["0p833_0p833_0p167_0p167"],"t":117,"s":[0],"e":[100]},{"t":153.000006231818}]},"r":{"a":0,"k":0},"p":{"a":0,"k":[118,75,0]},"a":{"a":0,"k":[118,230.5,0]},"s":{"a":0,"k":[100,100,100]}},"ao":0,"shapes":[{"ind":0,"ty":"sh","ks":{"a":0,"k":{"i":[[0,9.832],[9.793,0],[0,-9.831],[-9.793,0]],"o":[[0,-9.831],[-9.793,0],[0,9.832],[9.793,0]],"v":[[135.733,385.25],[118,367.448],[100.268,385.25],[118,403.052]],"c":true}},"nm":"\rphone_button","mn":"ADBE Vector Shape - Group"},{"ty":"fl","c":{"a":0,"k":[1,1,1,1]},"o":{"a":0,"k":100},"r":1,"nm":"Fill 1","mn":"ADBE Vector Graphic - Fill"}],"ip":0,"op":900.000036657751,"st":0,"bm":0,"sr":1},{"ddd":0,"ind":6,"ty":4,"nm":"\rani_frame_photo","parent":9,"ks":{"o":{"a":1,"k":[{"i":{"x":[0.833],"y":[0.833]},"o":{"x":[0.167],"y":[0.167]},"n":["0p833_0p833_0p167_0p167"],"t":117,"s":[0],"e":[100]},{"t":153.000006231818}]},"r":{"a":0,"k":0},"p":{"a":0,"k":[118,230.5,0]},"a":{"a":0,"k":[118,230.5,0]},"s":{"a":0,"k":[100,100,100]}},"ao":0,"shapes":[{"ind":0,"ty":"sh","ks":{"a":0,"k":{"i":[[0,0],[0,0],[0,0],[0,0],[0,0],[0,0]],"o":[[0,0],[0,0],[0,0],[0,0],[0,0],[0,0]],"v":[[38,152.612],[34,152.612],[34,121.5],[64.934,121.5],[64.934,125.5],[38,125.5]],"c":true}},"nm":"\rframe_1","mn":"ADBE Vector Shape - Group"},{"ind":1,"ty":"sh","ks":{"a":0,"k":{"i":[[0,0],[0,0],[0,0],[0,0],[0,0],[0,0]],"o":[[0,0],[0,0],[0,0],[0,0],[0,0],[0,0]],"v":[[202,152.612],[198,152.612],[198,125.5],[171.065,125.5],[171.065,121.5],[202,121.5]],"c":true}},"nm":"\rframe_2","mn":"ADBE Vector Shape - Group"},{"ind":2,"ty":"sh","ks":{"a":0,"k":{"i":[[0,0],[0,0],[0,0],[0,0],[0,0],[0,0]],"o":[[0,0],[0,0],[0,0],[0,0],[0,0],[0,0]],"v":[[64.934,339.5],[34,339.5],[34,308.388],[38,308.388],[38,335.5],[64.934,335.5]],"c":true}},"nm":"\rframe_3","mn":"ADBE Vector Shape - Group"},{"ind":3,"ty":"sh","ks":{"a":0,"k":{"i":[[0,0],[0,0],[0,0],[0,0],[0,0],[0,0]],"o":[[0,0],[0,0],[0,0],[0,0],[0,0],[0,0]],"v":[[202,339.5],[171.065,339.5],[171.065,335.5],[198,335.5],[198,308.388],[202,308.388]],"c":true}},"nm":"\rframe_4","mn":"ADBE Vector Shape - Group"},{"ind":4,"ty":"sh","ks":{"a":0,"k":{"i":[[0,0],[0,0],[0,0],[0,0]],"o":[[0,0],[0,0],[0,0],[0,0]],"v":[[130.409,125.5],[101.475,125.5],[101.475,121.5],[130.409,121.5]],"c":true}},"nm":"\rframe_5","mn":"ADBE Vector Shape - Group"},{"ind":5,"ty":"sh","ks":{"a":0,"k":{"i":[[0,0],[0,0],[0,0],[0,0]],"o":[[0,0],[0,0],[0,0],[0,0]],"v":[[130.409,339.5],[101.475,339.5],[101.475,335.5],[130.409,335.5]],"c":true}},"nm":"\rframe_6","mn":"ADBE Vector Shape - Group"},{"ind":6,"ty":"sh","ks":{"a":0,"k":{"i":[[0,0],[0,0],[0,0],[0,0]],"o":[[0,0],[0,0],[0,0],[0,0]],"v":[[202,245.49],[198,245.49],[198,216.378],[202,216.378]],"c":true}},"nm":"\rframe_7","mn":"ADBE Vector Shape - Group"},{"ind":7,"ty":"sh","ks":{"a":0,"k":{"i":[[0,0],[0,0],[0,0],[0,0]],"o":[[0,0],[0,0],[0,0],[0,0]],"v":[[38,245.49],[34,245.49],[34,216.378],[38,216.378]],"c":true}},"nm":"\rframe_8","mn":"ADBE Vector Shape - Group"},{"ty":"fl","c":{"a":0,"k":[0.2156863,0.6745098,0.8039216,1]},"o":{"a":0,"k":100},"r":1,"nm":"Fill 1","mn":"ADBE Vector Graphic - Fill"}],"ip":0,"op":900.000036657751,"st":0,"bm":0,"sr":1},{"ddd":0,"ind":7,"ty":4,"nm":"\rani_action_bar","parent":9,"ks":{"o":{"a":1,"k":[{"i":{"x":[0.833],"y":[0.833]},"o":{"x":[0.167],"y":[0.167]},"n":["0p833_0p833_0p167_0p167"],"t":117,"s":[0],"e":[100]},{"t":153.000006231818}]},"r":{"a":0,"k":0},"p":{"a":0,"k":[118,386.5,0]},"a":{"a":0,"k":[118,230.5,0]},"s":{"a":0,"k":[100,100,100]}},"ao":0,"shapes":[{"ind":0,"ty":"sh","ks":{"a":0,"k":{"i":[[0,0],[0,0],[0,0],[0,0]],"o":[[0,0],[0,0],[0,0],[0,0]],"v":[[218.656,252.733],[17.344,252.733],[17.344,208.266],[218.656,208.266]],"c":true}},"nm":"\raction_bar","mn":"ADBE Vector Shape - Group"},{"ty":"fl","c":{"a":0,"k":[0.2156863,0.6745098,0.8039216,1]},"o":{"a":0,"k":100},"r":1,"nm":"Fill 1","mn":"ADBE Vector Graphic - Fill"}],"ip":0,"op":900.000036657751,"st":0,"bm":0,"sr":1},{"ddd":0,"ind":8,"ty":4,"nm":"\rani_navbar","parent":9,"ks":{"o":{"a":1,"k":[{"i":{"x":[0.833],"y":[0.833]},"o":{"x":[0.167],"y":[0.167]},"n":["0p833_0p833_0p167_0p167"],"t":117,"s":[0],"e":[100]},{"t":153.000006231818}]},"r":{"a":0,"k":0},"p":{"a":0,"k":[118,76.5,0]},"a":{"a":0,"k":[118,230.5,0]},"s":{"a":0,"k":[100,100,100]}},"ao":0,"shapes":[{"ind":0,"ty":"sh","ks":{"a":0,"k":{"i":[[0,0],[0,0],[0,0],[0,0]],"o":[[0,0],[0,0],[0,0],[0,0]],"v":[[218.656,252.733],[17.344,252.733],[17.344,208.266],[218.656,208.266]],"c":true}},"nm":"\rnav_bar","mn":"ADBE Vector Shape - Group"},{"ty":"fl","c":{"a":0,"k":[0.2156863,0.6745098,0.8039216,1]},"o":{"a":0,"k":100},"r":1,"nm":"Fill 1","mn":"ADBE Vector Graphic - Fill"}],"ip":0,"op":900.000036657751,"st":0,"bm":0,"sr":1},{"ddd":0,"ind":9,"ty":4,"nm":"\rani_phone","ks":{"o":{"a":1,"k":[{"i":{"x":[0.833],"y":[0.833]},"o":{"x":[0.167],"y":[0.167]},"n":["0p833_0p833_0p167_0p167"],"t":117,"s":[0],"e":[100]},{"t":153.000006231818}]},"r":{"a":0,"k":0},"p":{"a":1,"k":[{"i":{"x":0.833,"y":0.833},"o":{"x":0.167,"y":0.167},"n":"0p833_0p833_0p167_0p167","t":117,"s":[290,349.254,0],"e":[290,296.254,0],"to":[0,0,0],"ti":[0,0,0]},{"i":{"x":0.833,"y":0.833},"o":{"x":0.167,"y":0.167},"n":"0p833_0p833_0p167_0p167","t":135,"s":[290,296.254,0],"e":[290,255,0],"to":[0,0,0],"ti":[0,0,0]},{"i":{"x":0.833,"y":0.833},"o":{"x":0.167,"y":0.167},"n":"0p833_0p833_0p167_0p167","t":148.448,"s":[290,255,0],"e":[290,255,0],"to":[0,0,0],"ti":[0,0,0]},{"i":{"x":0.833,"y":0.833},"o":{"x":0.167,"y":0.167},"n":"0p833_0p833_0p167_0p167","t":152.649,"s":[290,255,0],"e":[230,255,0],"to":[0,0,0],"ti":[0,0,0]},{"i":{"x":0.833,"y":0.833},"o":{"x":0.167,"y":0.167},"n":"0p833_0p833_0p167_0p167","t":178.703,"s":[230,255,0],"e":[230,255,0],"to":[0,0,0],"ti":[0,0,0]},{"i":{"x":0.833,"y":0.833},"o":{"x":0.167,"y":0.167},"n":"0p833_0p833_0p167_0p167","t":182.905,"s":[230,255,0],"e":[261,255,0],"to":[0,0,0],"ti":[0,0,0]},{"t":198.872508100243}]},"a":{"a":0,"k":[118,230.5,0]},"s":{"a":1,"k":[{"i":{"x":[0.833,0.833,0.833],"y":[0.833,0.833,0.833]},"o":{"x":[0.167,0.167,0.167],"y":[0.167,0.167,0.167]},"n":["0p833_0p833_0p167_0p167","0p833_0p833_0p167_0p167","0p833_0p833_0p167_0p167"],"t":117,"s":[100,100,100],"e":[100,100,100]},{"t":135.000005498663}]}},"ao":0,"shapes":[{"ind":0,"ty":"sh","ks":{"a":0,"k":{"i":[[0,0],[0,0],[0,0],[0,0],[0,0],[0,0],[0,0],[0,0],[0,-18.021],[0,0],[-19.48,0],[0,0],[0,17.951],[0,0],[19.484,0],[0,0]],"o":[[0,0],[0,0],[0,0],[0,0],[0,0],[0,0],[0,0],[-19.48,0],[0,0],[0,17.951],[0,0],[19.484,0],[0,0],[0,-18.021],[0,0],[0,0]],"v":[[119.162,54.844],[219.063,54.844],[219.063,407.995],[16.933,407.995],[16.933,54.844],[119.162,54.844],[109.407,2.84],[38.608,2.84],[3.331,35.452],[3.331,425.609],[38.608,458.16],[197.388,458.16],[232.669,425.609],[232.669,35.452],[197.388,2.84],[109.407,2.84]],"c":true}},"nm":"\rphone","mn":"ADBE Vector Shape - Group"},{"ty":"fl","c":{"a":0,"k":[0,0,0,1]},"o":{"a":0,"k":100},"r":1,"nm":"Fill 1","mn":"ADBE Vector Graphic - Fill"}],"ip":0,"op":900.000036657751,"st":0,"bm":0,"sr":1},{"ddd":0,"ind":10,"ty":4,"nm":"\rani_phone_frame","parent":9,"ks":{"o":{"a":1,"k":[{"i":{"x":[0.833],"y":[0.833]},"o":{"x":[0.167],"y":[0.167]},"n":["0p833_0p833_0p167_0p167"],"t":117,"s":[0],"e":[100]},{"t":153.000006231818}]},"r":{"a":0,"k":0},"p":{"a":0,"k":[118,230.5,0]},"a":{"a":0,"k":[118,230.5,0]},"s":{"a":0,"k":[100,100,100]}},"ao":0,"shapes":[{"ind":0,"ty":"sh","ks":{"a":0,"k":{"i":[[20.738,0],[0,0],[-17.742,-19.662],[0,0],[0,0],[0,0],[0,0],[0,0],[19.515,17.722],[0,0],[0,-19.271],[0,0],[-20.739,0],[0,0],[0,19.237],[0,0]],"o":[[0,0],[19.515,17.722],[0,0],[0,0],[0,0],[0,0],[0,0],[-17.742,-19.662],[0,0],[-20.739,0],[0,0],[0,19.237],[0,0],[20.738,0],[0,0],[0,-19.271]],"v":[[197.388,0.5],[95.318,0.5],[153.629,54.844],[219.062,54.844],[219.062,407.996],[16.933,407.996],[16.933,54.844],[153.629,54.844],[95.318,0.5],[38.608,0.5],[1,35.452],[1,425.609],[38.608,460.5],[197.388,460.5],[235,425.609],[235,35.452]],"c":true}},"nm":"\rphone_frame","mn":"ADBE Vector Shape - Group"},{"ty":"fl","c":{"a":0,"k":[1,1,1,1]},"o":{"a":0,"k":100},"r":1,"nm":"Fill 1","mn":"ADBE Vector Graphic - Fill"}],"ip":0,"op":900.000036657751,"st":0,"bm":0,"sr":1},{"ddd":0,"ind":12,"ty":4,"nm":"flashy","ks":{"o":{"a":1,"k":[{"i":{"x":[0.833],"y":[0.833]},"o":{"x":[0.167],"y":[0.167]},"n":["0p833_0p833_0p167_0p167"],"t":251,"s":[0],"e":[100]},{"i":{"x":[0.833],"y":[0.833]},"o":{"x":[0.167],"y":[0.167]},"n":["0p833_0p833_0p167_0p167"],"t":254,"s":[100],"e":[0]},{"t":257.000010467825}]},"r":{"a":0,"k":0},"p":{"a":0,"k":[260,388,0]},"a":{"a":0,"k":[320,568,0]},"s":{"a":0,"k":[100,100,100]}},"ao":0,"shapes":[{"ind":0,"ty":"sh","ks":{"a":0,"k":{"i":[[0,0],[0,0],[0,0],[0,0]],"o":[[0,0],[0,0],[0,0],[0,0]],"v":[[427.723,247.75],[214.861,249],[214.861,621.75],[427.723,620.5]],"c":true}},"nm":"Mask 1","mn":"ADBE Vector Shape - Group"},{"ty":"fl","c":{"a":0,"k":[1,1,1,1]},"o":{"a":0,"k":100},"r":1,"nm":"Fill 1","mn":"ADBE Vector Graphic - Fill"}],"ip":0,"op":900.000036657751,"st":0,"bm":0,"sr":1},{"ddd":0,"ind":13,"ty":4,"nm":"ani_hint_hand_2","ks":{"o":{"a":1,"k":[{"i":{"x":[0.833],"y":[0.833]},"o":{"x":[0.167],"y":[0.167]},"n":["0p833_0p833_0p167_0p167"],"t":31,"s":[0],"e":[100]},{"i":{"x":[0.833],"y":[0.833]},"o":{"x":[0.167],"y":[0.167]},"n":["0p833_0p833_0p167_0p167"],"t":42,"s":[100],"e":[100]},{"i":{"x":[0.833],"y":[0.833]},"o":{"x":[0.167],"y":[0.167]},"n":["0p833_0p833_0p167_0p167"],"t":91,"s":[100],"e":[0]},{"t":121.000004928431}]},"r":{"a":0,"k":0},"p":{"a":1,"k":[{"i":{"x":0.833,"y":0.833},"o":{"x":0.167,"y":0.167},"n":"0p833_0p833_0p167_0p167","t":31,"s":[175,290,0],"e":[175,154,0],"to":[0,-22.6666660308838,0],"ti":[0,22.6666660308838,0]},{"i":{"x":0.833,"y":0.833},"o":{"x":0.167,"y":0.167},"n":"0p833_0p833_0p167_0p167","t":74,"s":[175,154,0],"e":[175,154,0],"to":[0,0,0],"ti":[0,0,0]},{"i":{"x":0.833,"y":0.833},"o":{"x":0.167,"y":0.167},"n":"0p833_0p833_0p167_0p167","t":91,"s":[175,154,0],"e":[127,36,0],"to":[-8,-19.6666660308838,0],"ti":[8,19.6666660308838,0]},{"t":121.000004928431}]},"a":{"a":0,"k":[260,293,0]},"s":{"a":0,"k":[100,100,100]}},"ao":0,"shapes":[{"ind":0,"ty":"sh","ks":{"a":0,"k":{"i":[[-0.222,0.129],[0,0],[-1.056,-0.276],[0,0],[-0.302,0.055],[0,0],[-0.6,-0.036],[0,0],[-0.096,2.794],[0,0],[2.317,0.534],[0,0],[2.663,-0.105],[0,0],[0.178,0.218],[0,0],[-0.464,0.282],[0,0],[1.364,2.268],[0,0],[2.275,-1.368],[0,0],[0.229,0.282],[0,0],[-0.381,0.229],[0,0],[1.483,2.468],[0,0],[2.468,-1.483],[0,0],[0.198,0.233],[0,0],[-0.331,0.199],[0,0],[1.365,2.271],[0,0],[2.27,-1.364],[0,0],[0.26,0.331],[0,0],[-0.43,0.259],[0,0],[1.42,2.264],[0,0],[2.227,-1.312],[0,0],[3.026,-0.856],[0,0],[1.044,-0.542],[0.135,-0.101],[0,0],[1.365,-2.306],[0,0],[1.962,-1.221],[0,0],[-0.132,-0.219],[0,0]],"o":[[0,0],[0.943,-0.55],[0,0],[0.298,0.078],[0,0],[0.591,-0.108],[0,0],[2.79,0.169],[0,0],[0.081,-2.376],[0,0],[-2.597,-0.599],[0,0],[-0.281,0.011],[0,0],[-0.343,-0.421],[0,0],[2.262,-1.373],[0,0],[-1.367,-2.275],[0,0],[-0.311,0.187],[0,0],[-0.28,-0.344],[0,0],[2.468,-1.483],[0,0],[-1.483,-2.468],[0,0],[-0.262,0.157],[0,0],[-0.251,-0.294],[0,0],[2.27,-1.364],[0,0],[-1.364,-2.27],[0,0],[-0.361,0.217],[0,0],[-0.31,-0.395],[0,0],[2.29,-1.376],[0,0],[-1.374,-2.189],[0,0],[-2.709,1.598],[0,0],[-1.132,0.32],[-1.188,0.616],[0,0],[-2.144,1.607],[0,0],[-1.177,1.988],[0,0],[-0.218,0.136],[0,0],[0.132,0.22]],"v":[[230.53,331.139],[238.544,326.46],[241.666,326.032],[247.267,327.497],[248.178,327.531],[260.345,325.297],[262.138,325.189],[277.029,326.091],[282.296,321.301],[282.296,321.301],[278.447,316.289],[278.159,316.222],[270.233,315.479],[267.326,315.593],[266.597,315.264],[266.597,315.264],[266.827,313.935],[304.822,290.884],[306.448,284.3],[306.448,284.3],[299.853,282.657],[275.026,297.578],[274.084,297.413],[274.084,297.413],[274.274,296.327],[306.974,276.674],[308.756,269.521],[308.756,269.521],[301.603,267.738],[271.138,286.048],[270.34,285.917],[270.34,285.917],[270.494,284.975],[297.563,268.707],[299.203,262.125],[299.203,262.125],[292.622,260.485],[263.049,278.259],[261.963,278.059],[261.963,278.059],[262.19,276.829],[283.124,264.248],[284.708,257.619],[284.708,257.619],[278.241,256.044],[259.556,267.059],[250.916,270.754],[244.912,272.454],[241.64,273.75],[238.923,275.207],[230.66,281.4],[225.345,287.327],[222.651,291.879],[217.874,296.764],[212.047,300.389],[211.893,301.028],[229.891,330.976]],"c":true}},"nm":"\rhint_hand_2","mn":"ADBE Vector Shape - Group"},{"ty":"fl","c":{"a":0,"k":[0.5843138,0.5843138,0.5843138,1]},"o":{"a":0,"k":100},"r":1,"nm":"Fill 1","mn":"ADBE Vector Graphic - Fill"}],"ip":0,"op":900.000036657751,"st":0,"bm":0,"sr":1},{"ddd":0,"ind":14,"ty":4,"nm":"ani_hint_hand_1","ks":{"o":{"a":1,"k":[{"i":{"x":[0.833],"y":[0.833]},"o":{"x":[0.167],"y":[0.167]},"n":["0p833_0p833_0p167_0p167"],"t":34,"s":[0],"e":[100]},{"i":{"x":[0.833],"y":[0.833]},"o":{"x":[0.167],"y":[0.167]},"n":["0p833_0p833_0p167_0p167"],"t":42,"s":[100],"e":[100]},{"i":{"x":[0.833],"y":[0.833]},"o":{"x":[0.167],"y":[0.167]},"n":["0p833_0p833_0p167_0p167"],"t":91,"s":[100],"e":[0]},{"t":121.000004928431}]},"r":{"a":0,"k":0},"p":{"a":1,"k":[{"i":{"x":0.833,"y":0.833},"o":{"x":0.167,"y":0.167},"n":"0p833_0p833_0p167_0p167","t":42,"s":[343,309,0],"e":[343,374,0],"to":[0,10.8333330154419,0],"ti":[0,-10.8333330154419,0]},{"i":{"x":0.833,"y":0.833},"o":{"x":0.167,"y":0.167},"n":"0p833_0p833_0p167_0p167","t":74,"s":[343,374,0],"e":[343,374,0],"to":[0,0,0],"ti":[0,0,0]},{"i":{"x":0.833,"y":0.833},"o":{"x":0.167,"y":0.167},"n":"0p833_0p833_0p167_0p167","t":91,"s":[343,374,0],"e":[395,469,0],"to":[8.66666698455811,15.8333330154419,0],"ti":[-8.66666698455811,-15.8333330154419,0]},{"t":121.000004928431}]},"a":{"a":0,"k":[260,293,0]},"s":{"a":0,"k":[100,100,100]}},"ao":0,"shapes":[{"ind":0,"ty":"sh","ks":{"a":0,"k":{"i":[[0.038,0.253],[0,0],[0.877,0.65],[0,0],[0.146,0.271],[0,0],[0.404,0.445],[0,0],[-2.118,1.825],[0,0],[-1.868,-1.472],[0,0],[-1.586,-2.143],[0,0],[-0.281,-0.002],[0,0],[0.071,0.538],[0,0],[-2.622,0.357],[0,0],[-0.359,-2.63],[0,0],[-0.363,-0.002],[0,0],[0.06,0.44],[0,0],[-2.853,0.389],[0,0],[-0.389,-2.853],[0,0],[-0.306,-0.009],[0,0],[0.052,0.383],[0,0],[-2.624,0.358],[0,0],[-0.358,-2.625],[0,0],[-0.421,0.004],[0,0],[0.068,0.497],[0,0],[-2.654,0.31],[0,0],[-0.371,-2.558],[0,0],[-1.228,-2.896],[0,0],[-0.232,-1.153],[-0.006,-0.168],[0,0],[0.943,-2.508],[0,0],[-0.277,-2.294],[0,0],[0.254,-0.035],[0,0]],"o":[[0,0],[-0.161,-1.08],[0,0],[-0.247,-0.183],[0,0],[-0.285,-0.528],[0,0],[-1.879,-2.07],[0,0],[1.802,-1.552],[0,0],[2.094,1.65],[0,0],[0.168,0.227],[0,0],[0.543,0.003],[0,0],[-0.347,-2.624],[0,0],[2.63,-0.359],[0,0],[0.049,0.36],[0,0],[0.444,0.003],[0,0],[-0.389,-2.853],[0,0],[2.853,-0.389],[0,0],[0.041,0.303],[0,0],[0.386,0.011],[0,0],[-0.358,-2.624],[0,0],[2.625,-0.358],[0,0],[0.057,0.417],[0,0],[0.502,-0.006],[0,0],[-0.361,-2.648],[0,0],[2.567,-0.3],[0,0],[0.451,3.113],[0,0],[0.459,1.083],[0.264,1.312],[0,0],[0.09,2.678],[0,0],[-0.813,2.163],[0,0],[0.031,0.254],[0,0],[-0.254,0.035]],"v":[[255.138,342.768],[253.767,333.588],[252.146,330.886],[247.497,327.437],[246.899,326.748],[241.021,315.864],[239.983,314.398],[229.954,303.353],[230.391,296.247],[230.391,296.247],[236.709,296.109],[236.941,296.292],[242.484,302.006],[244.215,304.344],[244.928,304.706],[244.928,304.706],[245.821,303.694],[239.998,259.638],[244.113,254.247],[244.113,254.247],[249.524,258.359],[253.439,287.059],[254.157,287.69],[254.157,287.69],[254.885,286.862],[249.729,249.061],[254.19,243.191],[254.19,243.191],[260.059,247.652],[264.863,282.869],[265.464,283.41],[265.464,283.41],[266.102,282.7],[261.834,251.408],[265.938,246.008],[265.938,246.008],[271.338,250.112],[276.001,284.298],[276.836,285.02],[276.836,285.02],[277.654,284.073],[274.353,259.874],[278.528,254.487],[278.528,254.487],[283.806,258.543],[286.92,280.008],[289.449,289.058],[291.885,294.804],[292.923,298.166],[293.489,301.197],[293.835,311.518],[292.542,319.373],[290.681,324.324],[289.864,331.107],[290.687,337.92],[290.285,338.441],[255.665,343.163]],"c":true}},"nm":"\rhint_hand_1","mn":"ADBE Vector Shape - Group"},{"ty":"fl","c":{"a":0,"k":[0.5843138,0.5843138,0.5843138,1]},"o":{"a":0,"k":100},"r":1,"nm":"Fill 1","mn":"ADBE Vector Graphic - Fill"}],"ip":0,"op":900.000036657751,"st":0,"bm":0,"sr":1},{"ddd":0,"ind":15,"ty":0,"nm":"\rani_page_5","refId":"comp_0","ks":{"o":{"a":1,"k":[{"i":{"x":[0.833],"y":[0.833]},"o":{"x":[0.167],"y":[0.167]},"n":["0p833_0p833_0p167_0p167"],"t":254,"s":[0],"e":[100]},{"t":257.000010467825}]},"r":{"a":0,"k":0},"p":{"a":0,"k":[261,256,0]},"a":{"a":0,"k":[82,111,0]},"s":{"a":0,"k":[80,80,100]}},"ao":0,"w":164,"h":222,"ip":0,"op":899.100036621094,"st":0,"bm":0,"sr":1},{"ddd":0,"ind":16,"ty":0,"nm":"\rani_page_4","refId":"comp_1","ks":{"o":{"a":1,"k":[{"i":{"x":[0.833],"y":[0.833]},"o":{"x":[0.167],"y":[0.167]},"n":["0p833_0p833_0p167_0p167"],"t":76,"s":[0],"e":[100]},{"t":86.0000035028518}]},"r":{"a":0,"k":0},"p":{"a":1,"k":[{"i":{"x":0.833,"y":0.833},"o":{"x":0.167,"y":0.167},"n":"0p833_0p833_0p167_0p167","t":117,"s":[261,256,0],"e":[261,256,0],"to":[0,0,0],"ti":[0,0,0]},{"t":135.000005498663}]},"a":{"a":0,"k":[82,109.5,0]},"s":{"a":1,"k":[{"i":{"x":[0.833,0.833,0.833],"y":[0.833,0.833,0.833]},"o":{"x":[0.167,0.167,0.167],"y":[0.167,0.167,0.167]},"n":["0p833_0p833_0p167_0p167","0p833_0p833_0p167_0p167","0p833_0p833_0p167_0p167"],"t":117,"s":[100,98.5,100],"e":[80,80,100]},{"t":135.000005498663}]}},"ao":0,"w":164,"h":222,"ip":0,"op":899.100036621094,"st":0,"bm":0,"sr":1},{"ddd":0,"ind":17,"ty":0,"nm":"\rani_page_3","parent":18,"refId":"comp_2","ks":{"o":{"a":1,"k":[{"i":{"x":[0.833],"y":[0.833]},"o":{"x":[0.167],"y":[0.167]},"n":["0p833_0p833_0p167_0p167"],"t":15,"s":[0],"e":[100]},{"i":{"x":[0.833],"y":[0.833]},"o":{"x":[0.167],"y":[0.167]},"n":["0p833_0p833_0p167_0p167"],"t":31,"s":[100],"e":[100]},{"i":{"x":[0.833],"y":[0.833]},"o":{"x":[0.167],"y":[0.167]},"n":["0p833_0p833_0p167_0p167"],"t":111,"s":[100],"e":[0]},{"t":117.000004765508}]},"r":{"a":0,"k":0},"p":{"a":0,"k":[100,73,0]},"a":{"a":0,"k":[100,0,0]},"s":{"a":0,"k":[100,100,100]}},"ao":0,"w":200,"h":74,"ip":0,"op":899.100036621094,"st":0,"bm":0,"sr":1},{"ddd":0,"ind":18,"ty":0,"nm":"\rani_page_2","refId":"comp_3","ks":{"o":{"a":1,"k":[{"i":{"x":[0.833],"y":[0.833]},"o":{"x":[0.167],"y":[0.167]},"n":["0p833_0p833_0p167_0p167"],"t":15,"s":[0],"e":[100]},{"i":{"x":[0.833],"y":[0.833]},"o":{"x":[0.167],"y":[0.167]},"n":["0p833_0p833_0p167_0p167"],"t":31,"s":[100],"e":[100]},{"i":{"x":[0.833],"y":[0.833]},"o":{"x":[0.167],"y":[0.167]},"n":["0p833_0p833_0p167_0p167"],"t":111,"s":[100],"e":[0]},{"t":117.000004765508}]},"r":{"a":0,"k":0},"p":{"a":0,"k":[261,294.5,0]},"a":{"a":0,"k":[82,74,0]},"s":{"a":0,"k":[100,100,100]}},"ao":0,"w":164,"h":74,"ip":0,"op":899.100036621094,"st":0,"bm":0,"sr":1},{"ddd":0,"ind":19,"ty":0,"nm":"\rani_page_1","parent":18,"refId":"comp_4","ks":{"o":{"a":1,"k":[{"i":{"x":[0.833],"y":[0.833]},"o":{"x":[0.167],"y":[0.167]},"n":["0p833_0p833_0p167_0p167"],"t":15,"s":[0],"e":[100]},{"i":{"x":[0.833],"y":[0.833]},"o":{"x":[0.167],"y":[0.167]},"n":["0p833_0p833_0p167_0p167"],"t":31,"s":[100],"e":[100]},{"i":{"x":[0.833],"y":[0.833]},"o":{"x":[0.167],"y":[0.167]},"n":["0p833_0p833_0p167_0p167"],"t":111,"s":[100],"e":[0]},{"t":117.000004765508}]},"r":{"a":0,"k":0},"p":{"a":0,"k":[100,1.5,0]},"a":{"a":0,"k":[100,74,0]},"s":{"a":0,"k":[100,100,100]}},"ao":0,"w":200,"h":74,"ip":0,"op":899.100036621094,"st":0,"bm":0,"sr":1},{"ddd":0,"ind":20,"ty":4,"nm":"background","ks":{"o":{"a":0,"k":100},"r":{"a":0,"k":0},"p":{"a":0,"k":[261,293,0]},"a":{"a":0,"k":[261,293,0]},"s":{"a":0,"k":[100,100,100]}},"ao":0,"shapes":[{"ind":0,"ty":"sh","ks":{"a":0,"k":{"i":[[0,0],[0,0],[0,0],[0,0]],"o":[[0,0],[0,0],[0,0],[0,0]],"v":[[0,0],[0,586],[522,586],[522,0]],"c":true}},"nm":"Mask 1","mn":"ADBE Vector Shape - Group"},{"ty":"fl","c":{"a":0,"k":[1,1,1,1]},"o":{"a":0,"k":100},"r":1,"nm":"Fill 1","mn":"ADBE Vector Graphic - Fill"}],"ip":0,"op":900.000036657751,"st":0,"bm":0,"sr":1}]}