{"v":"4.6.3","fr":25,"ip":0,"op":76,"w":1000,"h":1000,"nm":"FeatureCard1_Medal_01_bm","ddd":0,"assets":[{"id":"comp_0","layers":[{"ddd":0,"ind":1,"ty":4,"nm":"Shape Layer 3","td":1,"ks":{"o":{"a":0,"k":100},"r":{"a":0,"k":0},"p":{"a":0,"k":[482,537.5,0]},"a":{"a":0,"k":[0,0,0]},"s":{"a":1,"k":[{"i":{"x":[0.569,0.569,0.688],"y":[0.915,0.915,0.688]},"o":{"x":[0.018,0.018,0.157],"y":[-0.007,-0.007,0.157]},"n":["0p569_0p915_0p018_-0p007","0p569_0p915_0p018_-0p007","0p688_0p688_0p157_0p157"],"t":1,"s":[103,103,100],"e":[486.836,486.836,100]},{"t":15}]}},"ao":0,"shapes":[{"d":1,"ty":"el","s":{"a":0,"k":[100,100]},"p":{"a":0,"k":[0,0]},"nm":"Ellipse Path 1","mn":"ADBE Vector Shape - Ellipse"},{"ty":"fl","c":{"a":0,"k":[1,1,1,1]},"o":{"a":0,"k":100},"r":1,"nm":"Fill 1","mn":"ADBE Vector Graphic - Fill"}],"ip":0,"op":110,"st":0,"bm":0,"sr":1},{"ddd":0,"ind":2,"ty":4,"nm":"Shape Layer 4","tt":2,"ks":{"o":{"a":1,"k":[{"i":{"x":[0.833],"y":[0.833]},"o":{"x":[0.167],"y":[0.167]},"n":["0p833_0p833_0p167_0p167"],"t":0,"s":[100],"e":[0]},{"t":15}]},"r":{"a":0,"k":0},"p":{"a":0,"k":[482,537.5,0]},"a":{"a":0,"k":[0,0,0]},"s":{"a":0,"k":[100,100,100]}},"ao":0,"shapes":[{"d":1,"ty":"el","s":{"a":1,"k":[{"i":{"x":[0.227,0.227],"y":[1,1]},"o":{"x":[0.147,0.147],"y":[0.622,0.622]},"n":["0p227_1_0p147_0p622","0p227_1_0p147_0p622"],"t":0,"s":[0,0],"e":[478,478]},{"t":14.607421875}]},"p":{"a":0,"k":[0,0]},"nm":"Ellipse Path 1","mn":"ADBE Vector Shape - Ellipse"},{"ty":"fl","c":{"a":0,"k":[0.5682691,0.5686275,0.5663976,1]},"o":{"a":0,"k":100},"r":1,"nm":"Fill 1","mn":"ADBE Vector Graphic - Fill"}],"ip":0,"op":110,"st":0,"bm":0,"sr":1}]},{"id":"comp_1","layers":[{"ddd":0,"ind":1,"ty":4,"nm":"Shape Layer 3","ks":{"o":{"a":0,"k":100},"r":{"a":0,"k":0},"p":{"a":0,"k":[500,500,0]},"a":{"a":0,"k":[0,0,0]},"s":{"a":0,"k":[100,100,100]}},"ao":0,"shapes":[{"ty":"gr","it":[{"ind":0,"ty":"sh","ix":1,"ks":{"a":0,"k":{"i":[[0,0],[0,0]],"o":[[0,0],[0,0]],"v":[[0,168],[0,-76]],"c":false}},"nm":"Path 1","mn":"ADBE Vector Shape - Group"},{"ty":"st","c":{"a":0,"k":[0.1176471,0.1647059,0.1960784,1]},"o":{"a":0,"k":100},"w":{"a":0,"k":27},"lc":2,"lj":2,"nm":"Stroke 1","mn":"ADBE Vector Graphic - Stroke"},{"ty":"tr","p":{"a":0,"k":[0,0],"ix":2},"a":{"a":0,"k":[0,0],"ix":1},"s":{"a":0,"k":[100,100],"ix":3},"r":{"a":0,"k":0,"ix":6},"o":{"a":0,"k":100,"ix":7},"sk":{"a":0,"k":0,"ix":4},"sa":{"a":0,"k":0,"ix":5},"nm":"Transform"}],"nm":"Shape 1","np":2,"cix":2,"ix":1,"mn":"ADBE Vector Group"},{"ty":"tm","s":{"a":1,"k":[{"i":{"x":[0.667],"y":[1]},"o":{"x":[0.333],"y":[0]},"n":["0p667_1_0p333_0"],"t":3,"s":[0],"e":[100]},{"t":11}],"ix":1},"e":{"a":1,"k":[{"i":{"x":[0.145],"y":[1]},"o":{"x":[0.089],"y":[0.513]},"n":["0p145_1_0p089_0p513"],"t":0,"s":[0],"e":[100]},{"t":11}],"ix":2},"o":{"a":0,"k":0,"ix":3},"m":1,"ix":2,"nm":"Trim Paths 1","mn":"ADBE Vector Filter - Trim"}],"ip":0,"op":75,"st":0,"bm":0,"sr":1}]}],"layers":[{"ddd":0,"ind":1,"ty":3,"nm":"Null 1","ks":{"o":{"a":0,"k":0},"r":{"a":0,"k":0},"p":{"a":0,"k":[500,372,0]},"a":{"a":0,"k":[0,0,0]},"s":{"a":1,"k":[{"i":{"x":[0.667,0.667,0.667],"y":[1,1,0.667]},"o":{"x":[0.167,0.167,0.167],"y":[0.167,0.167,0.167]},"n":["0p667_1_0p167_0p167","0p667_1_0p167_0p167","0p667_0p667_0p167_0p167"],"t":0,"s":[20,20,100],"e":[81.5,81.5,100]},{"i":{"x":[0.667,0.667,0.667],"y":[1,1,0.667]},"o":{"x":[0.333,0.333,0.333],"y":[0,0,0.333]},"n":["0p667_1_0p333_0","0p667_1_0p333_0","0p667_0p667_0p333_0p333"],"t":8.131,"s":[81.5,81.5,100],"e":[70,70,100]},{"t":12.5654296875}]}},"ao":0,"ip":0,"op":75,"st":0,"bm":0,"sr":1},{"ddd":0,"ind":2,"ty":4,"nm":"Layer 1 Outlines","parent":1,"ks":{"o":{"a":0,"k":100},"r":{"a":0,"k":0},"p":{"a":0,"k":[-1.466,0.078,0]},"a":{"a":0,"k":[345.287,284.764,0]},"s":{"a":0,"k":[737,737,100]}},"ao":0,"shapes":[{"ty":"gr","it":[{"ind":0,"ty":"sh","ix":1,"ks":{"a":1,"k":[{"i":{"x":0.667,"y":1},"o":{"x":0.333,"y":0},"n":"0p667_1_0p333_0","t":0.739,"s":[{"i":[[0,0],[0,0],[0,0],[0,0]],"o":[[0,0],[0,0],[0,0],[0,0]],"v":[[0.118,3.574],[-0.017,3.574],[-0.017,-3.574],[0.118,-3.574]],"c":true}],"e":[{"i":[[0,0],[0,0],[0,0],[0,0]],"o":[[0,0],[0,0],[0,0],[0,0]],"v":[[26.17,3.574],[-25.798,3.574],[-25.798,-3.574],[26.17,-3.574]],"c":true}]},{"i":{"x":0.833,"y":1},"o":{"x":0.167,"y":0},"n":"0p833_1_0p167_0","t":6.504,"s":[{"i":[[0,0],[0,0],[0,0],[0,0]],"o":[[0,0],[0,0],[0,0],[0,0]],"v":[[26.17,3.574],[-25.798,3.574],[-25.798,-3.574],[26.17,-3.574]],"c":true}],"e":[{"i":[[0,0],[0,0],[0,0],[0,0]],"o":[[0,0],[0,0],[0,0],[0,0]],"v":[[21.042,3.574],[-21.042,3.574],[-21.042,-3.574],[21.042,-3.574]],"c":true}]},{"t":10.34765625}]},"nm":"Path 1","mn":"ADBE Vector Shape - Group"},{"ty":"st","c":{"a":0,"k":[0.118,0.165,0.196,1]},"o":{"a":0,"k":100},"w":{"a":0,"k":3},"lc":1,"lj":1,"ml":10,"nm":"Stroke 1","mn":"ADBE Vector Graphic - Stroke"},{"ty":"tr","p":{"a":0,"k":[345.504,284.632],"ix":2},"a":{"a":0,"k":[0,0],"ix":1},"s":{"a":0,"k":[100,100],"ix":3},"r":{"a":0,"k":0,"ix":6},"o":{"a":0,"k":100,"ix":7},"sk":{"a":0,"k":0,"ix":4},"sa":{"a":0,"k":0,"ix":5},"nm":"Transform"}],"nm":"Group 28","np":2,"cix":2,"ix":1,"mn":"ADBE Vector Group"}],"ip":1,"op":76,"st":1,"bm":0,"sr":1},{"ddd":0,"ind":3,"ty":4,"nm":"Shape Layer 1","parent":1,"td":1,"ks":{"o":{"a":0,"k":100},"r":{"a":0,"k":0},"p":{"a":0,"k":[0,252,0]},"a":{"a":0,"k":[0,0,0]},"s":{"a":0,"k":[100,100,100]}},"ao":0,"shapes":[{"ty":"gr","it":[{"ty":"rc","d":1,"s":{"a":0,"k":[1300,424]},"p":{"a":0,"k":[0,0]},"r":{"a":0,"k":0},"nm":"Rectangle Path 1","mn":"ADBE Vector Shape - Rect"},{"ty":"fl","c":{"a":0,"k":[0.945098,0.2039216,0.0823529,1]},"o":{"a":0,"k":100},"r":1,"nm":"Fill 1","mn":"ADBE Vector Graphic - Fill"},{"ty":"tr","p":{"a":0,"k":[0,-428],"ix":2},"a":{"a":0,"k":[0,0],"ix":1},"s":{"a":0,"k":[100,100],"ix":3},"r":{"a":0,"k":0,"ix":6},"o":{"a":0,"k":100,"ix":7},"sk":{"a":0,"k":0,"ix":4},"sa":{"a":0,"k":0,"ix":5},"nm":"Transform"}],"nm":"Rectangle 1","np":3,"cix":2,"ix":1,"mn":"ADBE Vector Group"}],"ip":0,"op":75,"st":0,"bm":0,"sr":1},{"ddd":0,"ind":4,"ty":4,"nm":"Layer 1 Outlines 2","parent":1,"tt":2,"ks":{"o":{"a":0,"k":100},"r":{"a":0,"k":0},"p":{"a":1,"k":[{"i":{"x":0.667,"y":1},"o":{"x":0.333,"y":0},"n":"0p667_1_0p333_0","t":2.218,"s":[0.034,-249.922,0],"e":[0.034,112.078,0],"to":[0,60.3333320617676,0],"ti":[0,-46.1666679382324,0]},{"i":{"x":0.667,"y":1},"o":{"x":0.333,"y":0},"n":"0p667_1_0p333_0","t":8.131,"s":[0.034,112.078,0],"e":[0.034,27.078,0],"to":[0,46.1666679382324,0],"ti":[0,14.1666669845581,0]},{"t":13.3046875}]},"a":{"a":0,"k":[345.491,288.427,0]},"s":{"a":0,"k":[737,737,100]}},"ao":0,"shapes":[{"ty":"gr","it":[{"ind":0,"ty":"sh","ix":1,"ks":{"a":0,"k":{"i":[[0,0],[0,0]],"o":[[0,0],[0,0]],"v":[[354.334,274.637],[354.334,319.863]],"c":false}},"nm":"Path 1","mn":"ADBE Vector Shape - Group"},{"ty":"st","c":{"a":0,"k":[0.118,0.165,0.196,1]},"o":{"a":0,"k":100},"w":{"a":0,"k":3},"lc":1,"lj":1,"ml":10,"nm":"Stroke 1","mn":"ADBE Vector Graphic - Stroke"},{"ty":"tr","p":{"a":0,"k":[0,0],"ix":2},"a":{"a":0,"k":[0,0],"ix":1},"s":{"a":0,"k":[100,100],"ix":3},"r":{"a":0,"k":0,"ix":6},"o":{"a":0,"k":100,"ix":7},"sk":{"a":0,"k":0,"ix":4},"sa":{"a":0,"k":0,"ix":5},"nm":"Transform"}],"nm":"Group 29","np":2,"cix":2,"ix":1,"mn":"ADBE Vector Group"},{"ty":"gr","it":[{"ind":0,"ty":"sh","ix":1,"ks":{"a":0,"k":{"i":[[0,0],[0,0]],"o":[[0,0],[0,0]],"v":[[336.673,274.637],[336.673,319.863]],"c":false}},"nm":"Path 1","mn":"ADBE Vector Shape - Group"},{"ty":"st","c":{"a":0,"k":[0.118,0.165,0.196,1]},"o":{"a":0,"k":100},"w":{"a":0,"k":3},"lc":1,"lj":1,"ml":10,"nm":"Stroke 1","mn":"ADBE Vector Graphic - Stroke"},{"ty":"tr","p":{"a":0,"k":[0,0],"ix":2},"a":{"a":0,"k":[0,0],"ix":1},"s":{"a":0,"k":[100,100],"ix":3},"r":{"a":0,"k":0,"ix":6},"o":{"a":0,"k":100,"ix":7},"sk":{"a":0,"k":0,"ix":4},"sa":{"a":0,"k":0,"ix":5},"nm":"Transform"}],"nm":"Group 30","np":2,"cix":2,"ix":2,"mn":"ADBE Vector Group"},{"ty":"gr","it":[{"ind":0,"ty":"sh","ix":1,"ks":{"a":0,"k":{"i":[[0,0],[0,0],[0,0],[0,0],[0,0]],"o":[[0,0],[0,0],[0,0],[0,0],[0,0]],"v":[[17.66,6.672],[-0.001,18.503],[-17.66,6.672],[-17.66,-32.071],[17.66,-32.071]],"c":true}},"nm":"Path 1","mn":"ADBE Vector Shape - Group"},{"ty":"st","c":{"a":0,"k":[0.118,0.165,0.196,1]},"o":{"a":0,"k":100},"w":{"a":0,"k":3},"lc":1,"lj":1,"ml":10,"nm":"Stroke 1","mn":"ADBE Vector Graphic - Stroke"},{"ty":"tr","p":{"a":0,"k":[345.504,306.708],"ix":2},"a":{"a":0,"k":[0,0],"ix":1},"s":{"a":0,"k":[100,100],"ix":3},"r":{"a":0,"k":0,"ix":6},"o":{"a":0,"k":100,"ix":7},"sk":{"a":0,"k":0,"ix":4},"sa":{"a":0,"k":0,"ix":5},"nm":"Transform"}],"nm":"Group 31","np":2,"cix":2,"ix":3,"mn":"ADBE Vector Group"}],"ip":2,"op":80,"st":5,"bm":0,"sr":1},{"ddd":0,"ind":5,"ty":4,"nm":"Shape Layer 2","parent":4,"td":1,"ks":{"o":{"a":0,"k":100},"r":{"a":0,"k":0},"p":{"a":0,"k":[345.486,307.37,0]},"a":{"a":0,"k":[0,0,0]},"s":{"a":0,"k":[13.569,13.569,100]}},"ao":0,"shapes":[{"ty":"gr","it":[{"ind":0,"ty":"sh","ix":1,"ks":{"a":0,"k":{"i":[[0,0],[0,0],[0,0],[0,0],[0,0],[-34,-2],[0,0]],"o":[[0,0],[0,0],[0,0],[0,0],[0,0],[34,2],[0,0]],"v":[[253.5,-30.5],[-0.5,140],[-165.5,29],[-324,4],[-532,410],[-52,530],[648,334]],"c":true}},"nm":"Path 1","mn":"ADBE Vector Shape - Group"},{"ty":"fl","c":{"a":0,"k":[0.945098,0.2039216,0.0823529,1]},"o":{"a":0,"k":100},"r":1,"nm":"Fill 1","mn":"ADBE Vector Graphic - Fill"},{"ty":"tr","p":{"a":0,"k":[0,0],"ix":2},"a":{"a":0,"k":[0,0],"ix":1},"s":{"a":0,"k":[100,100],"ix":3},"r":{"a":0,"k":0,"ix":6},"o":{"a":0,"k":100,"ix":7},"sk":{"a":0,"k":0,"ix":4},"sa":{"a":0,"k":0,"ix":5},"nm":"Transform"}],"nm":"Shape 1","np":3,"cix":2,"ix":1,"mn":"ADBE Vector Group"}],"ip":0,"op":75,"st":0,"bm":0,"sr":1},{"ddd":0,"ind":6,"ty":4,"nm":"Layer 1 Outlines 3","parent":4,"tt":1,"ks":{"o":{"a":0,"k":100},"r":{"a":0,"k":0},"p":{"s":true,"x":{"a":0,"k":345.491},"y":{"a":0,"k":326.826}},"a":{"a":0,"k":[345.491,326.826,0]},"s":{"a":1,"k":[{"i":{"x":[0.667,0.667,0.667],"y":[1,1,0.667]},"o":{"x":[0.333,0.333,0.333],"y":[0,0,0.333]},"n":["0p667_1_0p333_0","0p667_1_0p333_0","0p667_0p667_0p333_0p333"],"t":7.392,"s":[0,0,100],"e":[124,124,100]},{"i":{"x":[0.667,0.667,0.667],"y":[1,1,0.667]},"o":{"x":[0.333,0.333,0.333],"y":[0,0,0.333]},"n":["0p667_1_0p333_0","0p667_1_0p333_0","0p667_0p667_0p333_0p333"],"t":12.565,"s":[124,124,100],"e":[100,100,100]},{"t":17}]}},"ao":0,"shapes":[{"ty":"gr","it":[{"ind":0,"ty":"sh","ix":1,"ks":{"a":0,"k":{"i":[[0,0],[0,0],[0,0],[0,0],[0,0],[0,0],[0,0],[0,0],[0,0],[0,0]],"o":[[0,0],[0,0],[0,0],[0,0],[0,0],[0,0],[0,0],[0,0],[0,0],[0,0]],"v":[[0,-16.797],[5.458,-5.738],[17.661,-3.965],[8.831,4.643],[10.915,16.797],[0,11.057],[-10.915,16.797],[-8.83,4.643],[-17.661,-3.965],[-5.458,-5.738]],"c":true}},"nm":"Path 1","mn":"ADBE Vector Shape - Group"},{"ty":"st","c":{"a":0,"k":[0.118,0.165,0.196,1]},"o":{"a":0,"k":100},"w":{"a":0,"k":3},"lc":1,"lj":1,"ml":10,"nm":"Stroke 1","mn":"ADBE Vector Graphic - Stroke"},{"ty":"tr","p":{"a":0,"k":[345.503,343.654],"ix":2},"a":{"a":0,"k":[0,0],"ix":1},"s":{"a":0,"k":[100,100],"ix":3},"r":{"a":0,"k":0,"ix":6},"o":{"a":0,"k":100,"ix":7},"sk":{"a":0,"k":0,"ix":4},"sa":{"a":0,"k":0,"ix":5},"nm":"Transform"}],"nm":"Group 32","np":2,"cix":2,"ix":1,"mn":"ADBE Vector Group"}],"ip":0,"op":75,"st":0,"bm":0,"sr":1},{"ddd":0,"ind":7,"ty":0,"nm":"Pre-comp 6","parent":6,"refId":"comp_0","ks":{"o":{"a":0,"k":50},"r":{"a":0,"k":0},"p":{"a":0,"k":[347.812,340.149,0]},"a":{"a":0,"k":[500,500,0]},"s":{"a":0,"k":[12.948,12.948,100]}},"ao":0,"w":1000,"h":1000,"ip":6,"op":97,"st":6,"bm":0,"sr":1},{"ddd":0,"ind":9,"ty":0,"nm":"Bling","parent":6,"refId":"comp_1","ks":{"o":{"a":0,"k":100},"r":{"a":0,"k":250},"p":{"a":0,"k":[319.781,354.345,0]},"a":{"a":0,"k":[500,500,0]},"s":{"a":0,"k":[7.569,7.569,100]}},"ao":0,"w":1000,"h":1000,"ip":9,"op":84,"st":9,"bm":0,"sr":1},{"ddd":0,"ind":10,"ty":0,"nm":"Bling","parent":6,"refId":"comp_1","ks":{"o":{"a":0,"k":100},"r":{"a":0,"k":110},"p":{"a":0,"k":[370.065,353.683,0]},"a":{"a":0,"k":[500,500,0]},"s":{"a":0,"k":[7.569,7.569,100]}},"ao":0,"w":1000,"h":1000,"ip":9,"op":84,"st":9,"bm":0,"sr":1},{"ddd":0,"ind":11,"ty":0,"nm":"Bling","parent":6,"refId":"comp_1","ks":{"o":{"a":0,"k":100},"r":{"a":0,"k":180},"p":{"a":0,"k":[345.588,372.07,0]},"a":{"a":0,"k":[500,500,0]},"s":{"a":0,"k":[7.569,7.569,100]}},"ao":0,"w":1000,"h":1000,"ip":9,"op":84,"st":9,"bm":0,"sr":1},{"ddd":0,"ind":12,"ty":0,"nm":"Bling","parent":6,"refId":"comp_1","ks":{"o":{"a":0,"k":100},"r":{"a":0,"k":-45},"p":{"a":0,"k":[327.611,324.018,0]},"a":{"a":0,"k":[500,500,0]},"s":{"a":0,"k":[7.569,7.569,100]}},"ao":0,"w":1000,"h":1000,"ip":9,"op":84,"st":9,"bm":0,"sr":1},{"ddd":0,"ind":13,"ty":0,"nm":"Bling","parent":6,"refId":"comp_1","ks":{"o":{"a":0,"k":100},"r":{"a":0,"k":45},"p":{"a":0,"k":[363.721,324.018,0]},"a":{"a":0,"k":[500,500,0]},"s":{"a":0,"k":[7.569,7.569,100]}},"ao":0,"w":1000,"h":1000,"ip":9,"op":84,"st":9,"bm":0,"sr":1}]}