{"v":"4.6.3","fr":60,"ip":0,"op":120,"w":1080,"h":1920,"nm":"Animation","ddd":0,"assets":[],"fonts":{"list":[{"fName":"Raleway-Medium","fFamily":"Raleway","fStyle":"Medium","ascent":72.9995727539062}]},"layers":[{"ddd":0,"ind":1,"ty":4,"nm":"Mountains2/mindfultheme Outlines","ks":{"o":{"a":0,"k":100},"r":{"a":0,"k":0},"p":{"a":0,"k":[540,1076,0]},"a":{"a":0,"k":[708,480,0]},"s":{"a":0,"k":[53.559,53.559,100]}},"ao":0,"shapes":[{"ty":"gr","it":[{"ind":0,"ty":"sh","ix":1,"ks":{"a":0,"k":{"i":[[0,0],[0,0],[0,0]],"o":[[0,0],[0,0],[0,0]],"v":[[-249.784,216.32],[249.784,216.32],[0,-216.32]],"c":true}},"nm":"Path 1","mn":"ADBE Vector Shape - Group"},{"ty":"fl","c":{"a":0,"k":[1,1,1,1]},"o":{"a":0,"k":100},"r":1,"nm":"Fill 1","mn":"ADBE Vector Graphic - Fill"},{"ty":"tr","p":{"a":0,"k":[554.398,217.023],"ix":2},"a":{"a":0,"k":[0,0],"ix":1},"s":{"a":0,"k":[100,100],"ix":3},"r":{"a":0,"k":0,"ix":6},"o":{"a":0,"k":100,"ix":7},"sk":{"a":0,"k":0,"ix":4},"sa":{"a":0,"k":0,"ix":5},"nm":"Transform"}],"nm":"Group 1","np":2,"cix":2,"ix":1,"mn":"ADBE Vector Group"},{"ty":"gr","it":[{"ind":0,"ty":"sh","ix":1,"ks":{"a":0,"k":{"i":[[0,0],[0,0],[0,0],[0,0]],"o":[[0,0],[0,0],[0,0],[0,0]],"v":[[-249.784,-67.07],[-327.229,67.07],[327.229,67.07],[249.785,-67.07]],"c":true}},"nm":"Path 1","mn":"ADBE Vector Shape - Group"},{"ty":"fl","c":{"a":0,"k":[0.655,0.298,0.09,1]},"o":{"a":0,"k":100},"r":1,"nm":"Fill 1","mn":"ADBE Vector Graphic - Fill"},{"ty":"tr","p":{"a":0,"k":[554.397,500.413],"ix":2},"a":{"a":0,"k":[0,0],"ix":1},"s":{"a":0,"k":[100,100],"ix":3},"r":{"a":0,"k":0,"ix":6},"o":{"a":0,"k":100,"ix":7},"sk":{"a":0,"k":0,"ix":4},"sa":{"a":0,"k":0,"ix":5},"nm":"Transform"}],"nm":"Group 2","np":2,"cix":2,"ix":2,"mn":"ADBE Vector Group"},{"ty":"gr","it":[{"ind":0,"ty":"sh","ix":1,"ks":{"a":0,"k":{"i":[[0,0],[0,0],[0,0],[0,0]],"o":[[0,0],[0,0],[0,0],[0,0]],"v":[[-327.23,-195.907],[-553.444,195.908],[553.444,195.908],[327.229,-195.907]],"c":true}},"nm":"Path 1","mn":"ADBE Vector Shape - Group"},{"ty":"fl","c":{"a":0,"k":[0.067,0.588,0.439,1]},"o":{"a":0,"k":100},"r":1,"nm":"Fill 1","mn":"ADBE Vector Graphic - Fill"},{"ty":"tr","p":{"a":0,"k":[554.398,763.389],"ix":2},"a":{"a":0,"k":[0,0],"ix":1},"s":{"a":0,"k":[100,100],"ix":3},"r":{"a":0,"k":0,"ix":6},"o":{"a":0,"k":100,"ix":7},"sk":{"a":0,"k":0,"ix":4},"sa":{"a":0,"k":0,"ix":5},"nm":"Transform"}],"nm":"Group 3","np":2,"cix":2,"ix":3,"mn":"ADBE Vector Group"},{"ty":"gr","it":[{"ind":0,"ty":"sh","ix":1,"ks":{"a":0,"k":{"i":[[0,0],[0,0],[0,0]],"o":[[0,0],[0,0],[0,0]],"v":[[-249.785,216.32],[249.785,216.32],[0,-216.32]],"c":true}},"nm":"Path 1","mn":"ADBE Vector Shape - Group"},{"ty":"fl","c":{"a":0,"k":[1,1,1,1]},"o":{"a":0,"k":100},"r":1,"nm":"Fill 1","mn":"ADBE Vector Graphic - Fill"},{"ty":"tr","p":{"a":0,"k":[861.601,217.023],"ix":2},"a":{"a":0,"k":[0,0],"ix":1},"s":{"a":0,"k":[100,100],"ix":3},"r":{"a":0,"k":0,"ix":6},"o":{"a":0,"k":100,"ix":7},"sk":{"a":0,"k":0,"ix":4},"sa":{"a":0,"k":0,"ix":5},"nm":"Transform"}],"nm":"Group 4","np":2,"cix":2,"ix":4,"mn":"ADBE Vector Group"},{"ty":"gr","it":[{"ind":0,"ty":"sh","ix":1,"ks":{"a":0,"k":{"i":[[0,0],[0,0],[0,0],[0,0]],"o":[[0,0],[0,0],[0,0],[0,0]],"v":[[-249.785,-67.07],[-327.23,67.07],[327.23,67.07],[249.785,-67.07]],"c":true}},"nm":"Path 1","mn":"ADBE Vector Shape - Group"},{"ty":"fl","c":{"a":0,"k":[0.655,0.298,0.09,1]},"o":{"a":0,"k":100},"r":1,"nm":"Fill 1","mn":"ADBE Vector Graphic - Fill"},{"ty":"tr","p":{"a":0,"k":[861.601,500.413],"ix":2},"a":{"a":0,"k":[0,0],"ix":1},"s":{"a":0,"k":[100,100],"ix":3},"r":{"a":0,"k":0,"ix":6},"o":{"a":0,"k":100,"ix":7},"sk":{"a":0,"k":0,"ix":4},"sa":{"a":0,"k":0,"ix":5},"nm":"Transform"}],"nm":"Group 5","np":2,"cix":2,"ix":5,"mn":"ADBE Vector Group"},{"ty":"gr","it":[{"ind":0,"ty":"sh","ix":1,"ks":{"a":0,"k":{"i":[[0,0],[0,0],[0,0],[0,0]],"o":[[0,0],[0,0],[0,0],[0,0]],"v":[[-327.23,-195.907],[-553.445,195.908],[553.444,195.908],[327.229,-195.907]],"c":true}},"nm":"Path 1","mn":"ADBE Vector Shape - Group"},{"ty":"fl","c":{"a":0,"k":[0.067,0.588,0.439,1]},"o":{"a":0,"k":100},"r":1,"nm":"Fill 1","mn":"ADBE Vector Graphic - Fill"},{"ty":"tr","p":{"a":0,"k":[861.602,763.389],"ix":2},"a":{"a":0,"k":[0,0],"ix":1},"s":{"a":0,"k":[100,100],"ix":3},"r":{"a":0,"k":0,"ix":6},"o":{"a":0,"k":100,"ix":7},"sk":{"a":0,"k":0,"ix":4},"sa":{"a":0,"k":0,"ix":5},"nm":"Transform"}],"nm":"Group 6","np":2,"cix":2,"ix":6,"mn":"ADBE Vector Group"}],"ip":0,"op":120,"st":0,"bm":0,"sr":1},{"ddd":0,"ind":2,"ty":4,"nm":"Sun2/mindfultheme Outlines","ks":{"o":{"a":1,"k":[{"i":{"x":[0.833],"y":[0.833]},"o":{"x":[0.167],"y":[0.167]},"n":["0p833_0p833_0p167_0p167"],"t":0,"s":[0],"e":[100]},{"t":60}]},"r":{"a":0,"k":0},"p":{"a":1,"k":[{"i":{"x":0.667,"y":1},"o":{"x":0.167,"y":0.167},"n":"0p667_1_0p167_0p167","t":0,"s":[540,596,0],"e":[540,836,0],"to":[0,40,0],"ti":[0,-40,0]},{"t":60}]},"a":{"a":0,"k":[723.5,723.5,0]},"s":{"a":0,"k":[53.559,53.559,100]}},"ao":0,"shapes":[{"ty":"gr","it":[{"ind":0,"ty":"sh","ix":1,"ks":{"a":0,"k":{"i":[[0,-399.154],[399.154,0],[0,399.153],[-399.154,0]],"o":[[0,399.153],[-399.154,0],[0,-399.154],[399.154,0]],"v":[[722.732,0],[0,722.731],[-722.732,0],[0,-722.731]],"c":true}},"nm":"Path 1","mn":"ADBE Vector Shape - Group"},{"ty":"fl","c":{"a":0,"k":[1,0.839,0.043,1]},"o":{"a":0,"k":100},"r":1,"nm":"Fill 1","mn":"ADBE Vector Graphic - Fill"},{"ty":"tr","p":{"a":0,"k":[724,723.171],"ix":2},"a":{"a":0,"k":[0,0],"ix":1},"s":{"a":0,"k":[100,100],"ix":3},"r":{"a":0,"k":0,"ix":6},"o":{"a":0,"k":100,"ix":7},"sk":{"a":0,"k":0,"ix":4},"sa":{"a":0,"k":0,"ix":5},"nm":"Transform"}],"nm":"Group 1","np":2,"cix":2,"ix":1,"mn":"ADBE Vector Group"}],"ip":0,"op":120,"st":0,"bm":0,"sr":1},{"ddd":0,"ind":3,"ty":5,"nm":"Mindful","ks":{"o":{"a":1,"k":[{"i":{"x":[0.833],"y":[0.833]},"o":{"x":[0.167],"y":[0.167]},"n":["0p833_0p833_0p167_0p167"],"t":0,"s":[0],"e":[100]},{"t":60}]},"r":{"a":0,"k":0},"p":{"a":1,"k":[{"i":{"x":0.833,"y":0.833},"o":{"x":0.333,"y":0},"n":"0p833_0p833_0p333_0","t":0,"s":[187.107,1668,0],"e":[187.107,1508,0],"to":[0,-26.6666660308838,0],"ti":[0,26.6666660308838,0]},{"t":60}]},"a":{"a":0,"k":[0,0,0]},"s":{"a":0,"k":[100,100,100]}},"ao":0,"t":{"d":{"k":[{"s":{"s":128,"f":"Raleway-Medium","t":"MINDFUL","j":0,"tr":150,"lh":153.6,"fc":[0.65,0.3,0.09]},"t":0}]},"p":{},"m":{"g":1,"a":{"a":0,"k":[0,0]}},"a":[]},"ip":0,"op":120,"st":0,"bm":0,"sr":1}],"chars":[{"ch":"M","size":128,"style":"Medium","w":87.4,"data":{"shapes":[{"ty":"gr","it":[{"ind":0,"ty":"sh","ix":1,"ks":{"a":0,"k":{"i":[[78.9,0],[78.9,-71],[69.5,-71],[43.7,-24.9],[18,-71],[8.5,-71],[8.5,0],[17.5,0],[17.5,-54.9],[41.2,-12.8],[46.3,-12.8],[69.9,-54.9],[69.9,0]],"o":[[78.9,0],[78.9,-71],[69.5,-71],[43.7,-24.9],[18,-71],[8.5,-71],[8.5,0],[17.5,0],[17.5,-54.9],[41.2,-12.8],[46.3,-12.8],[69.9,-54.9],[69.9,0]],"v":[[78.9,0],[78.9,-71],[69.5,-71],[43.7,-24.9],[18,-71],[8.5,-71],[8.5,0],[17.5,0],[17.5,-54.9],[41.2,-12.8],[46.3,-12.8],[69.9,-54.9],[69.9,0]],"c":true}},"nm":"M","mn":"ADBE Vector Shape - Group"}],"nm":"M","np":3,"cix":2,"ix":1,"mn":"ADBE Vector Group"},{"ty":"gr","it":[{"ind":0,"ty":"sh","ix":1,"ks":{"a":0,"k":{"i":[[0,0],[0,0],[0,0],[0,0],[0,0],[0,0],[0,0],[0,0],[0,0],[0,0],[0,0],[0,0],[0,0]],"o":[[0,0],[0,0],[0,0],[0,0],[0,0],[0,0],[0,0],[0,0],[0,0],[0,0],[0,0],[0,0],[0,0]],"v":[[166.299,0],[166.299,-71],[156.899,-71],[131.099,-24.9],[105.399,-71],[95.899,-71],[95.899,0],[104.899,0],[104.899,-54.9],[128.599,-12.8],[133.699,-12.8],[157.299,-54.9],[157.299,0]],"c":true}},"nm":"M","mn":"ADBE Vector Shape - Group"}],"nm":"M","np":3,"cix":2,"ix":2,"mn":"ADBE Vector Group"}]},"fFamily":"Raleway"},{"ch":"I","size":128,"style":"Medium","w":26,"data":{"shapes":[{"ty":"gr","it":[{"ind":0,"ty":"sh","ix":1,"ks":{"a":0,"k":{"i":[[17.5,0],[17.5,-71],[8.5,-71],[8.5,0]],"o":[[17.5,0],[17.5,-71],[8.5,-71],[8.5,0]],"v":[[17.5,0],[17.5,-71],[8.5,-71],[8.5,0]],"c":true}},"nm":"I","mn":"ADBE Vector Shape - Group"}],"nm":"I","np":3,"cix":2,"ix":1,"mn":"ADBE Vector Group"},{"ty":"gr","it":[{"ind":0,"ty":"sh","ix":1,"ks":{"a":0,"k":{"i":[[0,0],[0,0],[0,0],[0,0]],"o":[[0,0],[0,0],[0,0],[0,0]],"v":[[43.499,0],[43.499,-71],[34.499,-71],[34.499,0]],"c":true}},"nm":"I","mn":"ADBE Vector Shape - Group"}],"nm":"I","np":3,"cix":2,"ix":2,"mn":"ADBE Vector Group"}]},"fFamily":"Raleway"},{"ch":"N","size":128,"style":"Medium","w":77,"data":{"shapes":[{"ty":"gr","it":[{"ind":0,"ty":"sh","ix":1,"ks":{"a":0,"k":{"i":[[60.9,0],[68.5,0],[68.5,-70.9],[59.5,-70.9],[59.5,-15.7],[15.5,-71],[8.5,-71],[8.5,0],[17.5,0],[17.5,-54.2]],"o":[[60.9,0],[68.5,0],[68.5,-70.9],[59.5,-70.9],[59.5,-15.7],[15.5,-71],[8.5,-71],[8.5,0],[17.5,0],[17.5,-54.2]],"v":[[60.9,0],[68.5,0],[68.5,-70.9],[59.5,-70.9],[59.5,-15.7],[15.5,-71],[8.5,-71],[8.5,0],[17.5,0],[17.5,-54.2]],"c":true}},"nm":"N","mn":"ADBE Vector Shape - Group"}],"nm":"N","np":3,"cix":2,"ix":1,"mn":"ADBE Vector Group"},{"ty":"gr","it":[{"ind":0,"ty":"sh","ix":1,"ks":{"a":0,"k":{"i":[[0,0],[0,0],[0,0],[0,0],[0,0],[0,0],[0,0],[0,0],[0,0],[0,0]],"o":[[0,0],[0,0],[0,0],[0,0],[0,0],[0,0],[0,0],[0,0],[0,0],[0,0]],"v":[[137.899,0],[145.499,0],[145.499,-70.9],[136.499,-70.9],[136.499,-15.7],[92.499,-71],[85.499,-71],[85.499,0],[94.499,0],[94.499,-54.2]],"c":true}},"nm":"N","mn":"ADBE Vector Shape - Group"}],"nm":"N","np":3,"cix":2,"ix":2,"mn":"ADBE Vector Group"}]},"fFamily":"Raleway"},{"ch":"D","size":128,"style":"Medium","w":71.6,"data":{"shapes":[{"ty":"gr","it":[{"ind":0,"ty":"sh","ix":1,"ks":{"a":0,"k":{"i":[[33.1,0],[43.016,-0.85],[55.1,-6.65],[63.4,-16.583],[67.4,-30.2],[66.683,-45.05],[61.666,-57.4],[52.35,-66.333],[38.766,-71],[8.5,-71],[8.5,0]],"o":[[38.3,0],[51.483,-4.25],[61.1,-12.85],[66.6,-25.316],[67.4,-40.466],[63.816,-53.65],[55.933,-63.8],[43.75,-70.066],[33.1,-71],[8.5,-71],[8.5,0]],"v":[[33.1,0],[47.25,-2.55],[58.1,-9.75],[65,-20.95],[67.4,-35.6],[65.25,-49.35],[58.8,-60.6],[48.05,-68.2],[33.1,-71],[8.5,-71],[8.5,0]],"c":true}},"nm":"D","mn":"ADBE Vector Shape - Group"},{"ind":1,"ty":"sh","ix":2,"ks":{"a":0,"k":{"i":[[57.75,-28.016],[53.95,-18.366],[47.116,-11.5],[37.166,-8],[17.5,-8],[17.5,-63],[33.1,-63],[40.666,-62.316],[49.583,-57.7],[55.55,-50.016],[58.3,-39.6]],"o":[[55.55,-21.283],[49.75,-13.433],[40.783,-8.7],[33.1,-8],[17.5,-8],[17.5,-63],[37.1,-63],[46.933,-59.583],[53.916,-52.9],[57.75,-43.283],[58.3,-31.666]],"v":[[56.65,-24.65],[51.85,-15.9],[43.95,-10.1],[33.1,-8],[17.5,-8],[17.5,-63],[33.1,-63],[43.8,-60.95],[51.75,-55.3],[56.65,-46.65],[58.3,-35.6]],"c":true}},"nm":"D","mn":"ADBE Vector Shape - Group"}],"nm":"D","np":5,"cix":2,"ix":1,"mn":"ADBE Vector Group"},{"ty":"gr","it":[{"ind":0,"ty":"sh","ix":1,"ks":{"a":0,"k":{"i":[[0,0],[-4.234,1.7],[-3,3.1],[-1.6,4.367],[0,5.4],[1.433,4.3],[2.866,3.2],[4.3,1.867],[5.666,0],[0,0],[0,0]],"o":[[5.2,0],[4.233,-1.7],[3,-3.1],[1.6,-4.366],[0,-4.866],[-1.434,-4.3],[-2.867,-3.2],[-4.3,-1.866],[0,0],[0,0],[0,0]],"v":[[104.699,0],[118.849,-2.55],[129.699,-9.75],[136.599,-20.95],[138.999,-35.6],[136.849,-49.35],[130.399,-60.6],[119.649,-68.2],[104.699,-71],[80.099,-71],[80.099,0]],"c":true}},"nm":"D","mn":"ADBE Vector Shape - Group"},{"ind":1,"ty":"sh","ix":2,"ks":{"a":0,"k":{"i":[[1.1,-3.366],[2.1,-2.466],[3.166,-1.4],[4.066,0],[0,0],[0,0],[0,0],[-3.134,-1.366],[-2.167,-2.4],[-1.1,-3.366],[0,-4]],"o":[[-1.1,3.367],[-2.1,2.467],[-3.167,1.4],[0,0],[0,0],[0,0],[4,0],[3.133,1.367],[2.166,2.4],[1.1,3.367],[0,3.934]],"v":[[128.249,-24.65],[123.449,-15.9],[115.549,-10.1],[104.699,-8],[89.099,-8],[89.099,-63],[104.699,-63],[115.399,-60.95],[123.349,-55.3],[128.249,-46.65],[129.899,-35.6]],"c":true}},"nm":"D","mn":"ADBE Vector Shape - Group"},{"ty":"mm","mm":1,"nm":"Merge Paths 1","mn":"ADBE Vector Filter - Merge"}],"nm":"D","np":5,"cix":2,"ix":2,"mn":"ADBE Vector Group"}]},"fFamily":"Raleway"},{"ch":"F","size":128,"style":"Medium","w":58.3,"data":{"shapes":[{"ty":"gr","it":[{"ind":0,"ty":"sh","ix":1,"ks":{"a":0,"k":{"i":[[17.5,0],[17.5,-31.8],[49.4,-31.8],[49.4,-39.3],[17.5,-39.3],[17.5,-63],[55.4,-63],[55.4,-71],[8.5,-71],[8.5,0]],"o":[[17.5,0],[17.5,-31.8],[49.4,-31.8],[49.4,-39.3],[17.5,-39.3],[17.5,-63],[55.4,-63],[55.4,-71],[8.5,-71],[8.5,0]],"v":[[17.5,0],[17.5,-31.8],[49.4,-31.8],[49.4,-39.3],[17.5,-39.3],[17.5,-63],[55.4,-63],[55.4,-71],[8.5,-71],[8.5,0]],"c":true}},"nm":"F","mn":"ADBE Vector Shape - Group"}],"nm":"F","np":3,"cix":2,"ix":1,"mn":"ADBE Vector Group"},{"ty":"gr","it":[{"ind":0,"ty":"sh","ix":1,"ks":{"a":0,"k":{"i":[[0,0],[0,0],[0,0],[0,0],[0,0],[0,0],[0,0],[0,0],[0,0],[0,0]],"o":[[0,0],[0,0],[0,0],[0,0],[0,0],[0,0],[0,0],[0,0],[0,0],[0,0]],"v":[[75.799,0],[75.799,-31.8],[107.699,-31.8],[107.699,-39.3],[75.799,-39.3],[75.799,-63],[113.699,-63],[113.699,-71],[66.799,-71],[66.799,0]],"c":true}},"nm":"F","mn":"ADBE Vector Shape - Group"}],"nm":"F","np":3,"cix":2,"ix":2,"mn":"ADBE Vector Group"}]},"fFamily":"Raleway"},{"ch":"U","size":128,"style":"Medium","w":75.5,"data":{"shapes":[{"ty":"gr","it":[{"ind":0,"ty":"sh","ix":1,"ks":{"a":0,"k":{"i":[[30.25,-8.383],[22.683,-13.566],[18.25,-21.55],[16.5,-31.566],[16.5,-71],[7.5,-71],[7.5,-35.1],[8.016,-26.15],[11.783,-13.75],[19.633,-4.5],[32.133,0.5],[47.916,-0.45],[58.7,-6.833],[65.25,-17.15],[68,-30.3],[68,-71],[59,-71],[59,-35.1],[58.666,-28.35],[56.183,-18.816],[50.733,-11.6],[41.833,-7.6]],"o":[[24.85,-11.516],[19.416,-18.633],[16.85,-28.15],[16.5,-35.1],[16.5,-71],[7.5,-71],[7.5,-30.566],[10.083,-17.55],[16.516,-7.15],[27.366,-0.5],[43.266,0.5],[55.583,-4.25],[63.5,-13.366],[67.45,-25.75],[68,-35.1],[68,-71],[59,-71],[59,-31.7],[57.333,-21.75],[52.916,-13.683],[45.266,-8.4],[33.633,-7.6]],"v":[[27.55,-9.95],[21.05,-16.1],[17.55,-24.85],[16.5,-35.1],[16.5,-71],[7.5,-71],[7.5,-35.1],[9.05,-21.85],[14.15,-10.45],[23.5,-2.5],[37.8,0.5],[51.75,-2.35],[61.1,-10.1],[66.35,-21.45],[68,-35.1],[68,-71],[59,-71],[59,-35.1],[58,-25.05],[54.55,-16.25],[48,-10],[37.7,-7.6]],"c":true}},"nm":"U","mn":"ADBE Vector Shape - Group"}],"nm":"U","np":3,"cix":2,"ix":1,"mn":"ADBE Vector Group"},{"ty":"gr","it":[{"ind":0,"ty":"sh","ix":1,"ks":{"a":0,"k":{"i":[[2.7,1.567],[1.633,2.534],[0.7,3.3],[0,3.534],[0,0],[0,0],[0,0],[-1.034,-4.3],[-2.367,-3.3],[-3.867,-2],[-5.667,0],[-3.834,1.9],[-2.4,3.267],[-1.1,4.3],[0,4.8],[0,0],[0,0],[0,0],[0.666,-3.3],[1.633,-2.566],[2.733,-1.6],[4.133,0]],"o":[[-2.7,-1.566],[-1.634,-2.533],[-0.7,-3.3],[0,0],[0,0],[0,0],[0,4.534],[1.033,4.3],[2.366,3.3],[3.866,2],[5.466,0],[3.833,-1.9],[2.4,-3.266],[1.1,-4.3],[0,0],[0,0],[0,0],[0,3.4],[-0.667,3.3],[-1.634,2.567],[-2.734,1.6],[-4.067,0]],"v":[[103.049,-9.95],[96.549,-16.1],[93.049,-24.85],[91.999,-35.1],[91.999,-71],[82.999,-71],[82.999,-35.1],[84.549,-21.85],[89.649,-10.45],[98.999,-2.5],[113.299,0.5],[127.249,-2.35],[136.599,-10.1],[141.849,-21.45],[143.499,-35.1],[143.499,-71],[134.499,-71],[134.499,-35.1],[133.499,-25.05],[130.049,-16.25],[123.499,-10],[113.199,-7.6]],"c":true}},"nm":"U","mn":"ADBE Vector Shape - Group"}],"nm":"U","np":3,"cix":2,"ix":2,"mn":"ADBE Vector Group"}]},"fFamily":"Raleway"},{"ch":"L","size":128,"style":"Medium","w":58.4,"data":{"shapes":[{"ty":"gr","it":[{"ind":0,"ty":"sh","ix":1,"ks":{"a":0,"k":{"i":[[57.1,0],[57.1,-8],[17.5,-8],[17.5,-71],[8.5,-71],[8.5,0]],"o":[[57.1,0],[57.1,-8],[17.5,-8],[17.5,-71],[8.5,-71],[8.5,0]],"v":[[57.1,0],[57.1,-8],[17.5,-8],[17.5,-71],[8.5,-71],[8.5,0]],"c":true}},"nm":"L","mn":"ADBE Vector Shape - Group"}],"nm":"L","np":3,"cix":2,"ix":1,"mn":"ADBE Vector Group"},{"ty":"gr","it":[{"ind":0,"ty":"sh","ix":1,"ks":{"a":0,"k":{"i":[[0,0],[0,0],[0,0],[0,0],[0,0],[0,0]],"o":[[0,0],[0,0],[0,0],[0,0],[0,0],[0,0]],"v":[[115.5,0],[115.5,-8],[75.9,-8],[75.9,-71],[66.9,-71],[66.9,0]],"c":true}},"nm":"L","mn":"ADBE Vector Shape - Group"}],"nm":"L","np":3,"cix":2,"ix":2,"mn":"ADBE Vector Group"}]},"fFamily":"Raleway"}]}