{"v":"4.6.8","fr":25,"ip":0,"op":125,"w":1200,"h":480,"nm":"pagination_indicator","ddd":0,"assets":[],"layers":[{"ddd":0,"ind":1,"ty":4,"nm":"selected_oval","hd":true,"ks":{"o":{"a":0,"k":100},"r":{"a":0,"k":0},"p":{"a":0,"k":[600,240,0]},"a":{"a":0,"k":[0,0,0]},"s":{"a":0,"k":[100,100,100]}},"ao":0,"shapes":[{"ty":"gr","it":[{"ind":0,"ty":"sh","ix":1,"ks":{"a":0,"k":{"i":[[0,0],[0,0]],"o":[[0,0],[0,0]],"v":[[-200,1],[200,0]],"c":false}},"nm":"Path 1","mn":"ADBE Vector Shape - Group"},{"ty":"st","c":{"a":0,"k":[0.1843137,0.7372549,0.6039216,1]},"o":{"a":0,"k":100},"w":{"a":0,"k":100},"lc":2,"lj":1,"ml":4,"nm":"Stroke 1","mn":"ADBE Vector Graphic - Stroke"},{"ty":"tr","p":{"a":0,"k":[0,0],"ix":2},"a":{"a":0,"k":[0,0],"ix":1},"s":{"a":0,"k":[100,100],"ix":3},"r":{"a":0,"k":0,"ix":6},"o":{"a":0,"k":100,"ix":7},"sk":{"a":0,"k":0,"ix":4},"sa":{"a":0,"k":0,"ix":5},"nm":"Transform"}],"nm":"Shape 1","np":3,"cix":2,"ix":1,"mn":"ADBE Vector Group"},{"ty":"tm","s":{"a":1,"k":[{"i":{"x":[0.74],"y":[0.803]},"o":{"x":[0.413],"y":[0]},"n":["0p74_0p803_0p413_0"],"t":20,"s":[0],"e":[10]},{"i":{"x":[1],"y":[0.669]},"o":{"x":[1],"y":[0.252]},"n":["1_0p669_1_0p252"],"t":25,"s":[10],"e":[40]},{"i":{"x":[0],"y":[1.023]},"o":{"x":[0],"y":[0.992]},"n":["0_1p023_0_0p992"],"t":30,"s":[40],"e":[50]},{"i":{"x":[0.587],"y":[0.587]},"o":{"x":[0.26],"y":[0.26]},"n":["0p587_0p587_0p26_0p26"],"t":35,"s":[50],"e":[50]},{"i":{"x":[0.667],"y":[0.667]},"o":{"x":[1],"y":[1]},"n":["0p667_0p667_1_1"],"t":40,"s":[50],"e":[50]},{"i":{"x":[0.74],"y":[0.803]},"o":{"x":[0.413],"y":[0]},"n":["0p74_0p803_0p413_0"],"t":60,"s":[50],"e":[60]},{"i":{"x":[1],"y":[0.669]},"o":{"x":[1],"y":[0.252]},"n":["1_0p669_1_0p252"],"t":65,"s":[60],"e":[90]},{"i":{"x":[0],"y":[1.023]},"o":{"x":[0],"y":[0.992]},"n":["0_1p023_0_0p992"],"t":70,"s":[90],"e":[100]},{"i":{"x":[0.587],"y":[0.587]},"o":{"x":[0.26],"y":[0.26]},"n":["0p587_0p587_0p26_0p26"],"t":75,"s":[100],"e":[100]},{"i":{"x":[0.833],"y":[0.833]},"o":{"x":[1],"y":[1]},"n":["0p833_0p833_1_1"],"t":80,"s":[100],"e":[100]},{"i":{"x":[0.833],"y":[0.833]},"o":{"x":[0.167],"y":[0.167]},"n":["0p833_0p833_0p167_0p167"],"t":100,"s":[100],"e":[100]},{"i":{"x":[0.833],"y":[1]},"o":{"x":[0.167],"y":[0]},"n":["0p833_1_0p167_0"],"t":105,"s":[100],"e":[90]},{"i":{"x":[0.833],"y":[1]},"o":{"x":[0.167],"y":[0]},"n":["0p833_1_0p167_0"],"t":110,"s":[90],"e":[10]},{"i":{"x":[0.833],"y":[1]},"o":{"x":[0.167],"y":[0]},"n":["0p833_1_0p167_0"],"t":115,"s":[10],"e":[0]},{"t":120}],"ix":1},"e":{"a":1,"k":[{"i":{"x":[0.74],"y":[0.74]},"o":{"x":[0.413],"y":[0.413]},"n":["0p74_0p74_0p413_0p413"],"t":20,"s":[0],"e":[0]},{"i":{"x":[1],"y":[0.008]},"o":{"x":[1],"y":[-0.023]},"n":["1_0p008_1_-0p023"],"t":25,"s":[0],"e":[10]},{"i":{"x":[0],"y":[0.748]},"o":{"x":[0],"y":[0.331]},"n":["0_0p748_0_0p331"],"t":30,"s":[10],"e":[40]},{"i":{"x":[0.587],"y":[1]},"o":{"x":[0.26],"y":[0.197]},"n":["0p587_1_0p26_0p197"],"t":35,"s":[40],"e":[50]},{"i":{"x":[0.667],"y":[0.667]},"o":{"x":[0.423],"y":[0.423]},"n":["0p667_0p667_0p423_0p423"],"t":40,"s":[50],"e":[50]},{"i":{"x":[0.74],"y":[0.74]},"o":{"x":[0.413],"y":[0.413]},"n":["0p74_0p74_0p413_0p413"],"t":60,"s":[50],"e":[50]},{"i":{"x":[1],"y":[0.008]},"o":{"x":[1],"y":[-0.023]},"n":["1_0p008_1_-0p023"],"t":65,"s":[50],"e":[60]},{"i":{"x":[0],"y":[0.748]},"o":{"x":[0],"y":[0.331]},"n":["0_0p748_0_0p331"],"t":70,"s":[60],"e":[90]},{"i":{"x":[0.587],"y":[1]},"o":{"x":[0.26],"y":[0.197]},"n":["0p587_1_0p26_0p197"],"t":75,"s":[90],"e":[100]},{"i":{"x":[0.833],"y":[0.833]},"o":{"x":[0.423],"y":[0.423]},"n":["0p833_0p833_0p423_0p423"],"t":80,"s":[100],"e":[100]},{"i":{"x":[0.833],"y":[1]},"o":{"x":[0.167],"y":[0]},"n":["0p833_1_0p167_0"],"t":100,"s":[100],"e":[90]},{"i":{"x":[0.833],"y":[1]},"o":{"x":[0.167],"y":[0]},"n":["0p833_1_0p167_0"],"t":105,"s":[90],"e":[10]},{"i":{"x":[0.833],"y":[1]},"o":{"x":[0.167],"y":[0]},"n":["0p833_1_0p167_0"],"t":110,"s":[10],"e":[0]},{"i":{"x":[0.833],"y":[0.833]},"o":{"x":[0.167],"y":[0.167]},"n":["0p833_0p833_0p167_0p167"],"t":115,"s":[0],"e":[0]},{"t":120}],"ix":2},"o":{"a":0,"k":0,"ix":3},"m":1,"ix":2,"nm":"Trim Paths 1","mn":"ADBE Vector Filter - Trim"}],"ip":0,"op":125,"st":0,"bm":0,"sr":1},{"ddd":0,"ind":2,"ty":4,"nm":"selected_oval","ks":{"o":{"a":0,"k":100},"r":{"a":0,"k":0},"p":{"a":1,"k":[{"i":{"x":0,"y":1},"o":{"x":1,"y":0},"n":"0_1_1_0","t":5,"s":[400,240,0],"e":[600,240,0],"to":[33.3333320617676,0,0],"ti":[-33.3333320617676,0,0]},{"i":{"x":0.667,"y":0.667},"o":{"x":0.333,"y":0.333},"n":"0p667_0p667_0p333_0p333","t":25,"s":[600,240,0],"e":[600,240,0],"to":[0,0,0],"ti":[0,0,0]},{"i":{"x":0,"y":1},"o":{"x":1,"y":0},"n":"0_1_1_0","t":45,"s":[600,240,0],"e":[800,240,0],"to":[33.3333320617676,0,0],"ti":[-33.3333320617676,0,0]},{"i":{"x":0.667,"y":0.667},"o":{"x":0.333,"y":0.333},"n":"0p667_0p667_0p333_0p333","t":65,"s":[800,240,0],"e":[800,240,0],"to":[0,0,0],"ti":[0,0,0]},{"i":{"x":0,"y":1},"o":{"x":1,"y":0},"n":"0_1_1_0","t":85,"s":[800,240,0],"e":[400,240,0],"to":[-66.6666641235352,0,0],"ti":[66.6666641235352,0,0]},{"t":105}]},"a":{"a":0,"k":[-206,-14,0]},"s":{"a":0,"k":[100,100,100]}},"ao":0,"shapes":[{"ty":"gr","it":[{"d":1,"ty":"el","s":{"a":0,"k":[100,100]},"p":{"a":0,"k":[0,0]},"nm":"Ellipse Path 1","mn":"ADBE Vector Shape - Ellipse"},{"ty":"fl","c":{"a":0,"k":[0.1843137,0.7372549,0.6039216,1]},"o":{"a":0,"k":100},"r":1,"nm":"Fill 1","mn":"ADBE Vector Graphic - Fill"},{"ty":"tr","p":{"a":0,"k":[-206,-14],"ix":2},"a":{"a":0,"k":[0,0],"ix":1},"s":{"a":0,"k":[100,100],"ix":3},"r":{"a":0,"k":0,"ix":6},"o":{"a":0,"k":100,"ix":7},"sk":{"a":0,"k":0,"ix":4},"sa":{"a":0,"k":0,"ix":5},"nm":"Transform"}],"nm":"Ellipse 1","np":3,"cix":2,"ix":1,"mn":"ADBE Vector Group"}],"ip":0,"op":125,"st":0,"bm":0,"sr":1},{"ddd":0,"ind":3,"ty":4,"nm":"first","ks":{"o":{"a":0,"k":100},"r":{"a":0,"k":0},"p":{"a":0,"k":[400,240,0]},"a":{"a":0,"k":[-206,-14,0]},"s":{"a":0,"k":[100,100,100]}},"ao":0,"shapes":[{"ty":"gr","it":[{"d":1,"ty":"el","s":{"a":0,"k":[100,100]},"p":{"a":0,"k":[0,0]},"nm":"Ellipse Path 1","mn":"ADBE Vector Shape - Ellipse"},{"ty":"fl","c":{"a":0,"k":[0.8117647,0.945098,0.9137255,1]},"o":{"a":0,"k":100},"r":1,"nm":"Fill 1","mn":"ADBE Vector Graphic - Fill"},{"ty":"tr","p":{"a":0,"k":[-206,-14],"ix":2},"a":{"a":0,"k":[0,0],"ix":1},"s":{"a":0,"k":[100,100],"ix":3},"r":{"a":0,"k":0,"ix":6},"o":{"a":0,"k":100,"ix":7},"sk":{"a":0,"k":0,"ix":4},"sa":{"a":0,"k":0,"ix":5},"nm":"Transform"}],"nm":"Ellipse 1","np":3,"cix":2,"ix":1,"mn":"ADBE Vector Group"}],"ip":0,"op":125,"st":0,"bm":0,"sr":1},{"ddd":0,"ind":4,"ty":4,"nm":"second","ks":{"o":{"a":0,"k":100},"r":{"a":0,"k":0},"p":{"a":0,"k":[600,240,0]},"a":{"a":0,"k":[-206,-14,0]},"s":{"a":0,"k":[100,100,100]}},"ao":0,"shapes":[{"ty":"gr","it":[{"d":1,"ty":"el","s":{"a":0,"k":[100,100]},"p":{"a":0,"k":[0,0]},"nm":"Ellipse Path 1","mn":"ADBE Vector Shape - Ellipse"},{"ty":"fl","c":{"a":0,"k":[0.8116724,0.945098,0.9129245,1]},"o":{"a":0,"k":100},"r":1,"nm":"Fill 1","mn":"ADBE Vector Graphic - Fill"},{"ty":"tr","p":{"a":0,"k":[-206,-14],"ix":2},"a":{"a":0,"k":[0,0],"ix":1},"s":{"a":0,"k":[100,100],"ix":3},"r":{"a":0,"k":0,"ix":6},"o":{"a":0,"k":100,"ix":7},"sk":{"a":0,"k":0,"ix":4},"sa":{"a":0,"k":0,"ix":5},"nm":"Transform"}],"nm":"Ellipse 1","np":3,"cix":2,"ix":1,"mn":"ADBE Vector Group"}],"ip":0,"op":125,"st":0,"bm":0,"sr":1},{"ddd":0,"ind":5,"ty":4,"nm":"third","ks":{"o":{"a":0,"k":100},"r":{"a":0,"k":0},"p":{"a":0,"k":[800,240,0]},"a":{"a":0,"k":[-206,-14,0]},"s":{"a":0,"k":[100,100,100]}},"ao":0,"shapes":[{"ty":"gr","it":[{"d":1,"ty":"el","s":{"a":0,"k":[100,100]},"p":{"a":0,"k":[0,0]},"nm":"Ellipse Path 1","mn":"ADBE Vector Shape - Ellipse"},{"ty":"fl","c":{"a":0,"k":[0.8117647,0.945098,0.9137255,1]},"o":{"a":0,"k":100},"r":1,"nm":"Fill 1","mn":"ADBE Vector Graphic - Fill"},{"ty":"tr","p":{"a":0,"k":[-206,-14],"ix":2},"a":{"a":0,"k":[0,0],"ix":1},"s":{"a":0,"k":[100,100],"ix":3},"r":{"a":0,"k":0,"ix":6},"o":{"a":0,"k":100,"ix":7},"sk":{"a":0,"k":0,"ix":4},"sa":{"a":0,"k":0,"ix":5},"nm":"Transform"}],"nm":"Ellipse 1","np":3,"cix":2,"ix":1,"mn":"ADBE Vector Group"}],"ip":0,"op":125,"st":0,"bm":0,"sr":1},{"ddd":0,"ind":6,"ty":4,"nm":"first_trans","ks":{"o":{"a":1,"k":[{"i":{"x":[0.667],"y":[1]},"o":{"x":[0.333],"y":[0]},"n":["0p667_1_0p333_0"],"t":99,"s":[50],"e":[0]},{"t":109}]},"r":{"a":0,"k":0},"p":{"a":0,"k":[400,240,0]},"a":{"a":0,"k":[-206,-14,0]},"s":{"a":1,"k":[{"i":{"x":[0.667,0.667,0.667],"y":[1,1,0.667]},"o":{"x":[0.333,0.333,0.333],"y":[0,0,0.333]},"n":["0p667_1_0p333_0","0p667_1_0p333_0","0p667_0p667_0p333_0p333"],"t":99,"s":[100,100,100],"e":[250,250,100]},{"t":109}]}},"ao":0,"shapes":[{"ty":"gr","it":[{"d":1,"ty":"el","s":{"a":0,"k":[100,100]},"p":{"a":0,"k":[0,0]},"nm":"Ellipse Path 1","mn":"ADBE Vector Shape - Ellipse"},{"ty":"fl","c":{"a":0,"k":[0.1843137,0.7372549,0.6039216,1]},"o":{"a":0,"k":100},"r":1,"nm":"Fill 1","mn":"ADBE Vector Graphic - Fill"},{"ty":"tr","p":{"a":0,"k":[-206,-14],"ix":2},"a":{"a":0,"k":[0,0],"ix":1},"s":{"a":0,"k":[100,100],"ix":3},"r":{"a":0,"k":0,"ix":6},"o":{"a":0,"k":100,"ix":7},"sk":{"a":0,"k":0,"ix":4},"sa":{"a":0,"k":0,"ix":5},"nm":"Transform"}],"nm":"Ellipse 1","np":3,"cix":2,"ix":1,"mn":"ADBE Vector Group"}],"ip":0,"op":125,"st":0,"bm":0,"sr":1},{"ddd":0,"ind":7,"ty":4,"nm":"second_trans","ks":{"o":{"a":1,"k":[{"i":{"x":[0.667],"y":[1]},"o":{"x":[0.333],"y":[0]},"n":["0p667_1_0p333_0"],"t":17,"s":[50],"e":[0]},{"t":27}]},"r":{"a":0,"k":0},"p":{"a":0,"k":[600,240,0]},"a":{"a":0,"k":[-206,-14,0]},"s":{"a":1,"k":[{"i":{"x":[0.667,0.667,0.667],"y":[1,1,0.667]},"o":{"x":[0.333,0.333,0.333],"y":[0,0,0.333]},"n":["0p667_1_0p333_0","0p667_1_0p333_0","0p667_0p667_0p333_0p333"],"t":17,"s":[100,100,100],"e":[250,250,100]},{"t":27}]}},"ao":0,"shapes":[{"ty":"gr","it":[{"d":1,"ty":"el","s":{"a":0,"k":[100,100]},"p":{"a":0,"k":[0,0]},"nm":"Ellipse Path 1","mn":"ADBE Vector Shape - Ellipse"},{"ty":"fl","c":{"a":0,"k":[0.1843137,0.7372549,0.6039216,1]},"o":{"a":0,"k":100},"r":1,"nm":"Fill 1","mn":"ADBE Vector Graphic - Fill"},{"ty":"tr","p":{"a":0,"k":[-206,-14],"ix":2},"a":{"a":0,"k":[0,0],"ix":1},"s":{"a":0,"k":[100,100],"ix":3},"r":{"a":0,"k":0,"ix":6},"o":{"a":0,"k":100,"ix":7},"sk":{"a":0,"k":0,"ix":4},"sa":{"a":0,"k":0,"ix":5},"nm":"Transform"}],"nm":"Ellipse 1","np":3,"cix":2,"ix":1,"mn":"ADBE Vector Group"}],"ip":0,"op":125,"st":0,"bm":0,"sr":1},{"ddd":0,"ind":8,"ty":4,"nm":"third_trans","ks":{"o":{"a":1,"k":[{"i":{"x":[0.667],"y":[1]},"o":{"x":[0.333],"y":[0]},"n":["0p667_1_0p333_0"],"t":57,"s":[50],"e":[0]},{"t":67}]},"r":{"a":0,"k":0},"p":{"a":0,"k":[800,240,0]},"a":{"a":0,"k":[-206,-14,0]},"s":{"a":1,"k":[{"i":{"x":[0.667,0.667,0.667],"y":[1,1,0.667]},"o":{"x":[0.333,0.333,0.333],"y":[0,0,0.333]},"n":["0p667_1_0p333_0","0p667_1_0p333_0","0p667_0p667_0p333_0p333"],"t":57,"s":[100,100,100],"e":[250,250,100]},{"t":67}]}},"ao":0,"shapes":[{"ty":"gr","it":[{"d":1,"ty":"el","s":{"a":0,"k":[100,100]},"p":{"a":0,"k":[0,0]},"nm":"Ellipse Path 1","mn":"ADBE Vector Shape - Ellipse"},{"ty":"fl","c":{"a":0,"k":[0.1843137,0.7372549,0.6039216,1]},"o":{"a":0,"k":100},"r":1,"nm":"Fill 1","mn":"ADBE Vector Graphic - Fill"},{"ty":"tr","p":{"a":0,"k":[-206,-14],"ix":2},"a":{"a":0,"k":[0,0],"ix":1},"s":{"a":0,"k":[100,100],"ix":3},"r":{"a":0,"k":0,"ix":6},"o":{"a":0,"k":100,"ix":7},"sk":{"a":0,"k":0,"ix":4},"sa":{"a":0,"k":0,"ix":5},"nm":"Transform"}],"nm":"Ellipse 1","np":3,"cix":2,"ix":1,"mn":"ADBE Vector Group"}],"ip":0,"op":125,"st":0,"bm":0,"sr":1}]}