{"assets":[],"layers":[{"ddd":0,"ind":0,"ty":3,"nm":"NULL CONTROL","ks":{"o":{"k":0},"r":{"k":0},"p":{"k":[{"i":{"x":0.047,"y":1},"o":{"x":0.48,"y":0},"n":"0p047_1_0p48_0","t":12,"s":[519.89,398.49,0],"e":[400,398.49,0],"to":[0,0,0],"ti":[0,0,0]},{"t":75}]},"a":{"k":[60,60,0]},"s":{"k":[100,100,100]}},"ao":0,"ip":0,"op":9668,"st":0,"bm":0,"sr":1},{"ddd":0,"ind":1,"ty":4,"nm":"Shape Layer 2","parent":0,"ks":{"o":{"k":100},"r":{"k":0},"p":{"k":[72.875,311.184,0]},"a":{"k":[132.765,-346.327,0]},"s":{"k":[{"i":{"x":[0.52,0.52,0.52],"y":[0.52,1,0.52]},"o":{"x":[0.48,0.48,0.48],"y":[0.48,0,0.48]},"n":["0p52_0p52_0p48_0p48","0p52_1_0p48_0","0p52_0p52_0p48_0p48"],"t":35,"s":[100,0,100],"e":[100,100,100]},{"t":70}]}},"ao":0,"shapes":[{"ty":"gr","it":[{"ind":0,"ty":"sh","ks":{"k":{"i":[[0,0],[0,0]],"o":[[0,0],[0,0]],"v":[[133.224,-346.327],[132.306,-260.694]],"c":true}},"nm":"Path 1","mn":"ADBE Vector Shape - Group"},{"ty":"st","fillEnabled":true,"c":{"k":[0,0.41,0.56,1]},"o":{"k":100},"w":{"k":87},"lc":1,"lj":1,"ml":4,"nm":"Stroke 1","mn":"ADBE Vector Graphic - Stroke"},{"ty":"tr","p":{"k":[0,0],"ix":2},"a":{"k":[0,0],"ix":1},"s":{"k":[100,100],"ix":3},"r":{"k":0,"ix":6},"o":{"k":100,"ix":7},"sk":{"k":0,"ix":4},"sa":{"k":0,"ix":5},"nm":"Transform"}],"nm":"Shape 1","np":3,"mn":"ADBE Vector Group"},{"ty":"tm","s":{"k":100,"ix":1},"e":{"k":0,"ix":2},"o":{"k":0,"ix":3},"m":1,"ix":2,"nm":"Trim Paths 1","mn":"ADBE Vector Filter - Trim"}],"ip":50,"op":9668,"st":35,"bm":0,"sr":1},{"ddd":0,"ind":2,"ty":4,"nm":"Shape Layer 1","parent":0,"ks":{"o":{"k":100},"r":{"k":0},"p":{"k":[72.875,-191.184,0]},"a":{"k":[132.765,-260.694,0]},"s":{"k":[{"i":{"x":[0.52,0.52,0.52],"y":[0.52,1,0.52]},"o":{"x":[0.48,0.48,0.48],"y":[0.48,0,0.48]},"n":["0p52_0p52_0p48_0p48","0p52_1_0p48_0","0p52_0p52_0p48_0p48"],"t":35,"s":[100,0,100],"e":[100,100,100]},{"t":70}]}},"ao":0,"shapes":[{"ty":"gr","it":[{"ind":0,"ty":"sh","ks":{"k":{"i":[[0,0],[0,0]],"o":[[0,0],[0,0]],"v":[[133.224,-346.327],[132.306,-260.694]],"c":true}},"nm":"Path 1","mn":"ADBE Vector Shape - Group"},{"ty":"st","fillEnabled":true,"c":{"k":[0,0.41,0.56,1]},"o":{"k":100},"w":{"k":87},"lc":1,"lj":1,"ml":4,"nm":"Stroke 1","mn":"ADBE Vector Graphic - Stroke"},{"ty":"tr","p":{"k":[0,0],"ix":2},"a":{"k":[0,0],"ix":1},"s":{"k":[100,100],"ix":3},"r":{"k":0,"ix":6},"o":{"k":100,"ix":7},"sk":{"k":0,"ix":4},"sa":{"k":0,"ix":5},"nm":"Transform"}],"nm":"Shape 1","np":3,"mn":"ADBE Vector Group"},{"ty":"tm","s":{"k":100,"ix":1},"e":{"k":0,"ix":2},"o":{"k":0,"ix":3},"m":1,"ix":2,"nm":"Trim Paths 1","mn":"ADBE Vector Filter - Trim"}],"ip":35,"op":9668,"st":35,"bm":0,"sr":1},{"ddd":0,"ind":3,"ty":4,"nm":"Line 2","parent":0,"ks":{"o":{"k":100},"r":{"k":0},"p":{"k":[-59.89,61.51,0]},"a":{"k":[0,0,0]},"s":{"k":[100,100,100]}},"ao":0,"shapes":[{"ty":"gr","it":[{"ind":0,"ty":"sh","ks":{"k":{"i":[[0,0],[0,0],[0,125],[58,0],[0,-90],[-84,-35.5],[0,-81],[101,0],[0,120]],"o":[[0,0],[0,0],[0,-99],[-51,0],[0,75],[70.706,29.882],[0,57],[-16,0],[0,-121]],"v":[[97.5,-2],[191,0],[280,-114],[129,-244],[-18,-134],[148,6.5],[288,139],[132,244],[-32,117]],"c":false}},"nm":"Path 1","mn":"ADBE Vector Shape - Group"},{"ty":"st","fillEnabled":true,"c":{"k":[0,0.41,0.56,1]},"o":{"k":100},"w":{"k":[{"i":{"x":[0.833],"y":[0.833]},"o":{"x":[0.167],"y":[0.167]},"n":["0p833_0p833_0p167_0p167"],"t":10,"s":[67],"e":[85]},{"t":61}]},"lc":1,"lj":2,"nm":"Stroke 1","mn":"ADBE Vector Graphic - Stroke"},{"ty":"tr","p":{"k":[0,0],"ix":2},"a":{"k":[0,0],"ix":1},"s":{"k":[100,100],"ix":3},"r":{"k":0,"ix":6},"o":{"k":100,"ix":7},"sk":{"k":0,"ix":4},"sa":{"k":0,"ix":5},"nm":"Transform"}],"nm":"Shape 1","np":3,"mn":"ADBE Vector Group"},{"ty":"tm","s":{"k":[{"i":{"x":[0],"y":[1]},"o":{"x":[0.567],"y":[0]},"n":["0_1_0p567_0"],"t":10,"s":[0],"e":[16.5]},{"t":61}],"ix":1},"e":{"k":[{"i":{"x":[0.19],"y":[1]},"o":{"x":[0.387],"y":[0]},"n":["0p19_1_0p387_0"],"t":10,"s":[0],"e":[100]},{"t":70}],"ix":2},"o":{"k":0,"ix":3},"m":1,"ix":2,"nm":"Trim Paths 1","mn":"ADBE Vector Filter - Trim"}],"ip":10,"op":156,"st":10,"bm":0,"sr":1},{"ddd":0,"ind":5,"ty":4,"nm":"P","parent":0,"ks":{"o":{"k":100},"r":{"k":0},"p":{"k":[179.89,60.853,0]},"a":{"k":[40.25,19.195,0]},"s":{"k":[{"i":{"x":[0.833,0.833,0.833],"y":[0.833,0.833,0.833]},"o":{"x":[0.167,0.167,0.167],"y":[0.167,0.167,0.167]},"n":["0p833_0p833_0p167_0p167","0p833_0p833_0p167_0p167","0p833_0p833_0p167_0p167"],"t":22,"s":[1198.901,1198.901,100],"e":[0,0,100]},{"t":27}]}},"ao":0,"shapes":[{"ind":0,"ty":"sh","ks":{"k":[{"i":{"x":0.833,"y":0.833},"o":{"x":0.5,"y":0},"n":"0p833_0p833_0p5_0","t":14,"s":[{"i":[[0,0],[0,0],[0,0],[0,0],[0,1.66],[1.66,0],[0,0],[0,0],[0,0],[0,0],[0,0],[0,0],[0,0],[0,0],[0,0],[0,0],[0,0],[0,0]],"o":[[0,0],[0,0],[0,0],[1.66,0],[0,-1.66],[0,0],[0,0],[0,0],[0,0],[0,0],[0,0],[0,0],[0,0],[0,0],[0,0],[0,0],[0,0],[0,0]],"v":[[12.25,38.25],[16.25,38.25],[26.25,22.25],[37.25,22.25],[40.25,19.25],[37.25,16.25],[26.25,16.25],[16.25,0.25],[12.25,0.25],[17.25,16.25],[6.25,16.25],[3.25,12.25],[0.25,12.25],[2.25,19.25],[0.25,26.25],[3.25,26.25],[6.25,22.25],[17.25,22.25]],"c":true}],"e":[{"i":[[0,0],[0,0],[0,0],[0,0],[0,1.66],[1.66,0],[0,0],[0,0],[0,0],[0,0],[0,0],[0,0],[1.203,0],[0,-1.021],[-1.085,0],[0,0],[0,0],[0,0]],"o":[[0,0],[0,0],[0,0],[1.66,0],[0,-1.66],[0,0],[0,0],[0,0],[0,0],[0,0],[0,0],[0,0],[-1.298,0],[0,1.021],[0.781,0],[0,0],[0,0],[0,0]],"v":[[27.319,22.22],[29.888,22.208],[31.263,22.214],[37.25,22.25],[40.25,19.25],[37.25,16.25],[31.263,16.214],[29.536,16.212],[26.99,16.223],[26.483,16.224],[20.607,16.245],[19.166,14.512],[17.834,14.497],[16.607,19.245],[17.834,23.983],[19.25,23.98],[20.607,22.245],[26.483,22.224]],"c":true}]},{"i":{"x":0.5,"y":1},"o":{"x":0.167,"y":0.167},"n":"0p5_1_0p167_0p167","t":22,"s":[{"i":[[0,0],[0,0],[0,0],[0,0],[0,1.66],[1.66,0],[0,0],[0,0],[0,0],[0,0],[0,0],[0,0],[1.203,0],[0,-1.021],[-1.085,0],[0,0],[0,0],[0,0]],"o":[[0,0],[0,0],[0,0],[1.66,0],[0,-1.66],[0,0],[0,0],[0,0],[0,0],[0,0],[0,0],[0,0],[-1.298,0],[0,1.021],[0.781,0],[0,0],[0,0],[0,0]],"v":[[27.319,22.22],[29.888,22.208],[31.263,22.214],[37.25,22.25],[40.25,19.25],[37.25,16.25],[31.263,16.214],[29.536,16.212],[26.99,16.223],[26.483,16.224],[20.607,16.245],[19.166,14.512],[17.834,14.497],[16.607,19.245],[17.834,23.983],[19.25,23.98],[20.607,22.245],[26.483,22.224]],"c":true}],"e":[{"i":[[0,0],[0,0],[0,0],[0,0],[0,1.66],[1.66,0],[0,0],[0,0],[0,0],[0,0],[0,0],[0,0],[2.125,0],[0,-1.803],[-1.916,0],[0,0],[0,0],[0,0]],"o":[[0,0],[0,0],[0,0],[1.66,0],[0,-1.66],[0,0],[0,0],[0,0],[0,0],[0,0],[0,0],[0,0],[-2.291,0],[0,1.803],[1.379,0],[0,0],[0,0],[0,0]],"v":[[33.593,22.205],[35.066,22.184],[35.102,22.186],[37.25,22.25],[40.25,19.25],[37.25,16.25],[35.102,16.186],[35.055,16.184],[33.621,16.204],[33.554,16.205],[31.601,16.241],[31.354,16.244],[31.299,16.219],[27.601,19.241],[31.299,22.247],[31.503,22.242],[31.601,22.241],[33.554,22.205]],"c":true}]},{"t":26}]},"nm":"Path 1","mn":"ADBE Vector Shape - Group"},{"ty":"fl","fillEnabled":true,"c":{"k":[0,0.41,0.56,1]},"o":{"k":100},"nm":"Fill 1","mn":"ADBE Vector Graphic - Fill"}],"ip":0,"op":41,"st":0,"bm":0,"sr":1},{"ddd":0,"ind":6,"ty":1,"nm":"White Solid 5","ks":{"o":{"k":100},"r":{"k":0},"p":{"k":[400,400,0]},"a":{"k":[400,400,0]},"s":{"k":[100,100,100]}},"ao":0,"sw":800,"sh":800,"sc":"#ffffff","ip":0,"op":9633,"st":0,"bm":0,"sr":1}],"v":"4.5.3","ddd":0,"ip":0,"op":117,"fr":30,"w":800,"h":800}