{"v":"4.5.9","fr":29.9700012207031,"ip":0,"op":150.000006109625,"w":60,"h":60,"ddd":0,"assets":[{"id":"comp_2","layers":[{"ddd":0,"ind":0,"ty":4,"nm":"Dot 8","ks":{"o":{"a":0,"k":33},"r":{"a":0,"k":0},"p":{"a":1,"k":[{"i":{"x":0.833,"y":0.833},"o":{"x":0.167,"y":0.167},"n":"0p833_0p833_0p167_0p167","t":75,"s":[15.5,44,0],"e":[10.812,28.25,0],"to":[-0.00000190734863,-10,0],"ti":[0,8.75,0]},{"i":{"x":0.833,"y":0.833},"o":{"x":0.167,"y":0.167},"n":"0p833_0p833_0p167_0p167","t":90.569,"s":[10.812,28.25,0],"e":[18.125,13.75,0],"to":[0,-8.4999885559082,0],"ti":[0,7.37499237060547,0]},{"i":{"x":0.833,"y":0.833},"o":{"x":0.167,"y":0.167},"n":"0p833_0p833_0p167_0p167","t":106.221,"s":[18.125,13.75,0],"e":[11.375,-4.5,0],"to":[0,-9.375,0],"ti":[0,8.49999809265137,0]},{"i":{"x":0.833,"y":0.833},"o":{"x":0.167,"y":0.167},"n":"0p833_0p833_0p167_0p167","t":124.638,"s":[11.375,-4.5,0],"e":[18.125,-19.5,0],"to":[0,-8.75,0],"ti":[0,6.75,0]},{"i":{"x":0.833,"y":0.833},"o":{"x":0.167,"y":0.167},"n":"0p833_0p833_0p167_0p167","t":140.361,"s":[18.125,-19.5,0],"e":[18.125,-19.5,0],"to":[0,-8,0],"ti":[-0.41666665673256,0,0]},{"t":147.000005987433}]},"a":{"a":0,"k":[0,0,0]},"s":{"a":0,"k":[100,100,100]}},"ao":0,"shapes":[{"ty":"gr","it":[{"ty":"st","c":{"a":0,"k":[1,1,1,1]},"o":{"a":0,"k":100},"w":{"a":0,"k":2},"lc":1,"lj":1,"ml":4,"nm":"Stroke 1","mn":"ADBE Vector Graphic - Stroke"},{"ty":"fl","c":{"a":0,"k":[1,1,1,1]},"o":{"a":0,"k":100},"r":1,"nm":"Fill 1","mn":"ADBE Vector Graphic - Fill"},{"ty":"tr","p":{"a":0,"k":[0,0],"ix":2},"a":{"a":0,"k":[0,0],"ix":1},"s":{"a":0,"k":[100,100],"ix":3},"r":{"a":0,"k":0,"ix":6},"o":{"a":0,"k":100,"ix":7},"sk":{"a":0,"k":0,"ix":4},"sa":{"a":0,"k":0,"ix":5},"nm":"Transform"}],"nm":"Shape 1","np":2,"mn":"ADBE Vector Group"},{"ty":"gr","it":[{"d":1,"ty":"el","s":{"a":0,"k":[5.27,5.27]},"p":{"a":0,"k":[0,0]},"nm":"Ellipse Path 1","mn":"ADBE Vector Shape - Ellipse"},{"ty":"fl","c":{"a":0,"k":[1,1,1,1]},"o":{"a":0,"k":100},"r":1,"nm":"Fill 1","mn":"ADBE Vector Graphic - Fill"},{"ty":"tr","p":{"a":0,"k":[-0.365,8.885],"ix":2},"a":{"a":0,"k":[0,0],"ix":1},"s":{"a":0,"k":[100,100],"ix":3},"r":{"a":0,"k":0,"ix":6},"o":{"a":0,"k":100,"ix":7},"sk":{"a":0,"k":0,"ix":4},"sa":{"a":0,"k":0,"ix":5},"nm":"Transform"}],"nm":"Ellipse 1","np":2,"mn":"ADBE Vector Group"}],"ip":47.0000019143492,"op":197.000008023974,"st":47.0000019143492,"bm":0,"sr":1},{"ddd":0,"ind":1,"ty":4,"nm":"Dot 3","ks":{"o":{"a":0,"k":100},"r":{"a":0,"k":0},"p":{"a":1,"k":[{"i":{"x":0.833,"y":0.833},"o":{"x":0.167,"y":0.167},"n":"0p833_0p833_0p167_0p167","t":28,"s":[15.5,44,0],"e":[10.812,28.25,0],"to":[-0.00000190734863,-10,0],"ti":[0,8.75,0]},{"i":{"x":0.833,"y":0.833},"o":{"x":0.167,"y":0.167},"n":"0p833_0p833_0p167_0p167","t":44.65,"s":[10.812,28.25,0],"e":[18.125,13.75,0],"to":[0,-8.4999885559082,0],"ti":[0,7.37499237060547,0]},{"i":{"x":0.833,"y":0.833},"o":{"x":0.167,"y":0.167},"n":"0p833_0p833_0p167_0p167","t":61.39,"s":[18.125,13.75,0],"e":[11.375,-4.5,0],"to":[0,-9.375,0],"ti":[0,8.49999809265137,0]},{"i":{"x":0.833,"y":0.833},"o":{"x":0.167,"y":0.167},"n":"0p833_0p833_0p167_0p167","t":81.085,"s":[11.375,-4.5,0],"e":[18.125,-19.5,0],"to":[0,-8.75,0],"ti":[0,6.75,0]},{"i":{"x":0.833,"y":0.833},"o":{"x":0.167,"y":0.167},"n":"0p833_0p833_0p167_0p167","t":97.9,"s":[18.125,-19.5,0],"e":[18.125,-19.5,0],"to":[0,-8,0],"ti":[-0.41666665673256,0,0]},{"t":105.000004276738}]},"a":{"a":0,"k":[0,0,0]},"s":{"a":0,"k":[100,100,100]}},"ao":0,"shapes":[{"ty":"gr","it":[{"ty":"st","c":{"a":0,"k":[1,1,1,1]},"o":{"a":0,"k":100},"w":{"a":0,"k":2},"lc":1,"lj":1,"ml":4,"nm":"Stroke 1","mn":"ADBE Vector Graphic - Stroke"},{"ty":"fl","c":{"a":0,"k":[1,1,1,1]},"o":{"a":0,"k":100},"r":1,"nm":"Fill 1","mn":"ADBE Vector Graphic - Fill"},{"ty":"tr","p":{"a":0,"k":[0,0],"ix":2},"a":{"a":0,"k":[0,0],"ix":1},"s":{"a":0,"k":[100,100],"ix":3},"r":{"a":0,"k":0,"ix":6},"o":{"a":0,"k":100,"ix":7},"sk":{"a":0,"k":0,"ix":4},"sa":{"a":0,"k":0,"ix":5},"nm":"Transform"}],"nm":"Shape 1","np":2,"mn":"ADBE Vector Group"},{"ty":"gr","it":[{"d":1,"ty":"el","s":{"a":0,"k":[5.27,5.27]},"p":{"a":0,"k":[0,0]},"nm":"Ellipse Path 1","mn":"ADBE Vector Shape - Ellipse"},{"ty":"fl","c":{"a":0,"k":[1,1,1,1]},"o":{"a":0,"k":100},"r":1,"nm":"Fill 1","mn":"ADBE Vector Graphic - Fill"},{"ty":"tr","p":{"a":0,"k":[-0.365,8.885],"ix":2},"a":{"a":0,"k":[0,0],"ix":1},"s":{"a":0,"k":[100,100],"ix":3},"r":{"a":0,"k":0,"ix":6},"o":{"a":0,"k":100,"ix":7},"sk":{"a":0,"k":0,"ix":4},"sa":{"a":0,"k":0,"ix":5},"nm":"Transform"}],"nm":"Ellipse 1","np":2,"mn":"ADBE Vector Group"}],"ip":0,"op":150.000006109625,"st":0,"bm":0,"sr":1},{"ddd":0,"ind":2,"ty":4,"nm":"Dot 7","ks":{"o":{"a":0,"k":33},"r":{"a":0,"k":0},"p":{"a":1,"k":[{"i":{"x":0.833,"y":0.833},"o":{"x":0.167,"y":0.167},"n":"0p833_0p833_0p167_0p167","t":26,"s":[44,45.25,0],"e":[39.312,29.5,0],"to":[-0.00000190734863,-10,0],"ti":[0,8.75,0]},{"i":{"x":0.833,"y":0.833},"o":{"x":0.167,"y":0.167},"n":"0p833_0p833_0p167_0p167","t":52.598,"s":[39.312,29.5,0],"e":[46.625,15,0],"to":[0,-8.4999885559082,0],"ti":[0,7.37499237060547,0]},{"i":{"x":0.833,"y":0.833},"o":{"x":0.167,"y":0.167},"n":"0p833_0p833_0p167_0p167","t":79.338,"s":[46.625,15,0],"e":[39.875,-3.25,0],"to":[0,-9.375,0],"ti":[0,8.49999809265137,0]},{"i":{"x":0.833,"y":0.833},"o":{"x":0.167,"y":0.167},"n":"0p833_0p833_0p167_0p167","t":110.798,"s":[39.875,-3.25,0],"e":[46.625,-18.25,0],"to":[0,-8.75,0],"ti":[0,6.75,0]},{"i":{"x":0.833,"y":0.833},"o":{"x":0.167,"y":0.167},"n":"0p833_0p833_0p167_0p167","t":137.659,"s":[46.625,-18.25,0],"e":[46.625,-18.25,0],"to":[0,-8,0],"ti":[-0.41666665673256,0,0]},{"t":149.000006068894}]},"a":{"a":0,"k":[0,0,0]},"s":{"a":0,"k":[100,100,100]}},"ao":0,"shapes":[{"ty":"gr","it":[{"ty":"st","c":{"a":0,"k":[1,1,1,1]},"o":{"a":0,"k":100},"w":{"a":0,"k":2},"lc":1,"lj":1,"ml":4,"nm":"Stroke 1","mn":"ADBE Vector Graphic - Stroke"},{"ty":"fl","c":{"a":0,"k":[1,1,1,1]},"o":{"a":0,"k":100},"r":1,"nm":"Fill 1","mn":"ADBE Vector Graphic - Fill"},{"ty":"tr","p":{"a":0,"k":[0,0],"ix":2},"a":{"a":0,"k":[0,0],"ix":1},"s":{"a":0,"k":[100,100],"ix":3},"r":{"a":0,"k":0,"ix":6},"o":{"a":0,"k":100,"ix":7},"sk":{"a":0,"k":0,"ix":4},"sa":{"a":0,"k":0,"ix":5},"nm":"Transform"}],"nm":"Shape 1","np":2,"mn":"ADBE Vector Group"},{"ty":"gr","it":[{"d":1,"ty":"el","s":{"a":0,"k":[5.27,5.27]},"p":{"a":0,"k":[0,0]},"nm":"Ellipse Path 1","mn":"ADBE Vector Shape - Ellipse"},{"ty":"fl","c":{"a":0,"k":[1,1,1,1]},"o":{"a":0,"k":100},"r":1,"nm":"Fill 1","mn":"ADBE Vector Graphic - Fill"},{"ty":"tr","p":{"a":0,"k":[-0.365,8.885],"ix":2},"a":{"a":0,"k":[0,0],"ix":1},"s":{"a":0,"k":[100,100],"ix":3},"r":{"a":0,"k":0,"ix":6},"o":{"a":0,"k":100,"ix":7},"sk":{"a":0,"k":0,"ix":4},"sa":{"a":0,"k":0,"ix":5},"nm":"Transform"}],"nm":"Ellipse 1","np":2,"mn":"ADBE Vector Group"}],"ip":16.0000006516934,"op":166.000006761319,"st":16.0000006516934,"bm":0,"sr":1},{"ddd":0,"ind":3,"ty":4,"nm":"Dot 2","ks":{"o":{"a":0,"k":100},"r":{"a":0,"k":0},"p":{"a":1,"k":[{"i":{"x":0.833,"y":0.833},"o":{"x":0.167,"y":0.167},"n":"0p833_0p833_0p167_0p167","t":44,"s":[44,45.25,0],"e":[39.312,29.5,0],"to":[-0.00000190734863,-10,0],"ti":[0,8.75,0]},{"i":{"x":0.833,"y":0.833},"o":{"x":0.167,"y":0.167},"n":"0p833_0p833_0p167_0p167","t":65.191,"s":[39.312,29.5,0],"e":[46.625,15,0],"to":[0,-8.4999885559082,0],"ti":[0,7.37499237060547,0]},{"i":{"x":0.833,"y":0.833},"o":{"x":0.167,"y":0.167},"n":"0p833_0p833_0p167_0p167","t":86.496,"s":[46.625,15,0],"e":[39.875,-3.25,0],"to":[0,-9.375,0],"ti":[0,8.49999809265137,0]},{"i":{"x":0.833,"y":0.833},"o":{"x":0.167,"y":0.167},"n":"0p833_0p833_0p167_0p167","t":111.563,"s":[39.875,-3.25,0],"e":[46.625,-18.25,0],"to":[0,-8.75,0],"ti":[0,6.75,0]},{"i":{"x":0.833,"y":0.833},"o":{"x":0.167,"y":0.167},"n":"0p833_0p833_0p167_0p167","t":132.964,"s":[46.625,-18.25,0],"e":[46.625,-18.25,0],"to":[0,-8,0],"ti":[-0.41666665673256,0,0]},{"t":142.000005783779}]},"a":{"a":0,"k":[0,0,0]},"s":{"a":0,"k":[100,100,100]}},"ao":0,"shapes":[{"ty":"gr","it":[{"ty":"st","c":{"a":0,"k":[1,1,1,1]},"o":{"a":0,"k":100},"w":{"a":0,"k":2},"lc":1,"lj":1,"ml":4,"nm":"Stroke 1","mn":"ADBE Vector Graphic - Stroke"},{"ty":"fl","c":{"a":0,"k":[1,1,1,1]},"o":{"a":0,"k":100},"r":1,"nm":"Fill 1","mn":"ADBE Vector Graphic - Fill"},{"ty":"tr","p":{"a":0,"k":[0,0],"ix":2},"a":{"a":0,"k":[0,0],"ix":1},"s":{"a":0,"k":[100,100],"ix":3},"r":{"a":0,"k":0,"ix":6},"o":{"a":0,"k":100,"ix":7},"sk":{"a":0,"k":0,"ix":4},"sa":{"a":0,"k":0,"ix":5},"nm":"Transform"}],"nm":"Shape 1","np":2,"mn":"ADBE Vector Group"},{"ty":"gr","it":[{"d":1,"ty":"el","s":{"a":0,"k":[5.27,5.27]},"p":{"a":0,"k":[0,0]},"nm":"Ellipse Path 1","mn":"ADBE Vector Shape - Ellipse"},{"ty":"fl","c":{"a":0,"k":[1,1,1,1]},"o":{"a":0,"k":100},"r":1,"nm":"Fill 1","mn":"ADBE Vector Graphic - Fill"},{"ty":"tr","p":{"a":0,"k":[-0.365,8.885],"ix":2},"a":{"a":0,"k":[0,0],"ix":1},"s":{"a":0,"k":[100,100],"ix":3},"r":{"a":0,"k":0,"ix":6},"o":{"a":0,"k":100,"ix":7},"sk":{"a":0,"k":0,"ix":4},"sa":{"a":0,"k":0,"ix":5},"nm":"Transform"}],"nm":"Ellipse 1","np":2,"mn":"ADBE Vector Group"}],"ip":34.0000013848484,"op":184.000007494474,"st":34.0000013848484,"bm":0,"sr":1},{"ddd":0,"ind":4,"ty":4,"nm":"Dot 6","ks":{"o":{"a":0,"k":33},"r":{"a":0,"k":0},"p":{"a":1,"k":[{"i":{"x":0.833,"y":0.833},"o":{"x":0.167,"y":0.167},"n":"0p833_0p833_0p167_0p167","t":63,"s":[30,51.25,0],"e":[25.312,35.5,0],"to":[-0.00000190734863,-10,0],"ti":[0,8.75,0]},{"i":{"x":0.833,"y":0.833},"o":{"x":0.167,"y":0.167},"n":"0p833_0p833_0p167_0p167","t":75.863,"s":[25.312,35.5,0],"e":[32.625,21,0],"to":[0,-8.4999885559082,0],"ti":[0,7.37499237060547,0]},{"i":{"x":0.833,"y":0.833},"o":{"x":0.167,"y":0.167},"n":"0p833_0p833_0p167_0p167","t":88.794,"s":[32.625,21,0],"e":[25.875,2.75,0],"to":[0,-9.375,0],"ti":[0,8.49999809265137,0]},{"i":{"x":0.833,"y":0.833},"o":{"x":0.167,"y":0.167},"n":"0p833_0p833_0p167_0p167","t":104.009,"s":[25.875,2.75,0],"e":[32.625,-12.25,0],"to":[0,-8.75,0],"ti":[0,6.75,0]},{"t":117.000004765508}]},"a":{"a":0,"k":[0,0,0]},"s":{"a":0,"k":[100,100,100]}},"ao":0,"shapes":[{"ty":"gr","it":[{"ty":"st","c":{"a":0,"k":[1,1,1,1]},"o":{"a":0,"k":100},"w":{"a":0,"k":2},"lc":1,"lj":1,"ml":4,"nm":"Stroke 1","mn":"ADBE Vector Graphic - Stroke"},{"ty":"fl","c":{"a":0,"k":[1,1,1,1]},"o":{"a":0,"k":100},"r":1,"nm":"Fill 1","mn":"ADBE Vector Graphic - Fill"},{"ty":"tr","p":{"a":0,"k":[0,0],"ix":2},"a":{"a":0,"k":[0,0],"ix":1},"s":{"a":0,"k":[100,100],"ix":3},"r":{"a":0,"k":0,"ix":6},"o":{"a":0,"k":100,"ix":7},"sk":{"a":0,"k":0,"ix":4},"sa":{"a":0,"k":0,"ix":5},"nm":"Transform"}],"nm":"Shape 1","np":2,"mn":"ADBE Vector Group"},{"ty":"gr","it":[{"d":1,"ty":"el","s":{"a":0,"k":[5.27,5.27]},"p":{"a":0,"k":[0,0]},"nm":"Ellipse Path 1","mn":"ADBE Vector Shape - Ellipse"},{"ty":"fl","c":{"a":0,"k":[1,1,1,1]},"o":{"a":0,"k":100},"r":1,"nm":"Fill 1","mn":"ADBE Vector Graphic - Fill"},{"ty":"tr","p":{"a":0,"k":[-0.365,8.885],"ix":2},"a":{"a":0,"k":[0,0],"ix":1},"s":{"a":0,"k":[100,100],"ix":3},"r":{"a":0,"k":0,"ix":6},"o":{"a":0,"k":100,"ix":7},"sk":{"a":0,"k":0,"ix":4},"sa":{"a":0,"k":0,"ix":5},"nm":"Transform"}],"nm":"Ellipse 1","np":2,"mn":"ADBE Vector Group"}],"ip":63.0000025660426,"op":213.000008675668,"st":63.0000025660426,"bm":0,"sr":1},{"ddd":0,"ind":5,"ty":4,"nm":"Dot 4","ks":{"o":{"a":0,"k":100},"r":{"a":0,"k":0},"p":{"a":1,"k":[{"i":{"x":0.833,"y":0.833},"o":{"x":0.167,"y":0.167},"n":"0p833_0p833_0p167_0p167","t":69,"s":[30,51.25,0],"e":[25.312,35.5,0],"to":[-0.00000190734863,-10,0],"ti":[0,8.75,0]},{"i":{"x":0.833,"y":0.833},"o":{"x":0.167,"y":0.167},"n":"0p833_0p833_0p167_0p167","t":74.716,"s":[25.312,35.5,0],"e":[32.625,21,0],"to":[0,-8.4999885559082,0],"ti":[0,7.37499237060547,0]},{"i":{"x":0.833,"y":0.833},"o":{"x":0.167,"y":0.167},"n":"0p833_0p833_0p167_0p167","t":80.464,"s":[32.625,21,0],"e":[25.875,2.75,0],"to":[0,-9.375,0],"ti":[0,8.49999809265137,0]},{"i":{"x":0.833,"y":0.833},"o":{"x":0.167,"y":0.167},"n":"0p833_0p833_0p167_0p167","t":87.226,"s":[25.875,2.75,0],"e":[32.625,-12.25,0],"to":[0,-8.75,0],"ti":[0,6.75,0]},{"t":93.0000037879676}]},"a":{"a":0,"k":[0,0,0]},"s":{"a":0,"k":[100,100,100]}},"ao":0,"shapes":[{"ty":"gr","it":[{"ty":"st","c":{"a":0,"k":[1,1,1,1]},"o":{"a":0,"k":100},"w":{"a":0,"k":2},"lc":1,"lj":1,"ml":4,"nm":"Stroke 1","mn":"ADBE Vector Graphic - Stroke"},{"ty":"fl","c":{"a":0,"k":[1,1,1,1]},"o":{"a":0,"k":100},"r":1,"nm":"Fill 1","mn":"ADBE Vector Graphic - Fill"},{"ty":"tr","p":{"a":0,"k":[0,0],"ix":2},"a":{"a":0,"k":[0,0],"ix":1},"s":{"a":0,"k":[100,100],"ix":3},"r":{"a":0,"k":0,"ix":6},"o":{"a":0,"k":100,"ix":7},"sk":{"a":0,"k":0,"ix":4},"sa":{"a":0,"k":0,"ix":5},"nm":"Transform"}],"nm":"Shape 1","np":2,"mn":"ADBE Vector Group"},{"ty":"gr","it":[{"d":1,"ty":"el","s":{"a":0,"k":[5.27,5.27]},"p":{"a":0,"k":[0,0]},"nm":"Ellipse Path 1","mn":"ADBE Vector Shape - Ellipse"},{"ty":"fl","c":{"a":0,"k":[1,1,1,1]},"o":{"a":0,"k":100},"r":1,"nm":"Fill 1","mn":"ADBE Vector Graphic - Fill"},{"ty":"tr","p":{"a":0,"k":[-0.365,8.885],"ix":2},"a":{"a":0,"k":[0,0],"ix":1},"s":{"a":0,"k":[100,100],"ix":3},"r":{"a":0,"k":0,"ix":6},"o":{"a":0,"k":100,"ix":7},"sk":{"a":0,"k":0,"ix":4},"sa":{"a":0,"k":0,"ix":5},"nm":"Transform"}],"nm":"Ellipse 1","np":2,"mn":"ADBE Vector Group"}],"ip":69.0000028104276,"op":219.000008920053,"st":69.0000028104276,"bm":0,"sr":1},{"ddd":0,"ind":6,"ty":4,"nm":"Dot 5","ks":{"o":{"a":0,"k":33},"r":{"a":0,"k":0},"p":{"a":1,"k":[{"i":{"x":0.833,"y":0.833},"o":{"x":0.167,"y":0.167},"n":"0p833_0p833_0p167_0p167","t":14,"s":[30,51.25,0],"e":[25.312,35.5,0],"to":[-0.00000190734863,-10,0],"ti":[0,8.75,0]},{"i":{"x":0.833,"y":0.833},"o":{"x":0.167,"y":0.167},"n":"0p833_0p833_0p167_0p167","t":26.863,"s":[25.312,35.5,0],"e":[32.625,21,0],"to":[0,-8.4999885559082,0],"ti":[0,7.37499237060547,0]},{"i":{"x":0.833,"y":0.833},"o":{"x":0.167,"y":0.167},"n":"0p833_0p833_0p167_0p167","t":39.794,"s":[32.625,21,0],"e":[25.875,2.75,0],"to":[0,-9.375,0],"ti":[0,8.49999809265137,0]},{"i":{"x":0.833,"y":0.833},"o":{"x":0.167,"y":0.167},"n":"0p833_0p833_0p167_0p167","t":55.009,"s":[25.875,2.75,0],"e":[32.625,-12.25,0],"to":[0,-8.75,0],"ti":[0,6.75,0]},{"t":68.0000027696968}]},"a":{"a":0,"k":[0,0,0]},"s":{"a":0,"k":[100,100,100]}},"ao":0,"shapes":[{"ty":"gr","it":[{"ty":"st","c":{"a":0,"k":[1,1,1,1]},"o":{"a":0,"k":100},"w":{"a":0,"k":2},"lc":1,"lj":1,"ml":4,"nm":"Stroke 1","mn":"ADBE Vector Graphic - Stroke"},{"ty":"fl","c":{"a":0,"k":[1,1,1,1]},"o":{"a":0,"k":100},"r":1,"nm":"Fill 1","mn":"ADBE Vector Graphic - Fill"},{"ty":"tr","p":{"a":0,"k":[0,0],"ix":2},"a":{"a":0,"k":[0,0],"ix":1},"s":{"a":0,"k":[100,100],"ix":3},"r":{"a":0,"k":0,"ix":6},"o":{"a":0,"k":100,"ix":7},"sk":{"a":0,"k":0,"ix":4},"sa":{"a":0,"k":0,"ix":5},"nm":"Transform"}],"nm":"Shape 1","np":2,"mn":"ADBE Vector Group"},{"ty":"gr","it":[{"d":1,"ty":"el","s":{"a":0,"k":[5.27,5.27]},"p":{"a":0,"k":[0,0]},"nm":"Ellipse Path 1","mn":"ADBE Vector Shape - Ellipse"},{"ty":"fl","c":{"a":0,"k":[1,1,1,1]},"o":{"a":0,"k":100},"r":1,"nm":"Fill 1","mn":"ADBE Vector Graphic - Fill"},{"ty":"tr","p":{"a":0,"k":[-0.365,8.885],"ix":2},"a":{"a":0,"k":[0,0],"ix":1},"s":{"a":0,"k":[100,100],"ix":3},"r":{"a":0,"k":0,"ix":6},"o":{"a":0,"k":100,"ix":7},"sk":{"a":0,"k":0,"ix":4},"sa":{"a":0,"k":0,"ix":5},"nm":"Transform"}],"nm":"Ellipse 1","np":2,"mn":"ADBE Vector Group"}],"ip":14.0000005702317,"op":164.000006679857,"st":14.0000005702317,"bm":0,"sr":1}]}],"layers":[{"ddd":0,"ind":0,"ty":1,"nm":"White Solid 1","td":1,"ks":{"o":{"a":0,"k":100},"r":{"a":0,"k":0},"p":{"a":0,"k":[30,30,0]},"a":{"a":0,"k":[30,30,0]},"s":{"a":0,"k":[100,100,100]}},"ao":0,"hasMask":true,"masksProperties":[{"inv":false,"mode":"a","pt":{"a":0,"k":{"i":[[12.703,0],[0,-12.703],[-12.703,0],[0,12.703]],"o":[[-12.703,0],[0,12.703],[12.703,0],[0,-12.703]],"v":[[30,7],[7,30],[30,53],[53,30]],"c":true}},"o":{"a":0,"k":100},"x":{"a":0,"k":0},"nm":"Mask 1"}],"sw":60,"sh":60,"sc":"#ffffff","ip":0,"op":150.000006109625,"st":0,"bm":0,"sr":1},{"ddd":0,"ind":1,"ty":0,"nm":"Pre-comp 1","tt":1,"refId":"comp_2","ks":{"o":{"a":0,"k":100},"r":{"a":0,"k":0},"p":{"a":0,"k":[30,30,0]},"a":{"a":0,"k":[30,30,0]},"s":{"a":0,"k":[100,100,100]}},"ao":0,"w":60,"h":60,"ip":0,"op":150.000006109625,"st":0,"bm":0,"sr":1},{"ddd":0,"ind":2,"ty":4,"nm":"Circle","ks":{"o":{"a":0,"k":100},"r":{"a":0,"k":0},"p":{"a":0,"k":[30,30,0]},"a":{"a":0,"k":[0,0,0]},"s":{"a":1,"k":[{"i":{"x":[0,0,1],"y":[1,1,1]},"o":{"x":[1,1,0.167],"y":[0,0,0.167]},"n":["0_1_1_0","0_1_1_0","1_1_0p167_0p167"],"t":0,"s":[0,0,100],"e":[100,100,100]},{"i":{"x":[0,0,0.833],"y":[0,0,0.833]},"o":{"x":[1,1,0.167],"y":[1,1,0.167]},"n":["0_0_1_1","0_0_1_1","0p833_0p833_0p167_0p167"],"t":15,"s":[100,100,100],"e":[100,100,100]},{"i":{"x":[0,0,0.833],"y":[1,1,0.833]},"o":{"x":[1,1,0],"y":[0,0,0]},"n":["0_1_1_0","0_1_1_0","0p833_0p833_0_0"],"t":129,"s":[100,100,100],"e":[0,0,100]},{"t":149.000006068894}]}},"ao":0,"shapes":[{"ty":"gr","it":[{"d":2,"ty":"el","s":{"a":0,"k":[50,50]},"p":{"a":0,"k":[0,0]},"nm":"Ellipse Path 1","mn":"ADBE Vector Shape - Ellipse"},{"ty":"st","c":{"a":0,"k":[1,1,1,1]},"o":{"a":0,"k":100},"w":{"a":0,"k":2},"lc":1,"lj":1,"ml":4,"nm":"Stroke 1","mn":"ADBE Vector Graphic - Stroke"},{"ty":"tr","p":{"a":0,"k":[0,0],"ix":2},"a":{"a":0,"k":[0,0],"ix":1},"s":{"a":0,"k":[100,100],"ix":3},"r":{"a":0,"k":0,"ix":6},"o":{"a":0,"k":100,"ix":7},"sk":{"a":0,"k":0,"ix":4},"sa":{"a":0,"k":0,"ix":5},"nm":"Transform"}],"nm":"Ellipse 1","np":2,"mn":"ADBE Vector Group"}],"ip":0,"op":150.000006109625,"st":0,"bm":0,"sr":1}]}