{"v":"4.6.3","fr":30,"ip":0,"op":60,"w":260,"h":260,"nm":"Comp 4","ddd":0,"assets":[],"layers":[{"ddd":0,"ind":1,"ty":3,"nm":"down","ks":{"o":{"a":0,"k":0},"r":{"a":0,"k":0},"p":{"a":1,"k":[{"i":{"x":0.503,"y":1},"o":{"x":0.686,"y":0},"n":"0p503_1_0p686_0","t":0,"s":[45,215,0],"e":[175,85,0],"to":[7.0833420753479,-7.0833420753479,0],"ti":[-17.7083549499512,17.7083549499512,0]},{"i":{"x":0.503,"y":1},"o":{"x":0.686,"y":0},"n":"0p503_1_0p686_0","t":15,"s":[175,85,0],"e":[130,130,0],"to":[17.7083110809326,-17.7083110809326,0],"ti":[-7.08332443237305,7.08332443237305,0]},{"t":30}]},"a":{"a":0,"k":[50,50,0]},"s":{"a":0,"k":[90,90,100]}},"ao":0,"ip":0,"op":120,"st":0,"bm":0,"sr":1},{"ddd":0,"ind":2,"ty":3,"nm":"top","ks":{"o":{"a":0,"k":0},"r":{"a":0,"k":0},"p":{"a":1,"k":[{"i":{"x":0.503,"y":1},"o":{"x":0.686,"y":0},"n":"0p503_1_0p686_0","t":0,"s":[215,45,0],"e":[85,175,0],"to":[7.0833420753479,-7.0833420753479,0],"ti":[-17.7083549499512,17.7083549499512,0]},{"i":{"x":0.503,"y":1},"o":{"x":0.686,"y":0},"n":"0p503_1_0p686_0","t":15,"s":[85,175,0],"e":[130,130,0],"to":[17.7083110809326,-17.7083110809326,0],"ti":[-7.08332443237305,7.08332443237305,0]},{"t":30}]},"a":{"a":0,"k":[50,50,0]},"s":{"a":0,"k":[90,90,100]}},"ao":0,"ip":0,"op":120,"st":0,"bm":0,"sr":1},{"ddd":0,"ind":3,"ty":4,"nm":"R11","ks":{"o":{"a":0,"k":100},"r":{"a":0,"k":0},"p":{"a":1,"k":[{"i":{"x":0.503,"y":0.503},"o":{"x":0.686,"y":0.686},"n":"0p503_0p503_0p686_0p686","t":0,"s":[115,175,0],"e":[115,175,0],"to":[0,0,0],"ti":[0,0,0]},{"i":{"x":0.503,"y":1},"o":{"x":0.686,"y":0},"n":"0p503_1_0p686_0","t":15,"s":[115,175,0],"e":[160,130,0],"to":[0,0,0],"ti":[0,0,0]},{"t":30}]},"a":{"a":0,"k":[18.169,-11.54,0]},"s":{"a":0,"k":[100,100,100]}},"ao":0,"hasMask":true,"masksProperties":[{"inv":false,"mode":"i","pt":{"a":0,"k":{"i":[[0,0],[0,0],[0,0],[0,0]],"o":[[0,0],[0,0],[0,0],[0,0]],"v":[[3.169,-26.534],[3.169,33.45],[33.169,3.419],[33.169,-56.55]],"c":true}},"o":{"a":0,"k":100},"x":{"a":0,"k":0},"nm":"Mask 1"},{"inv":false,"mode":"i","pt":{"a":1,"k":[{"i":{"x":0.513,"y":1},"o":{"x":0.664,"y":0},"n":"0p513_1_0p664_0","t":0,"s":[{"i":[[0,0],[0,0],[0,0],[0,0]],"o":[[0,0],[0,0],[0,0],[0,0]],"v":[[-226.831,203.471],[-166.956,203.481],[-136.831,173.471],[-196.768,173.482]],"c":true}],"e":[{"i":[[0,0],[0,0],[0,0],[0,0]],"o":[[0,0],[0,0],[0,0],[0,0]],"v":[[33.169,-56.545],[93.044,-56.535],[123.169,-86.545],[63.232,-86.534]],"c":true}]},{"i":{"x":0.491,"y":1},"o":{"x":0.712,"y":0},"n":"0p491_1_0p712_0","t":15,"s":[{"i":[[0,0],[0,0],[0,0],[0,0]],"o":[[0,0],[0,0],[0,0],[0,0]],"v":[[33.169,-56.545],[93.044,-56.535],[123.169,-86.545],[63.232,-86.534]],"c":true}],"e":[{"i":[[0,0],[0,0],[0,0],[0,0]],"o":[[0,0],[0,0],[0,0],[0,0]],"v":[[-56.831,33.471],[3.044,33.481],[33.169,3.471],[-26.768,3.482]],"c":true}]},{"t":30}]},"o":{"a":0,"k":100},"x":{"a":0,"k":0},"nm":"Mask 2"}],"shapes":[{"ty":"gr","it":[{"ty":"rc","d":1,"s":{"a":0,"k":[30,90]},"p":{"a":0,"k":[0,0]},"r":{"a":0,"k":0},"nm":"Rectangle Path 1","mn":"ADBE Vector Shape - Rect"},{"ty":"fl","c":{"a":0,"k":[0.0039216,0.3490196,1,1]},"o":{"a":0,"k":100},"r":1,"nm":"Fill 1","mn":"ADBE Vector Graphic - Fill"},{"ty":"tr","p":{"a":0,"k":[18.169,-11.53],"ix":2},"a":{"a":0,"k":[0,0],"ix":1},"s":{"a":0,"k":[100,100],"ix":3},"r":{"a":0,"k":0,"ix":6},"o":{"a":0,"k":100,"ix":7},"sk":{"a":0,"k":0,"ix":4},"sa":{"a":0,"k":0,"ix":5},"nm":"Transform"}],"nm":"Rectangle 1","np":3,"cix":2,"ix":1,"mn":"ADBE Vector Group"}],"ip":14,"op":300,"st":0,"bm":0,"sr":1},{"ddd":0,"ind":4,"ty":4,"nm":"R9","ks":{"o":{"a":0,"k":100},"r":{"a":0,"k":0},"p":{"a":1,"k":[{"i":{"x":0.503,"y":1},"o":{"x":0.686,"y":0},"n":"0p503_1_0p686_0","t":0,"s":[15,215,0],"e":[145,85,0],"to":[21.6666660308838,-21.6666660308838,0],"ti":[-14.1666669845581,14.1666669845581,0]},{"i":{"x":0.503,"y":1},"o":{"x":0.686,"y":0},"n":"0p503_1_0p686_0","t":15,"s":[145,85,0],"e":[100,130,0],"to":[14.1666669845581,-14.1666669845581,0],"ti":[7.5,-7.5,0]},{"t":30}]},"a":{"a":0,"k":[18.169,-11.54,0]},"s":{"a":0,"k":[-100,-100,100]}},"ao":0,"hasMask":true,"masksProperties":[{"inv":false,"mode":"i","pt":{"a":0,"k":{"i":[[0,0],[0,0],[0,0],[0,0]],"o":[[0,0],[0,0],[0,0],[0,0]],"v":[[3.169,-26.534],[3.169,33.45],[33.169,3.419],[33.169,-56.55]],"c":true}},"o":{"a":0,"k":100},"x":{"a":0,"k":0},"nm":"Mask 1"},{"inv":false,"mode":"i","pt":{"a":1,"k":[{"i":{"x":0.513,"y":1},"o":{"x":0.664,"y":0},"n":"0p513_1_0p664_0","t":0,"s":[{"i":[[0,0],[0,0],[0,0],[0,0]],"o":[[0,0],[0,0],[0,0],[0,0]],"v":[[-226.331,203.464],[-166.284,203.464],[-136.831,173.467],[-196.784,173.467]],"c":true}],"e":[{"i":[[0,0],[0,0],[0,0],[0,0]],"o":[[0,0],[0,0],[0,0],[0,0]],"v":[[33.188,-56.552],[93.57,-56.552],[123.188,-86.548],[62.899,-86.548]],"c":true}]},{"i":{"x":0.491,"y":1},"o":{"x":0.712,"y":0},"n":"0p491_1_0p712_0","t":15,"s":[{"i":[[0,0],[0,0],[0,0],[0,0]],"o":[[0,0],[0,0],[0,0],[0,0]],"v":[[33.188,-56.552],[93.57,-56.552],[123.188,-86.548],[62.899,-86.548]],"c":true}],"e":[{"i":[[0,0],[0,0],[0,0],[0,0]],"o":[[0,0],[0,0],[0,0],[0,0]],"v":[[-56.812,33.417],[3.57,33.417],[33.188,3.421],[-27.101,3.421]],"c":true}]},{"t":30}]},"o":{"a":0,"k":100},"x":{"a":0,"k":0},"nm":"Mask 2"}],"shapes":[{"ty":"gr","it":[{"ty":"rc","d":1,"s":{"a":0,"k":[30,90]},"p":{"a":0,"k":[0,0]},"r":{"a":0,"k":0},"nm":"Rectangle Path 1","mn":"ADBE Vector Shape - Rect"},{"ty":"fl","c":{"a":0,"k":[0.0039216,0.3490196,1,1]},"o":{"a":0,"k":100},"r":1,"nm":"Fill 1","mn":"ADBE Vector Graphic - Fill"},{"ty":"tr","p":{"a":0,"k":[18.169,-11.53],"ix":2},"a":{"a":0,"k":[0,0],"ix":1},"s":{"a":0,"k":[100,100],"ix":3},"r":{"a":0,"k":0,"ix":6},"o":{"a":0,"k":100,"ix":7},"sk":{"a":0,"k":0,"ix":4},"sa":{"a":0,"k":0,"ix":5},"nm":"Transform"}],"nm":"Rectangle 1","np":3,"cix":2,"ix":1,"mn":"ADBE Vector Group"}],"ip":14,"op":300,"st":0,"bm":0,"sr":1},{"ddd":0,"ind":5,"ty":4,"nm":"R4","parent":1,"ks":{"o":{"a":0,"k":100},"r":{"a":0,"k":90},"p":{"a":0,"k":[50,83.333,0]},"a":{"a":0,"k":[18.169,-11.54,0]},"s":{"a":0,"k":[111.111,111.111,100]}},"ao":0,"hasMask":true,"masksProperties":[{"inv":false,"mode":"a","pt":{"a":0,"k":{"i":[[0,0],[0,0],[0,0],[0,0]],"o":[[0,0],[0,0],[0,0],[0,0]],"v":[[3.169,-56.456],[3.169,3.482],[33.169,33.45],[33.169,-26.55]],"c":true}},"o":{"a":0,"k":100},"x":{"a":0,"k":0},"nm":"Mask 1"}],"shapes":[{"ty":"gr","it":[{"ty":"rc","d":1,"s":{"a":0,"k":[30,90]},"p":{"a":0,"k":[0,0]},"r":{"a":0,"k":0},"nm":"Rectangle Path 1","mn":"ADBE Vector Shape - Rect"},{"ty":"fl","c":{"a":0,"k":[0.1294118,0.5882353,0.9529412,1]},"o":{"a":0,"k":100},"r":1,"nm":"Fill 1","mn":"ADBE Vector Graphic - Fill"},{"ty":"tr","p":{"a":0,"k":[18.169,-11.53],"ix":2},"a":{"a":0,"k":[0,0],"ix":1},"s":{"a":0,"k":[100.413,100.154],"ix":3},"r":{"a":0,"k":0,"ix":6},"o":{"a":0,"k":100,"ix":7},"sk":{"a":0,"k":0,"ix":4},"sa":{"a":0,"k":0,"ix":5},"nm":"Transform"}],"nm":"Rectangle 1","np":3,"cix":2,"ix":1,"mn":"ADBE Vector Group"}],"ip":-3,"op":300,"st":0,"bm":0,"sr":1},{"ddd":0,"ind":6,"ty":4,"nm":"R2","parent":2,"ks":{"o":{"a":0,"k":100},"r":{"a":0,"k":90},"p":{"a":0,"k":[50,16.667,0]},"a":{"a":0,"k":[18.169,-11.54,0]},"s":{"a":0,"k":[111.111,111.111,100]}},"ao":0,"hasMask":true,"masksProperties":[{"inv":false,"mode":"a","pt":{"a":0,"k":{"i":[[0,0],[0,0],[0,0],[0,0]],"o":[[0,0],[0,0],[0,0],[0,0]],"v":[[3.169,-56.456],[3.169,3.482],[33.169,33.45],[33.169,-26.55]],"c":true}},"o":{"a":0,"k":100},"x":{"a":0,"k":0},"nm":"Mask 1"}],"shapes":[{"ty":"gr","it":[{"ty":"rc","d":1,"s":{"a":0,"k":[30,90]},"p":{"a":0,"k":[0,0]},"r":{"a":0,"k":0},"nm":"Rectangle Path 1","mn":"ADBE Vector Shape - Rect"},{"ty":"fl","c":{"a":0,"k":[0.1294118,0.5882353,0.9529412,1]},"o":{"a":0,"k":100},"r":1,"nm":"Fill 1","mn":"ADBE Vector Graphic - Fill"},{"ty":"tr","p":{"a":0,"k":[18.169,-11.53],"ix":2},"a":{"a":0,"k":[0,0],"ix":1},"s":{"a":0,"k":[100.413,100.154],"ix":3},"r":{"a":0,"k":0,"ix":6},"o":{"a":0,"k":100,"ix":7},"sk":{"a":0,"k":0,"ix":4},"sa":{"a":0,"k":0,"ix":5},"nm":"Transform"}],"nm":"Rectangle 1","np":3,"cix":2,"ix":1,"mn":"ADBE Vector Group"}],"ip":-3,"op":300,"st":0,"bm":0,"sr":1},{"ddd":0,"ind":7,"ty":4,"nm":"R3","parent":1,"ks":{"o":{"a":0,"k":100},"r":{"a":0,"k":0},"p":{"a":0,"k":[16.667,50,0]},"a":{"a":0,"k":[18.169,-11.54,0]},"s":{"a":0,"k":[111.111,111.111,100]}},"ao":0,"hasMask":true,"masksProperties":[{"inv":false,"mode":"a","pt":{"a":0,"k":{"i":[[0,0],[0,0],[0,0],[0,0]],"o":[[0,0],[0,0],[0,0],[0,0]],"v":[[3.169,-26.534],[3.169,33.45],[33.169,3.419],[33.169,-56.55]],"c":true}},"o":{"a":0,"k":100},"x":{"a":0,"k":0},"nm":"Mask 1"}],"shapes":[{"ty":"gr","it":[{"ty":"rc","d":1,"s":{"a":0,"k":[30,90]},"p":{"a":0,"k":[0,0]},"r":{"a":0,"k":0},"nm":"Rectangle Path 1","mn":"ADBE Vector Shape - Rect"},{"ty":"fl","c":{"a":0,"k":[0.6862745,0.9333333,1,1]},"o":{"a":0,"k":100},"r":1,"nm":"Fill 1","mn":"ADBE Vector Graphic - Fill"},{"ty":"tr","p":{"a":0,"k":[18.169,-11.53],"ix":2},"a":{"a":0,"k":[0,0],"ix":1},"s":{"a":0,"k":[100,100],"ix":3},"r":{"a":0,"k":0,"ix":6},"o":{"a":0,"k":100,"ix":7},"sk":{"a":0,"k":0,"ix":4},"sa":{"a":0,"k":0,"ix":5},"nm":"Transform"}],"nm":"Rectangle 1","np":3,"cix":2,"ix":1,"mn":"ADBE Vector Group"}],"ip":-3,"op":300,"st":0,"bm":0,"sr":1},{"ddd":0,"ind":8,"ty":4,"nm":"R1","parent":2,"ks":{"o":{"a":0,"k":100},"r":{"a":0,"k":0},"p":{"a":0,"k":[83.333,50,0]},"a":{"a":0,"k":[18.169,-11.54,0]},"s":{"a":0,"k":[111.111,111.111,100]}},"ao":0,"hasMask":true,"masksProperties":[{"inv":false,"mode":"a","pt":{"a":0,"k":{"i":[[0,0],[0,0],[0,0],[0,0]],"o":[[0,0],[0,0],[0,0],[0,0]],"v":[[3.169,-26.534],[3.169,33.45],[33.169,3.419],[33.169,-56.55]],"c":true}},"o":{"a":0,"k":100},"x":{"a":0,"k":0},"nm":"Mask 1"}],"shapes":[{"ty":"gr","it":[{"ty":"rc","d":1,"s":{"a":0,"k":[30,90]},"p":{"a":0,"k":[0,0]},"r":{"a":0,"k":0},"nm":"Rectangle Path 1","mn":"ADBE Vector Shape - Rect"},{"ty":"fl","c":{"a":0,"k":[0.6862745,0.9333333,1,1]},"o":{"a":0,"k":100},"r":1,"nm":"Fill 1","mn":"ADBE Vector Graphic - Fill"},{"ty":"tr","p":{"a":0,"k":[18.169,-11.53],"ix":2},"a":{"a":0,"k":[0,0],"ix":1},"s":{"a":0,"k":[100,100],"ix":3},"r":{"a":0,"k":0,"ix":6},"o":{"a":0,"k":100,"ix":7},"sk":{"a":0,"k":0,"ix":4},"sa":{"a":0,"k":0,"ix":5},"nm":"Transform"}],"nm":"Rectangle 1","np":3,"cix":2,"ix":1,"mn":"ADBE Vector Group"}],"ip":-3,"op":300,"st":0,"bm":0,"sr":1}]}