{"assets":[{"id":"image_0","w":45,"h":45,"u":"images/","p":"img_0.png"}],"fonts":{"list":[{"fName":"SanFranciscoDisplay-Medium","fFamily":"San Francisco Display","fStyle":"Medium","ascent":70.166015625}]},"layers":[{"ddd":0,"ind":0,"ty":2,"nm":"check.ai","cl":"ai","refId":"image_0","ks":{"o":{"k":100},"r":{"k":0},"p":{"k":[182.5,42.25,0]},"a":{"k":[22.5,22.5,0]},"s":{"k":[{"i":{"x":[0.667,0.667,0.667],"y":[1,1,0.667]},"o":{"x":[0.333,0.333,0.333],"y":[0,0,0.333]},"n":["0p667_1_0p333_0","0p667_1_0p333_0","0p667_0p667_0p333_0p333"],"t":128,"s":[7.778,7.778,100],"e":[43.778,43.778,100]},{"i":{"x":[0.667,0.667,0.667],"y":[1,1,0.667]},"o":{"x":[0.333,0.333,0.333],"y":[0,0,0.333]},"n":["0p667_1_0p333_0","0p667_1_0p333_0","0p667_0p667_0p333_0p333"],"t":140,"s":[43.778,43.778,100],"e":[35.778,35.778,100]},{"t":145}]}},"ao":0,"ip":132,"op":624,"st":132,"bm":0,"sr":1},{"ddd":0,"ind":1,"ty":5,"nm":"SUBMIT","ks":{"o":{"k":[{"i":{"x":[0.833],"y":[0.833]},"o":{"x":[0.167],"y":[0.167]},"n":["0p833_0p833_0p167_0p167"],"t":16,"s":[100],"e":[0]},{"t":33}]},"r":{"k":0},"p":{"k":[182.5,42.5,0]},"a":{"k":[0,0,0]},"s":{"k":[100,100,100]}},"ao":0,"t":{"d":{"k":[{"s":{"sz":[83.5,16],"ps":[-41.75,-8],"s":18,"f":"SanFranciscoDisplay-Medium","t":"SUBMIT","j":2,"tr":0,"lh":21.6,"fc":[1,1,1]},"t":0}]},"p":{},"m":{"g":1,"a":{"k":[0,0]}},"a":[]},"ip":0,"op":492,"st":0,"bm":0,"sr":1},{"ddd":0,"ind":2,"ty":1,"nm":"Medium Cyan Solid 1","ks":{"o":{"k":100},"r":{"k":0},"p":{"k":[182.5,42.5,0]},"a":{"k":[177.75,42.25,0]},"s":{"k":[100,100,100]}},"ao":0,"hasMask":true,"masksProperties":[{"inv":false,"mode":"a","pt":{"k":[{"i":{"x":0.447,"y":1},"o":{"x":1,"y":0},"n":"0p447_1_1_0","t":16,"s":[{"i":[[9.601,0],[0,0],[0,-9.601],[-9.601,0],[0,0],[0,9.601]],"o":[[0,0],[-9.601,0],[0,9.601],[0,0],[9.601,0],[0,-9.601]],"v":[[226.814,23.75],[121.883,23.75],[104.5,41.133],[121.883,58.517],[226.814,58.517],[244.197,41.133]],"c":true}],"e":[{"i":[[9.693,0],[3.17587499999999,-3.175875],[0,-4.8465],[-3.17587500000002,-3.176125],[-4.84649999999999,0],[0,9.693]],"o":[[-4.84649999999999,0],[-3.17587500000002,3.175875],[0,4.8465],[3.17587499999999,3.176125],[9.693,0],[0,-9.693]],"v":[[178.05,24],[165.640125,29.140125],[160.5,41.55],[165.640125,53.960375],[178.05,59.101],[195.601,41.55]],"c":true}]},{"t":41}]},"o":{"k":100},"x":{"k":0},"nm":"Mask 1"}],"sw":360,"sh":85,"sc":"#38dbca","ip":0,"op":492,"st":0,"bm":0,"sr":1},{"ddd":0,"ind":3,"ty":4,"nm":"Shape Layer 1","ks":{"o":{"k":100},"r":{"k":[{"i":{"x":[0.833],"y":[0.833]},"o":{"x":[0.167],"y":[0.167]},"n":["0p833_0p833_0p167_0p167"],"t":41,"s":[0],"e":[358]},{"i":{"x":[0.833],"y":[0.833]},"o":{"x":[0.167],"y":[0.167]},"n":["0p833_0p833_0p167_0p167"],"t":75,"s":[358],"e":[720]},{"t":109}]},"p":{"k":[{"i":{"x":0.667,"y":1},"o":{"x":0.333,"y":0},"n":"0p667_1_0p333_0","t":109,"s":[182.75,41.75,0],"e":[182.75,34.25,0],"to":[0,-1.25,0],"ti":[0,-4.16666650772095,0]},{"i":{"x":0.667,"y":1},"o":{"x":0.333,"y":0},"n":"0p667_1_0p333_0","t":118,"s":[182.75,34.25,0],"e":[182.75,66.75,0],"to":[0,4.16666650772095,0],"ti":[0,-5.41666650772095,0]},{"t":128}]},"a":{"k":[5.5,4.25,0]},"s":{"k":[100,100,100]}},"ao":0,"shapes":[{"ty":"gr","it":[{"ty":"st","fillEnabled":true,"c":{"k":[0.91,0.91,0.91,1]},"o":{"k":100},"w":{"k":0},"lc":1,"lj":1,"ml":4,"nm":"Stroke 1","mn":"ADBE Vector Graphic - Stroke"},{"ty":"fl","fillEnabled":true,"c":{"k":[0.22,0.86,0.79,1]},"o":{"k":100},"nm":"Fill 1","mn":"ADBE Vector Graphic - Fill"},{"ty":"tr","p":{"k":[0,0],"ix":2},"a":{"k":[0,0],"ix":1},"s":{"k":[100,100],"ix":3},"r":{"k":0,"ix":6},"o":{"k":100,"ix":7},"sk":{"k":0,"ix":4},"sa":{"k":0,"ix":5},"nm":"Transform"}],"nm":"Shape 1","np":2,"mn":"ADBE Vector Group"},{"ty":"gr","it":[{"d":1,"ty":"el","s":{"k":[8.203,8.203]},"p":{"k":[0,0]},"nm":"Ellipse Path 1","mn":"ADBE Vector Shape - Ellipse"},{"ty":"st","fillEnabled":true,"c":{"k":[0.91,0.91,0.91,1]},"o":{"k":100},"w":{"k":0},"lc":1,"lj":1,"ml":4,"nm":"Stroke 1","mn":"ADBE Vector Graphic - Stroke"},{"ty":"fl","fillEnabled":true,"c":{"k":[0.22,0.86,0.79,1]},"o":{"k":100},"nm":"Fill 1","mn":"ADBE Vector Graphic - Fill"},{"ty":"tr","p":{"k":[5.602,-20.148],"ix":2},"a":{"k":[0,0],"ix":1},"s":{"k":[100,100],"ix":3},"r":{"k":0,"ix":6},"o":{"k":100,"ix":7},"sk":{"k":0,"ix":4},"sa":{"k":0,"ix":5},"nm":"Transform"}],"nm":"Ellipse 1","np":3,"mn":"ADBE Vector Group"}],"ip":41,"op":492,"st":64,"bm":0,"sr":1}],"v":"4.5.0","ddd":0,"ip":0,"op":492,"fr":60,"w":360,"h":85,"chars":[{"ch":"S","size":18,"style":"Medium","w":57.23,"data":{"shapes":[{"ty":"gr","it":[{"ind":0,"ty":"sh","ks":{"k":{"i":[[2.93,-18.311],[9.375,1.367],[52.93,-5.81],[45.507,-34.717],[24.268,-40.088],[14.941,-44.873],[20.459,-59.717],[41.846,-54.883],[52.1,-48.926],[40.821,-68.164],[4.834,-61.279],[12.549,-32.91],[32.08,-28.027],[42.773,-23.339],[37.305,-7.129],[13.428,-12.256]],"o":[[3.174,-9.424],[42.139,1.367],[52.93,-29.98],[35.4,-37.256],[17.969,-41.602],[14.941,-55.957],[37.256,-59.717],[42.383,-48.926],[51.856,-61.572],[15.967,-68.164],[4.834,-37.988],[20.85,-30.859],[39.355,-26.22],[42.773,-11.377],[18.652,-7.129],[12.842,-18.311]],"v":[[2.93,-18.311],[27.539,1.367],[52.93,-18.896],[35.4,-37.256],[24.268,-40.088],[14.941,-49.365],[28.369,-59.717],[42.383,-48.926],[52.1,-48.926],[28.516,-68.164],[4.834,-48.633],[20.85,-30.859],[32.08,-28.027],[42.773,-18.066],[28.418,-7.129],[12.842,-18.311]],"c":true}},"nm":"S","mn":"ADBE Vector Shape - Group"}],"nm":"S","np":3,"mn":"ADBE Vector Group"},{"ty":"gr","it":[{"ind":0,"ty":"sh","ks":{"k":{"i":[[0,0],[-18.164,0],[0,13.086],[10.107,2.539],[0,0],[0,4.492],[-7.91,0],[-0.537,-5.957],[0,0],[12.305,0],[0,-12.646],[-8.301,-2.051],[0,0],[0,-5.273],[8.887,0],[0.586,6.055]],"o":[[0.244,8.887],[14.6,0],[0,-11.084],[0,0],[-6.299,-1.514],[0,-6.592],[8.887,0],[0,0],[-0.244,-12.646],[-12.549,0],[0,10.645],[0,0],[7.275,1.807],[0,6.689],[-9.766,0],[0,0]],"v":[[60.156,-18.311],[84.766,1.367],[110.156,-18.896],[92.627,-37.256],[81.494,-40.088],[72.168,-49.365],[85.596,-59.717],[99.609,-48.926],[109.326,-48.926],[85.742,-68.164],[62.061,-48.633],[78.076,-30.859],[89.307,-28.027],[100,-18.066],[85.645,-7.129],[70.068,-18.311]],"c":true}},"nm":"S","mn":"ADBE Vector Shape - Group"}],"nm":"S","np":3,"mn":"ADBE Vector Group"}]},"fFamily":"San Francisco Display"},{"ch":"U","size":18,"style":"Medium","w":65.48,"data":{"shapes":[{"ty":"gr","it":[{"ind":0,"ty":"sh","ks":{"k":{"i":[[16.895,-66.65],[6.934,-66.65],[6.934,-22.266],[16.602,1.367],[58.545,-8.399],[58.545,-66.65],[48.584,-66.65],[48.584,-23.633],[42.285,-7.471],[16.895,-13.623]],"o":[[16.895,-66.65],[6.934,-66.65],[6.934,-8.399],[48.877,1.367],[58.545,-22.266],[58.545,-66.65],[48.584,-66.65],[48.584,-13.672],[23.145,-7.471],[16.895,-23.633]],"v":[[16.895,-66.65],[6.934,-66.65],[6.934,-22.266],[32.715,1.367],[58.545,-22.266],[58.545,-66.65],[48.584,-66.65],[48.584,-23.633],[32.715,-7.471],[16.895,-23.633]],"c":true}},"nm":"U","mn":"ADBE Vector Shape - Group"}],"nm":"U","np":3,"mn":"ADBE Vector Group"},{"ty":"gr","it":[{"ind":0,"ty":"sh","ks":{"k":{"i":[[0,0],[0,0],[0,0],[-16.113,0],[0,13.867],[0,0],[0,0],[0,0],[9.57,0],[0,10.01]],"o":[[0,0],[0,0],[0,13.867],[16.162,0],[0,0],[0,0],[0,0],[0,9.961],[-9.57,0],[0,0]],"v":[[82.373,-66.65],[72.412,-66.65],[72.412,-22.266],[98.193,1.367],[124.023,-22.266],[124.023,-66.65],[114.062,-66.65],[114.062,-23.633],[98.193,-7.471],[82.373,-23.633]],"c":true}},"nm":"U","mn":"ADBE Vector Shape - Group"}],"nm":"U","np":3,"mn":"ADBE Vector Group"}]},"fFamily":"San Francisco Display"},{"ch":"B","size":18,"style":"Medium","w":60.25,"data":{"shapes":[{"ty":"gr","it":[{"ind":0,"ty":"sh","ks":{"k":{"i":[[7.715,0],[32.959,0],[56.201,-6.494],[50.586,-33.984],[41.602,-35.547],[52.539,-42.041],[44.873,-66.65],[7.715,-66.65]],"o":[[7.715,0],[46.387,0],[56.201,-27.93],[41.602,-35.107],[47.901,-37.354],[52.539,-60.596],[33.643,-66.65],[7.715,-66.65]],"v":[[7.715,0],[32.959,0],[56.201,-18.701],[41.602,-35.107],[41.602,-35.547],[52.539,-50.244],[33.643,-66.65],[7.715,-66.65]],"c":true}},"nm":"B","mn":"ADBE Vector Shape - Group"},{"ind":1,"ty":"sh","ks":{"k":{"i":[[17.725,-58.398],[31.689,-58.398],[42.48,-55.371],[37.402,-38.281],[17.725,-38.281]],"o":[[17.725,-58.398],[37.841,-58.398],[42.48,-41.357],[27.441,-38.281],[17.725,-38.281]],"v":[[17.725,-58.398],[31.689,-58.398],[42.48,-48.535],[27.441,-38.281],[17.725,-38.281]],"c":true}},"nm":"B","mn":"ADBE Vector Shape - Group"},{"ind":2,"ty":"sh","ks":{"k":{"i":[[17.725,-30.322],[32.617,-30.322],[45.947,-26.562],[38.721,-8.252],[17.725,-8.252]],"o":[[17.725,-30.322],[40.625,-30.322],[45.947,-10.254],[28.711,-8.252],[17.725,-8.252]],"v":[[17.725,-30.322],[32.617,-30.322],[45.947,-18.945],[28.711,-8.252],[17.725,-8.252]],"c":true}},"nm":"B","mn":"ADBE Vector Shape - Group"}],"nm":"B","np":6,"mn":"ADBE Vector Group"},{"ty":"gr","it":[{"ind":0,"ty":"sh","ks":{"k":{"i":[[0,0],[0,0],[0,12.207],[8.984,1.123],[0,0],[0,8.203],[11.23,0],[0,0]],"o":[[0,0],[13.428,0],[0,-9.229],[0,0],[6.299,-1.807],[0,-10.352],[0,0],[0,0]],"v":[[67.969,0],[93.213,0],[116.455,-18.701],[101.855,-35.107],[101.855,-35.547],[112.793,-50.244],[93.896,-66.65],[67.969,-66.65]],"c":true}},"nm":"B","mn":"ADBE Vector Shape - Group"},{"ind":1,"ty":"sh","ks":{"k":{"i":[[0,0],[0,0],[0,-6.836],[9.961,0],[0,0]],"o":[[0,0],[6.152,0],[0,7.178],[0,0],[0,0]],"v":[[77.979,-58.398],[91.943,-58.398],[102.734,-48.535],[87.695,-38.281],[77.979,-38.281]],"c":true}},"nm":"B","mn":"ADBE Vector Shape - Group"},{"ind":2,"ty":"sh","ks":{"k":{"i":[[0,0],[0,0],[0,-7.617],[10.01,0],[0,0]],"o":[[0,0],[8.008,0],[0,8.691],[0,0],[0,0]],"v":[[77.979,-30.322],[92.871,-30.322],[106.201,-18.945],[88.965,-8.252],[77.979,-8.252]],"c":true}},"nm":"B","mn":"ADBE Vector Shape - Group"},{"ty":"mm","mm":1,"nm":"Merge Paths 1","mn":"ADBE Vector Filter - Merge"}],"nm":"B","np":6,"mn":"ADBE Vector Group"}]},"fFamily":"San Francisco Display"},{"ch":"M","size":18,"style":"Medium","w":78.12,"data":{"shapes":[{"ty":"gr","it":[{"ind":0,"ty":"sh","ks":{"k":{"i":[[16.943,0],[16.943,-47.021],[17.285,-47.021],[35.205,-6.494],[42.871,-6.494],[60.742,-47.021],[61.133,-47.021],[61.133,0],[70.215,0],[70.215,-66.65],[60.254,-66.65],[39.209,-17.92],[38.965,-17.92],[17.871,-66.65],[7.91,-66.65],[7.91,0]],"o":[[16.943,0],[16.943,-47.021],[17.285,-47.021],[35.205,-6.494],[42.871,-6.494],[60.742,-47.021],[61.133,-47.021],[61.133,0],[70.215,0],[70.215,-66.65],[60.254,-66.65],[39.209,-17.92],[38.965,-17.92],[17.871,-66.65],[7.91,-66.65],[7.91,0]],"v":[[16.943,0],[16.943,-47.021],[17.285,-47.021],[35.205,-6.494],[42.871,-6.494],[60.742,-47.021],[61.133,-47.021],[61.133,0],[70.215,0],[70.215,-66.65],[60.254,-66.65],[39.209,-17.92],[38.965,-17.92],[17.871,-66.65],[7.91,-66.65],[7.91,0]],"c":true}},"nm":"M","mn":"ADBE Vector Shape - Group"}],"nm":"M","np":3,"mn":"ADBE Vector Group"},{"ty":"gr","it":[{"ind":0,"ty":"sh","ks":{"k":{"i":[[0,0],[0,0],[0,0],[0,0],[0,0],[0,0],[0,0],[0,0],[0,0],[0,0],[0,0],[0,0],[0,0],[0,0],[0,0],[0,0]],"o":[[0,0],[0,0],[0,0],[0,0],[0,0],[0,0],[0,0],[0,0],[0,0],[0,0],[0,0],[0,0],[0,0],[0,0],[0,0],[0,0]],"v":[[95.068,0],[95.068,-47.021],[95.41,-47.021],[113.33,-6.494],[120.996,-6.494],[138.867,-47.021],[139.258,-47.021],[139.258,0],[148.34,0],[148.34,-66.65],[138.379,-66.65],[117.334,-17.92],[117.09,-17.92],[95.996,-66.65],[86.035,-66.65],[86.035,0]],"c":true}},"nm":"M","mn":"ADBE Vector Shape - Group"}],"nm":"M","np":3,"mn":"ADBE Vector Group"}]},"fFamily":"San Francisco Display"},{"ch":"I","size":18,"style":"Medium","w":25.44,"data":{"shapes":[{"ty":"gr","it":[{"ind":0,"ty":"sh","ks":{"k":{"i":[[17.773,0],[17.773,-66.65],[7.715,-66.65],[7.715,0]],"o":[[17.773,0],[17.773,-66.65],[7.715,-66.65],[7.715,0]],"v":[[17.773,0],[17.773,-66.65],[7.715,-66.65],[7.715,0]],"c":true}},"nm":"I","mn":"ADBE Vector Shape - Group"}],"nm":"I","np":3,"mn":"ADBE Vector Group"},{"ty":"gr","it":[{"ind":0,"ty":"sh","ks":{"k":{"i":[[0,0],[0,0],[0,0],[0,0]],"o":[[0,0],[0,0],[0,0],[0,0]],"v":[[43.213,0],[43.213,-66.65],[33.154,-66.65],[33.154,0]],"c":true}},"nm":"I","mn":"ADBE Vector Shape - Group"}],"nm":"I","np":3,"mn":"ADBE Vector Group"}]},"fFamily":"San Francisco Display"},{"ch":"T","size":18,"style":"Medium","w":54.05,"data":{"shapes":[{"ty":"gr","it":[{"ind":0,"ty":"sh","ks":{"k":{"i":[[30.713,0],[30.713,-57.91],[50.586,-57.91],[50.586,-66.65],[0.879,-66.65],[0.879,-57.91],[20.752,-57.91],[20.752,0]],"o":[[30.713,0],[30.713,-57.91],[50.586,-57.91],[50.586,-66.65],[0.879,-66.65],[0.879,-57.91],[20.752,-57.91],[20.752,0]],"v":[[30.713,0],[30.713,-57.91],[50.586,-57.91],[50.586,-66.65],[0.879,-66.65],[0.879,-57.91],[20.752,-57.91],[20.752,0]],"c":true}},"nm":"T","mn":"ADBE Vector Shape - Group"}],"nm":"T","np":3,"mn":"ADBE Vector Group"},{"ty":"gr","it":[{"ind":0,"ty":"sh","ks":{"k":{"i":[[0,0],[0,0],[0,0],[0,0],[0,0],[0,0],[0,0],[0,0]],"o":[[0,0],[0,0],[0,0],[0,0],[0,0],[0,0],[0,0],[0,0]],"v":[[84.766,0],[84.766,-57.91],[104.639,-57.91],[104.639,-66.65],[54.932,-66.65],[54.932,-57.91],[74.805,-57.91],[74.805,0]],"c":true}},"nm":"T","mn":"ADBE Vector Shape - Group"}],"nm":"T","np":3,"mn":"ADBE Vector Group"}]},"fFamily":"San Francisco Display"}]}