{"v":"4.6.0","fr":25,"ip":0,"op":42,"w":128,"h":60,"nm":"Comp 1","ddd":0,"assets":[],"layers":[{"ddd":0,"ind":1,"ty":4,"nm":"arrows Outlines 3","ks":{"o":{"a":0,"k":100},"r":{"a":0,"k":0},"p":{"a":0,"k":[90,30,0]},"a":{"a":0,"k":[256,256,0]},"s":{"a":0,"k":[32,32,100]}},"ao":0,"shapes":[{"ty":"gr","it":[{"ind":0,"ty":"sh","ks":{"a":0,"k":{"i":[[0,0],[-6.695,-6.47],[0,0],[-6.567,6.389],[0,0],[6.597,6.389],[0,0],[6.663,-6.47],[0,0],[-6.469,-6.292],[0,0],[6.5,-6.291]],"o":[[-6.566,6.355],[0,0],[6.597,6.403],[0,0],[6.564,-6.373],[0,0],[-6.567,-6.371],[0,0],[-6.631,6.406],[0,0],[6.566,6.372],[0,0]],"v":[[-46.06,58.31],[-45.962,81.454],[-48,79.479],[-24.13,79.543],[46.059,11.557],[46.059,-11.54],[-24.13,-79.528],[-48,-79.462],[-45.962,-81.437],[-46.06,-58.293],[2.199,-11.523],[2.199,11.54]],"c":true}},"nm":"Path 1","mn":"ADBE Vector Shape - Group"},{"ty":"fl","c":{"a":0,"k":[1,1,1,1]},"o":{"a":1,"k":[{"i":{"x":[0.833],"y":[0.833]},"o":{"x":[0.167],"y":[0.167]},"n":["0p833_0p833_0p167_0p167"],"t":20,"s":[50],"e":[100]},{"i":{"x":[0.833],"y":[0.833]},"o":{"x":[0.167],"y":[0.167]},"n":["0p833_0p833_0p167_0p167"],"t":25,"s":[100],"e":[50]},{"t":42}]},"r":1,"nm":"Fill 1","mn":"ADBE Vector Graphic - Fill"},{"ty":"tr","p":{"a":0,"k":[254.934,253.66],"ix":2},"a":{"a":0,"k":[0,0],"ix":1},"s":{"a":0,"k":[100,100],"ix":3},"r":{"a":0,"k":0,"ix":6},"o":{"a":0,"k":100,"ix":7},"sk":{"a":0,"k":0,"ix":4},"sa":{"a":0,"k":0,"ix":5},"nm":"Transform"}],"nm":"Group 1","np":2,"mn":"ADBE Vector Group"}],"ip":0,"op":250,"st":0,"bm":0,"sr":1},{"ddd":0,"ind":2,"ty":4,"nm":"arrows Outlines 2","ks":{"o":{"a":0,"k":100},"r":{"a":0,"k":0},"p":{"a":0,"k":[90,30,0]},"a":{"a":0,"k":[256,256,0]},"s":{"a":0,"k":[32,32,100]}},"ao":0,"shapes":[{"ty":"gr","it":[{"ind":0,"ty":"sh","ks":{"a":0,"k":{"i":[[0,0],[-6.695,-6.47],[0,0],[-6.567,6.389],[0,0],[6.597,6.389],[0,0],[6.663,-6.47],[0,0],[-6.469,-6.292],[0,0],[6.5,-6.291]],"o":[[-6.566,6.355],[0,0],[6.597,6.403],[0,0],[6.564,-6.373],[0,0],[-6.567,-6.371],[0,0],[-6.631,6.406],[0,0],[6.566,6.372],[0,0]],"v":[[-46.06,58.31],[-45.962,81.454],[-48,79.479],[-24.13,79.543],[46.059,11.557],[46.059,-11.54],[-24.13,-79.528],[-48,-79.462],[-45.962,-81.437],[-46.06,-58.293],[2.199,-11.523],[2.199,11.54]],"c":true}},"nm":"Path 1","mn":"ADBE Vector Shape - Group"},{"ty":"fl","c":{"a":0,"k":[1,1,1,1]},"o":{"a":1,"k":[{"i":{"x":[0.833],"y":[0.833]},"o":{"x":[0.167],"y":[0.167]},"n":["0p833_0p833_0p167_0p167"],"t":13,"s":[50],"e":[100]},{"i":{"x":[0.833],"y":[0.833]},"o":{"x":[0.167],"y":[0.167]},"n":["0p833_0p833_0p167_0p167"],"t":25,"s":[100],"e":[50]},{"t":36}]},"r":1,"nm":"Fill 1","mn":"ADBE Vector Graphic - Fill"},{"ty":"tr","p":{"a":0,"k":[174.934,253.66],"ix":2},"a":{"a":0,"k":[0,0],"ix":1},"s":{"a":0,"k":[100,100],"ix":3},"r":{"a":0,"k":0,"ix":6},"o":{"a":0,"k":100,"ix":7},"sk":{"a":0,"k":0,"ix":4},"sa":{"a":0,"k":0,"ix":5},"nm":"Transform"}],"nm":"Group 1","np":2,"mn":"ADBE Vector Group"}],"ip":0,"op":250,"st":0,"bm":0,"sr":1},{"ddd":0,"ind":3,"ty":4,"nm":"arrows Outlines","ks":{"o":{"a":0,"k":100},"r":{"a":0,"k":0},"p":{"a":0,"k":[64,30,0]},"a":{"a":0,"k":[256,256,0]},"s":{"a":0,"k":[32,32,100]}},"ao":0,"shapes":[{"ty":"gr","it":[{"ind":0,"ty":"sh","ks":{"a":0,"k":{"i":[[0,0],[-6.695,-6.47],[0,0],[-6.567,6.389],[0,0],[6.597,6.389],[0,0],[6.663,-6.47],[0,0],[-6.469,-6.292],[0,0],[6.5,-6.291]],"o":[[-6.566,6.355],[0,0],[6.597,6.403],[0,0],[6.564,-6.373],[0,0],[-6.567,-6.371],[0,0],[-6.631,6.406],[0,0],[6.566,6.372],[0,0]],"v":[[-46.06,58.31],[-45.962,81.454],[-48,79.479],[-24.13,79.543],[46.059,11.557],[46.059,-11.54],[-24.13,-79.528],[-48,-79.462],[-45.962,-81.437],[-46.06,-58.293],[2.199,-11.523],[2.199,11.54]],"c":true}},"nm":"Path 1","mn":"ADBE Vector Shape - Group"},{"ty":"fl","c":{"a":0,"k":[1,1,1,1]},"o":{"a":1,"k":[{"i":{"x":[0.833],"y":[0.833]},"o":{"x":[0.167],"y":[0.167]},"n":["0p833_0p833_0p167_0p167"],"t":0,"s":[50],"e":[100]},{"i":{"x":[0.833],"y":[0.833]},"o":{"x":[0.167],"y":[0.167]},"n":["0p833_0p833_0p167_0p167"],"t":25,"s":[100],"e":[50]},{"t":32}]},"r":1,"nm":"Fill 1","mn":"ADBE Vector Graphic - Fill"},{"ty":"tr","p":{"a":0,"k":[174.934,253.66],"ix":2},"a":{"a":0,"k":[0,0],"ix":1},"s":{"a":0,"k":[100,100],"ix":3},"r":{"a":0,"k":0,"ix":6},"o":{"a":0,"k":100,"ix":7},"sk":{"a":0,"k":0,"ix":4},"sa":{"a":0,"k":0,"ix":5},"nm":"Transform"}],"nm":"Group 1","np":2,"mn":"ADBE Vector Group"}],"ip":0,"op":250,"st":0,"bm":0,"sr":1}]}