{"v":"4.6.6","fr":24,"ip":0,"op":48,"w":300,"h":300,"nm":"Icon 4","ddd":0,"assets":[],"layers":[{"ddd":0,"ind":1,"ty":4,"nm":"Switch","ks":{"o":{"a":0,"k":100},"r":{"a":0,"k":0},"p":{"a":0,"k":[150,150,0]},"a":{"a":0,"k":[0,0,0]},"s":{"a":0,"k":[75,75,100]}},"ao":0,"shapes":[{"ty":"gr","it":[{"d":1,"ty":"el","s":{"a":0,"k":[50,50]},"p":{"a":1,"k":[{"i":{"x":0.5,"y":1},"o":{"x":0.5,"y":0},"n":"0p5_1_0p5_0","t":0,"s":[0,100],"e":[0,-100],"to":[0,-33.3333320617676],"ti":[0,0]},{"i":{"x":0.5,"y":1},"o":{"x":0.5,"y":0},"n":"0p5_1_0p5_0","t":24,"s":[0,-100],"e":[0,100],"to":[0,0],"ti":[0,-33.3333320617676]},{"t":48}]},"nm":"Ellipse Path 2","mn":"ADBE Vector Shape - Ellipse"},{"ty":"fl","c":{"a":1,"k":[{"i":{"x":[0.5],"y":[1]},"o":{"x":[0.5],"y":[0]},"n":["0p5_1_0p5_0"],"t":0,"s":[0.5176471,0.5176471,0.5176471,1],"e":[0.9686275,0.6773018,0.3646597,1]},{"i":{"x":[0.5],"y":[1]},"o":{"x":[0.5],"y":[0]},"n":["0p5_1_0p5_0"],"t":24,"s":[0.9686275,0.6773018,0.3646597,1],"e":[0.5176471,0.5176471,0.5176471,1]},{"t":48}]},"o":{"a":0,"k":100},"r":1,"nm":"Fill 2","mn":"ADBE Vector Graphic - Fill"},{"ty":"tr","p":{"a":0,"k":[0,0],"ix":2},"a":{"a":0,"k":[0,0],"ix":1},"s":{"a":0,"k":[100,100],"ix":3},"r":{"a":0,"k":0,"ix":6},"o":{"a":0,"k":100,"ix":7},"sk":{"a":0,"k":0,"ix":4},"sa":{"a":0,"k":0,"ix":5},"nm":"Transform"}],"nm":"Group 1","np":2,"cix":2,"ix":1,"mn":"ADBE Vector Group"},{"ty":"gr","it":[{"ty":"rc","d":1,"s":{"a":0,"k":[75,275]},"p":{"a":0,"k":[0,0]},"r":{"a":0,"k":125},"nm":"Rectangle Path 1","mn":"ADBE Vector Shape - Rect"},{"ty":"st","c":{"a":0,"k":[0.5176471,0.5176471,0.5176471,1]},"o":{"a":0,"k":100},"w":{"a":0,"k":20},"lc":1,"lj":1,"ml":4,"nm":"Stroke 1","mn":"ADBE Vector Graphic - Stroke"},{"ty":"tr","p":{"a":0,"k":[0,0],"ix":2},"a":{"a":0,"k":[0,0],"ix":1},"s":{"a":0,"k":[100,100],"ix":3},"r":{"a":0,"k":0,"ix":6},"o":{"a":0,"k":100,"ix":7},"sk":{"a":0,"k":0,"ix":4},"sa":{"a":0,"k":0,"ix":5},"nm":"Transform"}],"nm":"Group 2","np":2,"cix":2,"ix":2,"mn":"ADBE Vector Group"},{"ty":"gr","it":[{"ty":"rc","d":1,"s":{"a":0,"k":[350,350]},"p":{"a":0,"k":[0,0]},"r":{"a":0,"k":0},"nm":"Rectangle Path 1","mn":"ADBE Vector Shape - Rect"},{"ty":"st","c":{"a":0,"k":[0.5176471,0.5176471,0.5176471,1]},"o":{"a":0,"k":100},"w":{"a":0,"k":20},"lc":1,"lj":1,"ml":4,"nm":"Stroke 1","mn":"ADBE Vector Graphic - Stroke"},{"ty":"tr","p":{"a":0,"k":[0,0],"ix":2},"a":{"a":0,"k":[0,0],"ix":1},"s":{"a":0,"k":[100,100],"ix":3},"r":{"a":0,"k":0,"ix":6},"o":{"a":0,"k":100,"ix":7},"sk":{"a":0,"k":0,"ix":4},"sa":{"a":0,"k":0,"ix":5},"nm":"Transform"}],"nm":"Group 3","np":2,"cix":2,"ix":3,"mn":"ADBE Vector Group"}],"ip":0,"op":49,"st":0,"bm":0,"sr":1}]}