{"assets":[],"layers":[{"ddd":0,"ind":0,"ty":3,"nm":"Null 1","ks":{"o":{"k":0},"r":{"k":[{"i":{"x":[0.833],"y":[0.833]},"o":{"x":[0.167],"y":[0.167]},"n":["0p833_0p833_0p167_0p167"],"t":0,"s":[0],"e":[0]},{"i":{"x":[0.833],"y":[0.833]},"o":{"x":[0.167],"y":[0.167]},"n":["0p833_0p833_0p167_0p167"],"t":30,"s":[0],"e":[0]},{"i":{"x":[0.833],"y":[0.833]},"o":{"x":[0.167],"y":[0.167]},"n":["0p833_0p833_0p167_0p167"],"t":50,"s":[0],"e":[0]},{"t":80.0000032584668}]},"p":{"k":[{"i":{"x":0.833,"y":0.833},"o":{"x":0.167,"y":0.167},"n":"0p833_0p833_0p167_0p167","t":0,"s":[248,300,0],"e":[353,300,0],"to":[17.5,0,0],"ti":[-17.5,0,0]},{"i":{"x":0.833,"y":0.833},"o":{"x":0.167,"y":0.167},"n":"0p833_0p833_0p167_0p167","t":30,"s":[353,300,0],"e":[353,300,0],"to":[0,0,0],"ti":[0,0,0]},{"i":{"x":0.833,"y":0.833},"o":{"x":0.167,"y":0.167},"n":"0p833_0p833_0p167_0p167","t":50,"s":[353,300,0],"e":[245,300,0],"to":[-18,0,0],"ti":[18,0,0]},{"t":80.0000032584668}]},"a":{"k":[0,0,0]},"s":{"k":[100,100,100]}},"ao":0,"ip":0,"op":900.000036657751,"st":0,"bm":0,"sr":1},{"ddd":0,"ind":1,"ty":4,"nm":"right-stroke","parent":0,"ks":{"o":{"k":100},"r":{"k":[{"i":{"x":[0.667],"y":[1]},"o":{"x":[0.333],"y":[0]},"n":["0p667_1_0p333_0"],"t":0,"s":[-45],"e":[135]},{"i":{"x":[0.667],"y":[0.667]},"o":{"x":[0.333],"y":[0.333]},"n":["0p667_0p667_0p333_0p333"],"t":30,"s":[135],"e":[135]},{"i":{"x":[0.667],"y":[1]},"o":{"x":[0.333],"y":[0]},"n":["0p667_1_0p333_0"],"t":50,"s":[135],"e":[-45]},{"t":80.0000032584668}]},"p":{"k":[{"i":{"x":0.667,"y":1},"o":{"x":0.333,"y":0},"n":"0p667_1_0p333_0","t":0,"s":[0,0,0],"e":[8.952,-3.915,0],"to":[1.49202704429626,-0.65255779027939,0],"ti":[-1.49202704429626,0.65255779027939,0]},{"i":{"x":0.667,"y":0.667},"o":{"x":0.333,"y":0.333},"n":"0p667_0p667_0p333_0p333","t":30,"s":[8.952,-3.915,0],"e":[8.952,-3.915,0],"to":[0,0,0],"ti":[0,0,0]},{"i":{"x":0.667,"y":1},"o":{"x":0.333,"y":0},"n":"0p667_1_0p333_0","t":50,"s":[8.952,-3.915,0],"e":[0,0,0],"to":[-1.49202704429626,0.65255779027939,0],"ti":[1.49202704429626,-0.65255779027939,0]},{"t":80.0000032584668}]},"a":{"k":[-17.584,5.984,0]},"s":{"k":[{"i":{"x":[0.667,0.667,0.667],"y":[1,0.667,0.667]},"o":{"x":[0.333,0.333,0.333],"y":[0,0.333,0.333]},"n":["0p667_1_0p333_0","0p667_0p667_0p333_0p333","0p667_0p667_0p333_0p333"],"t":0,"s":[100,100,100],"e":[116,100,100]},{"i":{"x":[0.667,0.667,0.667],"y":[0.667,0.667,0.667]},"o":{"x":[0.333,0.333,0.333],"y":[0.333,0.333,0.333]},"n":["0p667_0p667_0p333_0p333","0p667_0p667_0p333_0p333","0p667_0p667_0p333_0p333"],"t":30,"s":[116,100,100],"e":[116,100,100]},{"i":{"x":[0.667,0.667,0.667],"y":[1,0.667,0.667]},"o":{"x":[0.333,0.333,0.333],"y":[0,0.333,0.333]},"n":["0p667_1_0p333_0","0p667_0p667_0p333_0p333","0p667_0p667_0p333_0p333"],"t":50,"s":[116,100,100],"e":[100,100,100]},{"t":80.0000032584668}]}},"ao":0,"shapes":[{"ty":"gr","it":[{"ty":"rc","d":1,"s":{"k":[44.832,9.969]},"p":{"k":[0,0]},"r":{"k":0},"nm":"Rectangle Path 1","mn":"ADBE Vector Shape - Rect"},{"ty":"st","fillEnabled":true,"c":{"k":[1,1,1,1]},"o":{"k":100},"w":{"k":0},"lc":1,"lj":1,"ml":4,"nm":"Stroke 1","mn":"ADBE Vector Graphic - Stroke"},{"ty":"fl","fillEnabled":true,"c":{"k":[1,1,1,1]},"o":{"k":100},"nm":"Fill 1","mn":"ADBE Vector Graphic - Fill"},{"ty":"tr","p":{"k":[-17.584,5.984],"ix":2},"a":{"k":[0,0],"ix":1},"s":{"k":[100,100],"ix":3},"r":{"k":0,"ix":6},"o":{"k":100,"ix":7},"sk":{"k":0,"ix":4},"sa":{"k":0,"ix":5},"nm":"Transform"}],"nm":"Rectangle 1","np":3,"mn":"ADBE Vector Group"}],"ip":0,"op":900.000036657751,"st":0,"bm":0,"sr":1},{"ddd":0,"ind":2,"ty":4,"nm":"left-stroke","parent":0,"ks":{"o":{"k":100},"r":{"k":[{"i":{"x":[0.667],"y":[1]},"o":{"x":[0.333],"y":[0]},"n":["0p667_1_0p333_0"],"t":0,"s":[-136],"e":[45]},{"i":{"x":[0.667],"y":[0.667]},"o":{"x":[0.333],"y":[0.333]},"n":["0p667_0p667_0p333_0p333"],"t":30,"s":[45],"e":[45]},{"i":{"x":[0.667],"y":[1]},"o":{"x":[0.333],"y":[0]},"n":["0p667_1_0p333_0"],"t":50,"s":[45],"e":[-136]},{"t":80.0000032584668}]},"p":{"k":[{"i":{"x":0.667,"y":1},"o":{"x":0.333,"y":0},"n":"0p667_1_0p333_0","t":0,"s":[0,0,0],"e":[-15.942,8.021,0],"to":[-2.65697407722473,1.33688998222351,0],"ti":[2.65697407722473,-1.33688998222351,0]},{"i":{"x":0.667,"y":0.667},"o":{"x":0.333,"y":0.333},"n":"0p667_0p667_0p333_0p333","t":30,"s":[-15.942,8.021,0],"e":[-15.942,8.021,0],"to":[0,0,0],"ti":[0,0,0]},{"i":{"x":0.667,"y":1},"o":{"x":0.333,"y":0},"n":"0p667_1_0p333_0","t":50,"s":[-15.942,8.021,0],"e":[0,0,0],"to":[2.65697407722473,-1.33688998222351,0],"ti":[-2.65697407722473,1.33688998222351,0]},{"t":80.0000032584668}]},"a":{"k":[-17.584,5.984,0]},"s":{"k":[{"i":{"x":[0.667,0.667,0.667],"y":[1,0.667,0.667]},"o":{"x":[0.333,0.333,0.333],"y":[0,0.333,0.333]},"n":["0p667_1_0p333_0","0p667_0p667_0p333_0p333","0p667_0p667_0p333_0p333"],"t":0,"s":[100,100,100],"e":[65,100,100]},{"i":{"x":[0.667,0.667,0.667],"y":[0.667,0.667,0.667]},"o":{"x":[0.333,0.333,0.333],"y":[0.333,0.333,0.333]},"n":["0p667_0p667_0p333_0p333","0p667_0p667_0p333_0p333","0p667_0p667_0p333_0p333"],"t":30,"s":[65,100,100],"e":[65,100,100]},{"i":{"x":[0.667,0.667,0.667],"y":[1,0.667,0.667]},"o":{"x":[0.333,0.333,0.333],"y":[0,0.333,0.333]},"n":["0p667_1_0p333_0","0p667_0p667_0p333_0p333","0p667_0p667_0p333_0p333"],"t":50,"s":[65,100,100],"e":[100,100,100]},{"t":80.0000032584668}]}},"ao":0,"shapes":[{"ty":"gr","it":[{"ty":"rc","d":1,"s":{"k":[44.832,9.969]},"p":{"k":[0,0]},"r":{"k":0},"nm":"Rectangle Path 1","mn":"ADBE Vector Shape - Rect"},{"ty":"st","fillEnabled":true,"c":{"k":[1,1,1,1]},"o":{"k":100},"w":{"k":0},"lc":1,"lj":1,"ml":4,"nm":"Stroke 1","mn":"ADBE Vector Graphic - Stroke"},{"ty":"fl","fillEnabled":true,"c":{"k":[1,1,1,1]},"o":{"k":100},"nm":"Fill 1","mn":"ADBE Vector Graphic - Fill"},{"ty":"tr","p":{"k":[-17.584,5.984],"ix":2},"a":{"k":[0,0],"ix":1},"s":{"k":[100,100],"ix":3},"r":{"k":0,"ix":6},"o":{"k":100,"ix":7},"sk":{"k":0,"ix":4},"sa":{"k":0,"ix":5},"nm":"Transform"}],"nm":"Rectangle 1","np":3,"mn":"ADBE Vector Group"}],"ip":0,"op":900.000036657751,"st":0,"bm":0,"sr":1},{"ddd":0,"ind":3,"ty":4,"nm":"circle","parent":0,"ks":{"o":{"k":100},"r":{"k":0},"p":{"k":[0,0,0]},"a":{"k":[-4.629,-10.629,0]},"s":{"k":[100,100,100]}},"ao":0,"shapes":[{"ty":"gr","it":[{"d":1,"ty":"el","s":{"k":[114.742,114.742]},"p":{"k":[0,0]},"nm":"Ellipse Path 1","mn":"ADBE Vector Shape - Ellipse"},{"ty":"st","fillEnabled":true,"c":{"k":[1,1,1,1]},"o":{"k":100},"w":{"k":0},"lc":1,"lj":1,"ml":4,"nm":"Stroke 1","mn":"ADBE Vector Graphic - Stroke"},{"ty":"fl","fillEnabled":true,"c":{"k":[{"i":{"x":[0.833],"y":[0.833]},"o":{"x":[0.167],"y":[0.167]},"n":["0p833_0p833_0p167_0p167"],"t":0,"s":[0.94,0.06,0.06,1],"e":[0.15,0.78,0.36,1]},{"i":{"x":[0.833],"y":[0.833]},"o":{"x":[0.167],"y":[0.167]},"n":["0p833_0p833_0p167_0p167"],"t":30,"s":[0.15,0.78,0.36,1],"e":[0.15,0.78,0.36,1]},{"i":{"x":[0.833],"y":[0.833]},"o":{"x":[0.167],"y":[0.167]},"n":["0p833_0p833_0p167_0p167"],"t":50,"s":[0.15,0.78,0.36,1],"e":[0.94,0.06,0.06,1]},{"t":80.0000032584668}]},"o":{"k":100},"nm":"Fill 1","mn":"ADBE Vector Graphic - Fill"},{"ty":"tr","p":{"k":[-4.629,-10.629],"ix":2},"a":{"k":[0,0],"ix":1},"s":{"k":[100,100],"ix":3},"r":{"k":0,"ix":6},"o":{"k":100,"ix":7},"sk":{"k":0,"ix":4},"sa":{"k":0,"ix":5},"nm":"Transform"}],"nm":"Ellipse 1","np":3,"mn":"ADBE Vector Group"}],"ip":0,"op":900.000036657751,"st":0,"bm":0,"sr":1},{"ddd":0,"ind":4,"ty":4,"nm":"background shape","ks":{"o":{"k":43},"r":{"k":0},"p":{"k":[302.637,310.219,0]},"a":{"k":[0,0,0]},"s":{"k":[100,100,100]}},"ao":0,"shapes":[{"ty":"gr","it":[{"ty":"rc","d":1,"s":{"k":[253,144]},"p":{"k":[0,0]},"r":{"k":135},"nm":"Rectangle Path 1","mn":"ADBE Vector Shape - Rect"},{"ty":"st","fillEnabled":true,"c":{"k":[1,1,1,1]},"o":{"k":100},"w":{"k":8},"lc":1,"lj":1,"ml":4,"nm":"Stroke 1","mn":"ADBE Vector Graphic - Stroke"},{"ty":"tr","p":{"k":[-2.637,-10.219],"ix":2},"a":{"k":[0,0],"ix":1},"s":{"k":[99.355,100],"ix":3},"r":{"k":0,"ix":6},"o":{"k":100,"ix":7},"sk":{"k":0,"ix":4},"sa":{"k":0,"ix":5},"nm":"Transform"}],"nm":"Rectangle 1","np":3,"mn":"ADBE Vector Group"}],"ip":0,"op":900.000036657751,"st":0,"bm":0,"sr":1}],"v":"4.5.3","ddd":0,"ip":0,"op":110.000004480392,"fr":29.9700012207031,"w":600,"h":600}