{"v":"4.6.3","fr":25,"ip":0,"op":69,"w":500,"h":500,"nm":"UK","ddd":0,"assets":[],"layers":[{"ddd":0,"ind":1,"ty":4,"nm":"red","ks":{"o":{"a":0,"k":100},"r":{"a":0,"k":0},"p":{"a":0,"k":[250,250,0]},"a":{"a":0,"k":[0,0,0]},"s":{"a":1,"k":[{"i":{"x":[0.667,0.667,0.667],"y":[1,1,0.667]},"o":{"x":[0.333,0.333,0.333],"y":[0,0,0.333]},"n":["0p667_1_0p333_0","0p667_1_0p333_0","0p667_0p667_0p333_0p333"],"t":32,"s":[0,0,100],"e":[114,114,100]},{"i":{"x":[0.667,0.667,0.667],"y":[1,1,0.667]},"o":{"x":[0.333,0.333,0.333],"y":[0,0,0.333]},"n":["0p667_1_0p333_0","0p667_1_0p333_0","0p667_0p667_0p333_0p333"],"t":41,"s":[114,114,100],"e":[100,100,100]},{"t":51}]}},"ao":0,"shapes":[{"ty":"gr","it":[{"ind":0,"ty":"sh","ix":1,"ks":{"a":0,"k":{"i":[[0,0],[0,0],[0,0],[0,-12.124],[-1.941,-11.572],[0,0],[0,0],[-12.124,0],[-11.572,1.941],[0,0],[0,0],[0,12.124],[1.941,11.572],[0,0],[0,0],[12.124,0],[11.572,-1.941]],"o":[[0,0],[0,0],[-1.941,11.572],[0,12.124],[0,0],[0,0],[11.572,1.941],[12.124,0],[0,0],[0,0],[1.941,-11.572],[0,-12.124],[0,0],[0,0],[-11.572,-1.941],[-12.124,0],[0,0]],"v":[[-35.583,-210.548],[-35.583,-35.583],[-210.548,-35.583],[-213.5,0],[-210.548,35.583],[-35.583,35.583],[-35.583,210.548],[0,213.5],[35.583,210.548],[35.583,35.583],[210.548,35.583],[213.5,0],[210.548,-35.583],[35.583,-35.583],[35.583,-210.548],[0,-213.5],[-35.583,-210.548]],"c":true}},"nm":"Path 1","mn":"ADBE Vector Shape - Group"},{"ty":"fl","c":{"a":0,"k":[0.9137255,0.2941177,0.2078431,1]},"o":{"a":0,"k":100},"r":2,"nm":"Fill 1","mn":"ADBE Vector Graphic - Fill"},{"ty":"tr","p":{"a":0,"k":[0,0],"ix":2},"a":{"a":0,"k":[0,0],"ix":1},"s":{"a":0,"k":[100,100],"ix":3},"r":{"a":0,"k":0,"ix":6},"o":{"a":0,"k":100,"ix":7},"sk":{"a":0,"k":0,"ix":4},"sa":{"a":0,"k":0,"ix":5},"nm":"Transform"}],"nm":"Group 1","np":2,"cix":2,"ix":1,"mn":"ADBE Vector Group"}],"ip":0,"op":375,"st":0,"bm":0,"sr":1},{"ddd":0,"ind":2,"ty":4,"nm":"white","ks":{"o":{"a":0,"k":100},"r":{"a":0,"k":0},"p":{"a":0,"k":[250,250,0]},"a":{"a":0,"k":[0,0,0]},"s":{"a":1,"k":[{"i":{"x":[0.667,0.667,0.667],"y":[1,1,0.667]},"o":{"x":[0.333,0.333,0.333],"y":[0,0,0.333]},"n":["0p667_1_0p333_0","0p667_1_0p333_0","0p667_0p667_0p333_0p333"],"t":23,"s":[0,0,100],"e":[109,109,100]},{"i":{"x":[0.667,0.667,0.667],"y":[1,1,0.667]},"o":{"x":[0.333,0.333,0.333],"y":[0,0,0.333]},"n":["0p667_1_0p333_0","0p667_1_0p333_0","0p667_0p667_0p333_0p333"],"t":31,"s":[109,109,100],"e":[100,100,100]},{"t":40}]}},"ao":0,"shapes":[{"ty":"gr","it":[{"ind":0,"ty":"sh","ix":1,"ks":{"a":0,"k":{"i":[[0,0],[0,0],[0,0],[0,-16.306],[-3.462,-15.259],[0,0],[0,0],[-16.306,0],[-15.259,3.462],[0,0],[0,0],[0,16.306],[3.462,15.259],[0,0],[0,0],[16.306,0],[15.259,-3.462]],"o":[[0,0],[0,0],[-3.462,15.259],[0,16.306],[0,0],[0,0],[15.259,3.462],[16.306,0],[0,0],[0,0],[3.462,-15.259],[0,-16.306],[0,0],[0,0],[-15.259,-3.462],[-16.306,0],[0,0]],"v":[[-47.444,-208.21],[-47.444,-47.444],[-208.21,-47.444],[-213.5,0],[-208.21,47.444],[-47.444,47.444],[-47.444,208.21],[0,213.5],[47.444,208.21],[47.444,47.444],[208.21,47.444],[213.5,0],[208.21,-47.444],[47.444,-47.444],[47.444,-208.21],[0,-213.5],[-47.444,-208.21]],"c":true}},"nm":"Path 1","mn":"ADBE Vector Shape - Group"},{"ty":"fl","c":{"a":0,"k":[1,1,1,1]},"o":{"a":0,"k":100},"r":2,"nm":"Fill 1","mn":"ADBE Vector Graphic - Fill"},{"ty":"tr","p":{"a":0,"k":[0,0],"ix":2},"a":{"a":0,"k":[0,0],"ix":1},"s":{"a":0,"k":[100,100],"ix":3},"r":{"a":0,"k":0,"ix":6},"o":{"a":0,"k":100,"ix":7},"sk":{"a":0,"k":0,"ix":4},"sa":{"a":0,"k":0,"ix":5},"nm":"Transform"}],"nm":"Group 1","np":2,"cix":2,"ix":1,"mn":"ADBE Vector Group"}],"ip":0,"op":375,"st":0,"bm":0,"sr":1},{"ddd":0,"ind":3,"ty":4,"nm":"red","ks":{"o":{"a":0,"k":100},"r":{"a":0,"k":0},"p":{"a":0,"k":[250,250,0]},"a":{"a":0,"k":[0,0,0]},"s":{"a":1,"k":[{"i":{"x":[0.667,0.667,0.667],"y":[1,1,0.667]},"o":{"x":[0.333,0.333,0.333],"y":[0,0,0.333]},"n":["0p667_1_0p333_0","0p667_1_0p333_0","0p667_0p667_0p333_0p333"],"t":24,"s":[0,0,100],"e":[139,139,100]},{"i":{"x":[0.667,0.667,0.667],"y":[1,1,0.667]},"o":{"x":[0.333,0.333,0.333],"y":[0,0,0.333]},"n":["0p667_1_0p333_0","0p667_1_0p333_0","0p667_0p667_0p333_0p333"],"t":37,"s":[139,139,100],"e":[100,100,100]},{"t":46}]}},"ao":0,"shapes":[{"ty":"gr","it":[{"ind":0,"ty":"sh","ix":1,"ks":{"a":0,"k":{"i":[[0,0],[0,0],[0,0],[0,0],[-5.359,6.904]],"o":[[0,0],[0,0],[0,0],[6.151,-6.191],[0,0]],"v":[[168.751,130.804],[59.117,18.978],[22.065,18.978],[151.467,150.466],[168.751,130.804]],"c":true}},"nm":"Path-path","mn":"ADBE Vector Shape - Group"},{"ind":1,"ty":"sh","ix":2,"ks":{"a":0,"k":{"i":[[0,0],[0,0],[0,0],[0,0],[-7.123,-5.55]],"o":[[0,0],[0,0],[0,0],[6.359,6.392],[0,0]],"v":[[-131.112,168.512],[14.233,21.35],[-23.722,21.35],[-151.355,150.578],[-131.112,168.512]],"c":true}},"nm":"Path-path","mn":"ADBE Vector Shape - Group"},{"ind":2,"ty":"sh","ix":3,"ks":{"a":0,"k":{"i":[[0,0],[0,0],[0,0],[0,0],[-5.755,-5.774]],"o":[[0,0],[0,0],[0,0],[6.381,5.088],[0,0]],"v":[[151.218,-150.716],[29.653,-28.17],[-4.744,-28.17],[132.999,-167.024],[151.218,-150.716]],"c":true}},"nm":"Path-path","mn":"ADBE Vector Shape - Group"},{"ind":3,"ty":"sh","ix":4,"ks":{"a":0,"k":{"i":[[0,0],[0,0],[0,0],[0,0],[5.421,-6.961]],"o":[[0,0],[0,0],[0,0],[-6.226,6.234],[0,0]],"v":[[-168.551,-131.061],[-73.439,-35.583],[-36.122,-35.583],[-151.062,-150.872],[-168.551,-131.061]],"c":true}},"nm":"Path-path","mn":"ADBE Vector Shape - Group"},{"ty":"fl","c":{"a":0,"k":[0.9137255,0.2941177,0.2078431,1]},"o":{"a":0,"k":100},"r":2,"nm":"Fill 1","mn":"ADBE Vector Graphic - Fill"},{"ty":"tr","p":{"a":0,"k":[0.1,0.744],"ix":2},"a":{"a":0,"k":[0.1,0.744],"ix":1},"s":{"a":0,"k":[100,100],"ix":3},"r":{"a":0,"k":0,"ix":6},"o":{"a":0,"k":100,"ix":7},"sk":{"a":0,"k":0,"ix":4},"sa":{"a":0,"k":0,"ix":5},"nm":"Transform"}],"nm":"Group 1","np":5,"cix":2,"ix":1,"mn":"ADBE Vector Group"}],"ip":0,"op":375,"st":0,"bm":0,"sr":1},{"ddd":0,"ind":4,"ty":4,"nm":"white","ks":{"o":{"a":0,"k":100},"r":{"a":0,"k":0},"p":{"a":0,"k":[250,250,0]},"a":{"a":0,"k":[0,0,0]},"s":{"a":1,"k":[{"i":{"x":[0.667,0.667,0.667],"y":[1,1,0.667]},"o":{"x":[0.333,0.333,0.333],"y":[0,0,0.333]},"n":["0p667_1_0p333_0","0p667_1_0p333_0","0p667_0p667_0p333_0p333"],"t":11,"s":[0,0,100],"e":[109,109,100]},{"i":{"x":[0.667,0.667,0.667],"y":[1,1,0.667]},"o":{"x":[0.333,0.333,0.333],"y":[0,0,0.333]},"n":["0p667_1_0p333_0","0p667_1_0p333_0","0p667_0p667_0p333_0p333"],"t":30,"s":[109,109,100],"e":[100,100,100]},{"t":39}]}},"ao":0,"shapes":[{"ty":"gr","it":[{"ind":0,"ty":"sh","ix":1,"ks":{"a":0,"k":{"i":[[0,0],[0,0],[0,0],[-13.288,-18.323],[0,0],[0,0],[18.323,-13.288],[0,0],[0,0],[13.288,18.323],[0,0],[0,0],[-18.323,13.288]],"o":[[0,0],[0,0],[18.323,13.288],[0,0],[0,0],[-13.288,18.323],[0,0],[0,0],[-18.323,-13.288],[0,0],[0,0],[13.288,-18.323],[0,0]],"v":[[-125.209,-172.949],[0,-47.74],[125.209,-172.949],[172.949,-125.209],[47.74,0],[172.949,125.209],[125.209,172.949],[0,47.74],[-125.209,172.949],[-172.949,125.209],[-47.74,0],[-172.949,-125.209],[-125.209,-172.949]],"c":true}},"nm":"Path 1","mn":"ADBE Vector Shape - Group"},{"ty":"fl","c":{"a":0,"k":[1,1,1,1]},"o":{"a":0,"k":100},"r":2,"nm":"Fill 1","mn":"ADBE Vector Graphic - Fill"},{"ty":"tr","p":{"a":0,"k":[0,0],"ix":2},"a":{"a":0,"k":[0,0],"ix":1},"s":{"a":0,"k":[100,100],"ix":3},"r":{"a":0,"k":0,"ix":6},"o":{"a":0,"k":100,"ix":7},"sk":{"a":0,"k":0,"ix":4},"sa":{"a":0,"k":0,"ix":5},"nm":"Transform"}],"nm":"Group 1","np":2,"cix":2,"ix":1,"mn":"ADBE Vector Group"}],"ip":0,"op":375,"st":0,"bm":0,"sr":1},{"ddd":0,"ind":5,"ty":4,"nm":"blue","ks":{"o":{"a":0,"k":100},"r":{"a":0,"k":0},"p":{"a":0,"k":[250,250,0]},"a":{"a":0,"k":[0,0,0]},"s":{"a":1,"k":[{"i":{"x":[0.667,0.667,0.667],"y":[1,1,0.667]},"o":{"x":[0.333,0.333,0.333],"y":[0,0,0.333]},"n":["0p667_1_0p333_0","0p667_1_0p333_0","0p667_0p667_0p333_0p333"],"t":10,"s":[0,0,100],"e":[114,114,100]},{"i":{"x":[0.667,0.667,0.667],"y":[1,1,0.667]},"o":{"x":[0.333,0.333,0.333],"y":[0,0,0.333]},"n":["0p667_1_0p333_0","0p667_1_0p333_0","0p667_0p667_0p333_0p333"],"t":20,"s":[114,114,100],"e":[100,100,100]},{"t":32}]}},"ao":0,"shapes":[{"ty":"gr","it":[{"ind":0,"ty":"sh","ix":1,"ks":{"a":0,"k":{"i":[[-117.913,0],[0,117.913],[117.913,0],[0,-117.913]],"o":[[117.913,0],[0,-117.913],[-117.913,0],[0,117.913]],"v":[[0,213.5],[213.5,0],[0,-213.5],[-213.5,0]],"c":true}},"nm":"Path 1","mn":"ADBE Vector Shape - Group"},{"ty":"fl","c":{"a":0,"k":[0.1333333,0.4980392,0.7333333,1]},"o":{"a":0,"k":100},"r":2,"nm":"Fill 1","mn":"ADBE Vector Graphic - Fill"},{"ty":"tr","p":{"a":0,"k":[0,0],"ix":2},"a":{"a":0,"k":[0,0],"ix":1},"s":{"a":0,"k":[100,100],"ix":3},"r":{"a":0,"k":0,"ix":6},"o":{"a":0,"k":100,"ix":7},"sk":{"a":0,"k":0,"ix":4},"sa":{"a":0,"k":0,"ix":5},"nm":"Transform"}],"nm":"Group 1","np":2,"cix":2,"ix":1,"mn":"ADBE Vector Group"}],"ip":0,"op":375,"st":0,"bm":0,"sr":1},{"ddd":0,"ind":6,"ty":4,"nm":"white 2","ks":{"o":{"a":0,"k":100},"r":{"a":0,"k":0},"p":{"a":0,"k":[250,250,0]},"a":{"a":0,"k":[0,0,0]},"s":{"a":1,"k":[{"i":{"x":[0.667,0.667,0.667],"y":[1,1,0.667]},"o":{"x":[0.333,0.333,0.333],"y":[0,0,0.333]},"n":["0p667_1_0p333_0","0p667_1_0p333_0","0p667_0p667_0p333_0p333"],"t":0,"s":[0,0,100],"e":[114,114,100]},{"i":{"x":[0.667,0.667,0.667],"y":[1,1,0.667]},"o":{"x":[0.333,0.333,0.333],"y":[0,0,0.333]},"n":["0p667_1_0p333_0","0p667_1_0p333_0","0p667_0p667_0p333_0p333"],"t":10,"s":[114,114,100],"e":[100,100,100]},{"t":22}]}},"ao":0,"shapes":[{"ty":"gr","it":[{"ind":0,"ty":"sh","ix":1,"ks":{"a":0,"k":{"i":[[-117.714,0],[0,117.677],[117.714,0],[0,-117.677]],"o":[[117.714,0],[0,-117.677],[-117.714,0],[0,117.677]],"v":[[-0.217,213.151],[212.923,0.077],[-0.217,-212.997],[-213.358,0.077]],"c":true}},"nm":"Path 1","mn":"ADBE Vector Shape - Group"},{"ty":"fl","c":{"a":0,"k":[1,1,1,1]},"o":{"a":0,"k":100},"r":2,"nm":"Fill 1","mn":"ADBE Vector Graphic - Fill"},{"ty":"tr","p":{"a":0,"k":[-0.217,0.077],"ix":2},"a":{"a":0,"k":[-0.217,0.077],"ix":1},"s":{"a":0,"k":[100,100],"ix":3},"r":{"a":0,"k":0,"ix":6},"o":{"a":0,"k":100,"ix":7},"sk":{"a":0,"k":0,"ix":4},"sa":{"a":0,"k":0,"ix":5},"nm":"Transform"}],"nm":"Group 1","np":2,"cix":2,"ix":1,"mn":"ADBE Vector Group"}],"ip":0,"op":375,"st":0,"bm":0,"sr":1}]}