{"v":"4.6.6","fr":24,"ip":0,"op":48,"w":800,"h":800,"nm":"volume","ddd":0,"assets":[],"layers":[{"ddd":0,"ind":1,"ty":3,"nm":"Null 2","ks":{"o":{"a":0,"k":0},"r":{"a":1,"k":[{"i":{"x":[0.833],"y":[0.849]},"o":{"x":[0.167],"y":[0.167]},"n":["0p833_0p849_0p167_0p167"],"t":0,"s":[4.988],"e":[3.485]},{"i":{"x":[0.833],"y":[0.857]},"o":{"x":[0.167],"y":[0.186]},"n":["0p833_0p857_0p167_0p186"],"t":1,"s":[3.485],"e":[2.269]},{"i":{"x":[0.833],"y":[0.869]},"o":{"x":[0.167],"y":[0.199]},"n":["0p833_0p869_0p167_0p199"],"t":2,"s":[2.269],"e":[1.394]},{"i":{"x":[0.833],"y":[0.895]},"o":{"x":[0.167],"y":[0.228]},"n":["0p833_0p895_0p167_0p228"],"t":3,"s":[1.394],"e":[0.889]},{"i":{"x":[0.833],"y":[1.06]},"o":{"x":[0.167],"y":[0.409]},"n":["0p833_1p06_0p167_0p409"],"t":4,"s":[0.889],"e":[0.759]},{"i":{"x":[0.833],"y":[0.802]},"o":{"x":[0.167],"y":[0.035]},"n":["0p833_0p802_0p167_0p035"],"t":5,"s":[0.759],"e":[0.981]},{"i":{"x":[0.833],"y":[0.86]},"o":{"x":[0.167],"y":[0.144]},"n":["0p833_0p86_0p167_0p144"],"t":6,"s":[0.981],"e":[1.285]},{"i":{"x":[0.833],"y":[0.897]},"o":{"x":[0.167],"y":[0.206]},"n":["0p833_0p897_0p167_0p206"],"t":7,"s":[1.285],"e":[1.491]},{"i":{"x":[0.833],"y":[1.123]},"o":{"x":[0.167],"y":[0.429]},"n":["0p833_1p123_0p167_0p429"],"t":8,"s":[1.491],"e":[1.54]},{"i":{"x":[0.833],"y":[0.727]},"o":{"x":[0.167],"y":[0.05]},"n":["0p833_0p727_0p167_0p05"],"t":9,"s":[1.54],"e":[1.418]},{"i":{"x":[0.833],"y":[0.798]},"o":{"x":[0.167],"y":[0.12]},"n":["0p833_0p798_0p167_0p12"],"t":10,"s":[1.418],"e":[1.139]},{"i":{"x":[0.833],"y":[0.819]},"o":{"x":[0.167],"y":[0.142]},"n":["0p833_0p819_0p167_0p142"],"t":11,"s":[1.139],"e":[0.742]},{"i":{"x":[0.833],"y":[0.831]},"o":{"x":[0.167],"y":[0.154]},"n":["0p833_0p831_0p167_0p154"],"t":12,"s":[0.742],"e":[0.277]},{"i":{"x":[0.833],"y":[0.838]},"o":{"x":[0.167],"y":[0.164]},"n":["0p833_0p838_0p167_0p164"],"t":13,"s":[0.277],"e":[-0.203]},{"i":{"x":[0.833],"y":[0.843]},"o":{"x":[0.167],"y":[0.172]},"n":["0p833_0p843_0p167_0p172"],"t":14,"s":[-0.203],"e":[-0.655]},{"i":{"x":[0.833],"y":[0.844]},"o":{"x":[0.167],"y":[0.178]},"n":["0p833_0p844_0p167_0p178"],"t":15,"s":[-0.655],"e":[-1.053]},{"i":{"x":[0.833],"y":[0.84]},"o":{"x":[0.167],"y":[0.179]},"n":["0p833_0p84_0p167_0p179"],"t":16,"s":[-1.053],"e":[-1.398]},{"i":{"x":[0.833],"y":[0.894]},"o":{"x":[0.167],"y":[0.173]},"n":["0p833_0p894_0p167_0p173"],"t":17,"s":[-1.398],"e":[-1.717]},{"i":{"x":[0.833],"y":[1.111]},"o":{"x":[0.167],"y":[0.39]},"n":["0p833_1p111_0p167_0p39"],"t":18,"s":[-1.717],"e":[-1.804]},{"i":{"x":[0.833],"y":[0.746]},"o":{"x":[0.167],"y":[0.048]},"n":["0p833_0p746_0p167_0p048"],"t":19,"s":[-1.804],"e":[-1.602]},{"i":{"x":[0.833],"y":[0.811]},"o":{"x":[0.167],"y":[0.124]},"n":["0p833_0p811_0p167_0p124"],"t":20,"s":[-1.602],"e":[-1.188]},{"i":{"x":[0.833],"y":[0.835]},"o":{"x":[0.167],"y":[0.149]},"n":["0p833_0p835_0p167_0p149"],"t":21,"s":[-1.188],"e":[-0.664]},{"i":{"x":[0.833],"y":[0.854]},"o":{"x":[0.167],"y":[0.168]},"n":["0p833_0p854_0p167_0p168"],"t":22,"s":[-0.664],"e":[-0.148]},{"i":{"x":[0.833],"y":[0.886]},"o":{"x":[0.167],"y":[0.195]},"n":["0p833_0p886_0p167_0p195"],"t":23,"s":[-0.148],"e":[0.237]},{"i":{"x":[0.833],"y":[1.026]},"o":{"x":[0.167],"y":[0.307]},"n":["0p833_1p026_0p167_0p307"],"t":24,"s":[0.237],"e":[0.381]},{"i":{"x":[0.833],"y":[0.661]},"o":{"x":[0.167],"y":[0.02]},"n":["0p833_0p661_0p167_0p02"],"t":25,"s":[0.381],"e":[0.191]},{"i":{"x":[0.833],"y":[0.775]},"o":{"x":[0.167],"y":[0.111]},"n":["0p833_0p775_0p167_0p111"],"t":26,"s":[0.191],"e":[-0.389]},{"i":{"x":[0.833],"y":[0.803]},"o":{"x":[0.167],"y":[0.132]},"n":["0p833_0p803_0p167_0p132"],"t":27,"s":[-0.389],"e":[-1.372]},{"i":{"x":[0.833],"y":[0.819]},"o":{"x":[0.167],"y":[0.144]},"n":["0p833_0p819_0p167_0p144"],"t":28,"s":[-1.372],"e":[-2.715]},{"i":{"x":[0.833],"y":[0.846]},"o":{"x":[0.167],"y":[0.154]},"n":["0p833_0p846_0p167_0p154"],"t":29,"s":[-2.715],"e":[-4.289]},{"i":{"x":[0.833],"y":[0.863]},"o":{"x":[0.167],"y":[0.181]},"n":["0p833_0p863_0p167_0p181"],"t":30,"s":[-4.289],"e":[-5.629]},{"i":{"x":[0.833],"y":[0.889]},"o":{"x":[0.167],"y":[0.212]},"n":["0p833_0p889_0p167_0p212"],"t":31,"s":[-5.629],"e":[-6.497]},{"i":{"x":[0.833],"y":[1.02]},"o":{"x":[0.167],"y":[0.331]},"n":["0p833_1p02_0p167_0p331"],"t":32,"s":[-6.497],"e":[-6.788]},{"i":{"x":[0.833],"y":[0.674]},"o":{"x":[0.167],"y":[0.016]},"n":["0p833_0p674_0p167_0p016"],"t":33,"s":[-6.788],"e":[-6.427]},{"i":{"x":[0.833],"y":[0.78]},"o":{"x":[0.167],"y":[0.112]},"n":["0p833_0p78_0p167_0p112"],"t":34,"s":[-6.427],"e":[-5.378]},{"i":{"x":[0.833],"y":[0.805]},"o":{"x":[0.167],"y":[0.134]},"n":["0p833_0p805_0p167_0p134"],"t":35,"s":[-5.378],"e":[-3.656]},{"i":{"x":[0.833],"y":[0.818]},"o":{"x":[0.167],"y":[0.145]},"n":["0p833_0p818_0p167_0p145"],"t":36,"s":[-3.656],"e":[-1.344]},{"i":{"x":[0.833],"y":[0.828]},"o":{"x":[0.167],"y":[0.154]},"n":["0p833_0p828_0p167_0p154"],"t":37,"s":[-1.344],"e":[1.397]},{"i":{"x":[0.833],"y":[0.838]},"o":{"x":[0.167],"y":[0.162]},"n":["0p833_0p838_0p167_0p162"],"t":38,"s":[1.397],"e":[4.317]},{"i":{"x":[0.833],"y":[0.853]},"o":{"x":[0.167],"y":[0.172]},"n":["0p833_0p853_0p167_0p172"],"t":39,"s":[4.317],"e":[7.06]},{"i":{"x":[0.833],"y":[0.882]},"o":{"x":[0.167],"y":[0.193]},"n":["0p833_0p882_0p167_0p193"],"t":40,"s":[7.06],"e":[9.153]},{"i":{"x":[0.833],"y":[0.922]},"o":{"x":[0.167],"y":[0.282]},"n":["0p833_0p922_0p167_0p282"],"t":41,"s":[9.153],"e":[10.032]},{"i":{"x":[0.833],"y":[0.092]},"o":{"x":[0.167],"y":[-1.167]},"n":["0p833_0p092_0p167_-1p167"],"t":42,"s":[10.032],"e":[9.974]},{"i":{"x":[0.833],"y":[0.785]},"o":{"x":[0.167],"y":[0.092]},"n":["0p833_0p785_0p167_0p092"],"t":43,"s":[9.974],"e":[9.394]},{"i":{"x":[0.833],"y":[0.816]},"o":{"x":[0.167],"y":[0.136]},"n":["0p833_0p816_0p167_0p136"],"t":44,"s":[9.394],"e":[8.476]},{"i":{"x":[0.833],"y":[0.827]},"o":{"x":[0.167],"y":[0.152]},"n":["0p833_0p827_0p167_0p152"],"t":45,"s":[8.476],"e":[7.364]},{"i":{"x":[0.833],"y":[0.834]},"o":{"x":[0.167],"y":[0.161]},"n":["0p833_0p834_0p167_0p161"],"t":46,"s":[7.364],"e":[6.172]},{"i":{"x":[0.833],"y":[0.833]},"o":{"x":[0.167],"y":[0.167]},"n":["0p833_0p833_0p167_0p167"],"t":47,"s":[6.172],"e":[4.988]},{"t":48}]},"p":{"a":1,"k":[{"i":{"x":0.833,"y":0.827},"o":{"x":0.167,"y":0.167},"n":"0p833_0p827_0p167_0p167","t":0,"s":[318.947,364.982,0],"e":[317.505,367.017,0],"to":[-0.24044324457645,0.33913263678551,0],"ti":[0.53965109586716,-0.6726461648941,0]},{"i":{"x":0.833,"y":0.829},"o":{"x":0.167,"y":0.161},"n":"0p833_0p829_0p167_0p161","t":1,"s":[317.505,367.017,0],"e":[315.709,369.018,0],"to":[-0.53965109586716,0.6726461648941,0],"ti":[0.6382782459259,-0.65792000293732,0]},{"i":{"x":0.833,"y":0.832},"o":{"x":0.167,"y":0.163},"n":"0p833_0p832_0p167_0p163","t":2,"s":[315.709,369.018,0],"e":[313.675,370.965,0],"to":[-0.6382782459259,0.65792000293732,0],"ti":[0.69798350334167,-0.6420031785965,0]},{"i":{"x":0.833,"y":0.833},"o":{"x":0.167,"y":0.165},"n":"0p833_0p833_0p167_0p165","t":3,"s":[313.675,370.965,0],"e":[311.521,372.87,0],"to":[-0.69798350334167,0.6420031785965,0],"ti":[0.71766793727875,-0.63465011119843,0]},{"i":{"x":0.833,"y":0.835},"o":{"x":0.167,"y":0.167},"n":"0p833_0p835_0p167_0p167","t":4,"s":[311.521,372.87,0],"e":[309.369,374.773,0],"to":[-0.71766793727875,0.63465011119843,0],"ti":[0.69850450754166,-0.64198368787766,0]},{"i":{"x":0.833,"y":0.836},"o":{"x":0.167,"y":0.168},"n":"0p833_0p836_0p167_0p168","t":5,"s":[309.369,374.773,0],"e":[307.33,376.722,0],"to":[-0.69850450754166,0.64198368787766,0],"ti":[0.64393877983093,-0.66649532318115,0]},{"i":{"x":0.833,"y":0.835},"o":{"x":0.167,"y":0.169},"n":"0p833_0p835_0p167_0p169","t":6,"s":[307.33,376.722,0],"e":[305.505,378.772,0],"to":[-0.64393877983093,0.66649532318115,0],"ti":[0.55968832969666,-0.70704513788223,0]},{"i":{"x":0.833,"y":0.834},"o":{"x":0.167,"y":0.169},"n":"0p833_0p834_0p167_0p169","t":7,"s":[305.505,378.772,0],"e":[303.972,380.964,0],"to":[-0.55968832969666,0.70704513788223,0],"ti":[0.45374304056168,-0.75886154174805,0]},{"i":{"x":0.833,"y":0.833},"o":{"x":0.167,"y":0.168},"n":"0p833_0p833_0p167_0p168","t":8,"s":[303.972,380.964,0],"e":[302.783,383.325,0],"to":[-0.45374304056168,0.75886154174805,0],"ti":[0.33636513352394,-0.81354165077209,0]},{"i":{"x":0.833,"y":0.833},"o":{"x":0.167,"y":0.166},"n":"0p833_0p833_0p167_0p166","t":9,"s":[302.783,383.325,0],"e":[301.954,385.846,0],"to":[-0.33636513352394,0.81354165077209,0],"ti":[0.22008901834488,-0.85905086994171,0]},{"i":{"x":0.833,"y":0.834},"o":{"x":0.167,"y":0.166},"n":"0p833_0p834_0p167_0p166","t":10,"s":[301.954,385.846,0],"e":[301.462,388.479,0],"to":[-0.22008901834488,0.85905086994171,0],"ti":[0.11972133815289,-0.87972342967987,0]},{"i":{"x":0.833,"y":0.838},"o":{"x":0.167,"y":0.167},"n":"0p833_0p838_0p167_0p167","t":11,"s":[301.462,388.479,0],"e":[301.236,391.124,0],"to":[-0.11972133815289,0.87972342967987,0],"ti":[0.05234102159739,-0.85626190900803,0]},{"i":{"x":0.833,"y":0.845},"o":{"x":0.167,"y":0.172},"n":"0p833_0p845_0p167_0p172","t":12,"s":[301.236,391.124,0],"e":[301.148,393.617,0],"to":[-0.05234102159739,0.85626190900803,0],"ti":[0.03047716058791,-0.77000796794891,0]},{"i":{"x":0.833,"y":0.837},"o":{"x":0.167,"y":0.181},"n":"0p833_0p837_0p167_0p181","t":13,"s":[301.148,393.617,0],"e":[301.053,395.744,0],"to":[-0.03047716058791,0.77000796794891,0],"ti":[-0.05918031185865,-0.68344324827194,0]},{"i":{"x":0.833,"y":0.831},"o":{"x":0.167,"y":0.171},"n":"0p833_0p831_0p167_0p171","t":14,"s":[301.053,395.744,0],"e":[301.503,397.717,0],"to":[0.05918031185865,0.68344324827194,0],"ti":[-0.25537526607513,-0.62752276659012,0]},{"i":{"x":0.833,"y":0.834},"o":{"x":0.167,"y":0.164},"n":"0p833_0p834_0p167_0p164","t":15,"s":[301.503,397.717,0],"e":[302.585,399.509,0],"to":[0.25537526607513,0.62752276659012,0],"ti":[-0.43083822727203,-0.53874683380127,0]},{"i":{"x":0.833,"y":0.838},"o":{"x":0.167,"y":0.167},"n":"0p833_0p838_0p167_0p167","t":16,"s":[302.585,399.509,0],"e":[304.088,400.95,0],"to":[0.43083822727203,0.53874683380127,0],"ti":[-0.53698593378067,-0.39952060580254,0]},{"i":{"x":0.833,"y":0.841},"o":{"x":0.167,"y":0.172},"n":"0p833_0p841_0p167_0p172","t":17,"s":[304.088,400.95,0],"e":[305.807,401.906,0],"to":[0.53698593378067,0.39952060580254,0],"ti":[-0.57598638534546,-0.22261165082455,0]},{"i":{"x":0.833,"y":0.842},"o":{"x":0.167,"y":0.175},"n":"0p833_0p842_0p167_0p175","t":18,"s":[305.807,401.906,0],"e":[307.544,402.285,0],"to":[0.57598638534546,0.22261165082455,0],"ti":[-0.55154889822006,-0.02121680602431,0]},{"i":{"x":0.833,"y":0.836},"o":{"x":0.167,"y":0.176},"n":"0p833_0p836_0p167_0p176","t":19,"s":[307.544,402.285,0],"e":[309.116,402.034,0],"to":[0.55154889822006,0.02121680602431,0],"ti":[-0.46892455220222,0.19103769958019,0]},{"i":{"x":0.833,"y":0.825},"o":{"x":0.167,"y":0.17},"n":"0p833_0p825_0p167_0p17","t":20,"s":[309.116,402.034,0],"e":[310.358,401.139,0],"to":[0.46892455220222,-0.19103769958019,0],"ti":[-0.33490592241287,0.40009635686874,0]},{"i":{"x":0.833,"y":0.816},"o":{"x":0.167,"y":0.159},"n":"0p833_0p816_0p167_0p159","t":21,"s":[310.358,401.139,0],"e":[311.126,399.633,0],"to":[0.33490592241287,-0.40009635686874,0],"ti":[-0.1578271239996,0.59147429466248,0]},{"i":{"x":0.833,"y":0.815},"o":{"x":0.167,"y":0.152},"n":"0p833_0p815_0p167_0p152","t":22,"s":[311.126,399.633,0],"e":[311.305,397.59,0],"to":[0.1578271239996,-0.59147429466248,0],"ti":[0.05243612080812,0.75025737285614,0]},{"i":{"x":0.833,"y":0.818},"o":{"x":0.167,"y":0.152},"n":"0p833_0p818_0p167_0p152","t":23,"s":[311.305,397.59,0],"e":[310.811,395.131,0],"to":[-0.05243612080812,-0.75025737285614,0],"ti":[0.28446659445763,0.86110210418701,0]},{"i":{"x":0.833,"y":0.822},"o":{"x":0.167,"y":0.154},"n":"0p833_0p822_0p167_0p154","t":24,"s":[310.811,395.131,0],"e":[309.598,392.424,0],"to":[-0.28446659445763,-0.86110210418701,0],"ti":[0.52530544996262,0.9082356095314,0]},{"i":{"x":0.833,"y":0.827},"o":{"x":0.167,"y":0.157},"n":"0p833_0p827_0p167_0p157","t":25,"s":[309.598,392.424,0],"e":[307.659,389.682,0],"to":[-0.52530544996262,-0.9082356095314,0],"ti":[0.76045233011246,0.8754557967186,0]},{"i":{"x":0.833,"y":0.83},"o":{"x":0.167,"y":0.16},"n":"0p833_0p83_0p167_0p16","t":26,"s":[307.659,389.682,0],"e":[305.035,387.171,0],"to":[-0.76045233011246,-0.8754557967186,0],"ti":[0.97386533021927,0.74613118171692,0]},{"i":{"x":0.833,"y":0.832},"o":{"x":0.167,"y":0.164},"n":"0p833_0p832_0p167_0p164","t":27,"s":[305.035,387.171,0],"e":[301.816,385.205,0],"to":[-0.97386533021927,-0.74613118171692,0],"ti":[1.14796090126038,0.50320094823837,0]},{"i":{"x":0.833,"y":0.832},"o":{"x":0.167,"y":0.166},"n":"0p833_0p832_0p167_0p166","t":28,"s":[301.816,385.205,0],"e":[298.147,384.152,0],"to":[-1.14796090126038,-0.50320094823837,0],"ti":[1.26128017902374,0.13813665509224,0]},{"i":{"x":0.833,"y":0.838},"o":{"x":0.167,"y":0.165},"n":"0p833_0p838_0p167_0p165","t":29,"s":[298.147,384.152,0],"e":[294.248,384.376,0],"to":[-1.26128017902374,-0.13813665509224,0],"ti":[1.25312781333923,-0.16762344539165,0]},{"i":{"x":0.833,"y":0.846},"o":{"x":0.167,"y":0.171},"n":"0p833_0p846_0p167_0p171","t":30,"s":[294.248,384.376,0],"e":[290.629,385.157,0],"to":[-1.25312781333923,0.16762344539165,0],"ti":[1.10936403274536,-0.27746784687042,0]},{"i":{"x":0.833,"y":0.852},"o":{"x":0.167,"y":0.181},"n":"0p833_0p852_0p167_0p181","t":31,"s":[290.629,385.157,0],"e":[287.592,386.041,0],"to":[-1.10936403274536,0.27746784687042,0],"ti":[0.88681590557098,-0.29199320077896,0]},{"i":{"x":0.833,"y":0.863},"o":{"x":0.167,"y":0.191},"n":"0p833_0p863_0p167_0p191","t":32,"s":[287.592,386.041,0],"e":[285.308,386.909,0],"to":[-0.88681590557098,0.29199320077896,0],"ti":[0.61344188451767,-0.26683530211449,0]},{"i":{"x":0.833,"y":0.882},"o":{"x":0.167,"y":0.212},"n":"0p833_0p882_0p167_0p212","t":33,"s":[285.308,386.909,0],"e":[283.912,387.642,0],"to":[-0.61344188451767,0.26683530211449,0],"ti":[0.30092629790306,-0.20256355404854,0]},{"i":{"x":0.833,"y":0.832},"o":{"x":0.167,"y":0.282},"n":"0p833_0p832_0p167_0p282","t":34,"s":[283.912,387.642,0],"e":[283.502,388.125,0],"to":[-0.30092629790306,0.20256355404854,0],"ti":[-0.03729555755854,-0.10185915231705,0]},{"i":{"x":0.833,"y":0.705},"o":{"x":0.167,"y":0.165},"n":"0p833_0p705_0p167_0p165","t":35,"s":[283.502,388.125,0],"e":[284.135,388.253,0],"to":[0.03729555755854,0.10185915231705,0],"ti":[-0.38603764772415,0.03048483468592,0]},{"i":{"x":0.833,"y":0.78},"o":{"x":0.167,"y":0.116},"n":"0p833_0p78_0p167_0p116","t":36,"s":[284.135,388.253,0],"e":[285.818,387.942,0],"to":[0.38603764772415,-0.03048483468592,0],"ti":[-0.72836315631866,0.18756347894669,0]},{"i":{"x":0.833,"y":0.803},"o":{"x":0.167,"y":0.134},"n":"0p833_0p803_0p167_0p134","t":37,"s":[285.818,387.942,0],"e":[288.506,387.128,0],"to":[0.72836315631866,-0.18756347894669,0],"ti":[-1.04558444023132,0.36035999655724,0]},{"i":{"x":0.833,"y":0.814},"o":{"x":0.167,"y":0.144},"n":"0p833_0p814_0p167_0p144","t":38,"s":[288.506,387.128,0],"e":[292.092,385.78,0],"to":[1.04558444023132,-0.36035999655724,0],"ti":[-1.31726288795471,0.53774577379227,0]},{"i":{"x":0.833,"y":0.822},"o":{"x":0.167,"y":0.151},"n":"0p833_0p822_0p167_0p151","t":39,"s":[292.092,385.78,0],"e":[296.409,383.902,0],"to":[1.31726288795471,-0.53774577379227,0],"ti":[-1.5212094783783,0.70648032426834,0]},{"i":{"x":0.833,"y":0.828},"o":{"x":0.167,"y":0.157},"n":"0p833_0p828_0p167_0p157","t":40,"s":[296.409,383.902,0],"e":[301.219,381.541,0],"to":[1.5212094783783,-0.70648032426834,0],"ti":[-1.63348400592804,0.85121124982834,0]},{"i":{"x":0.833,"y":0.834},"o":{"x":0.167,"y":0.162},"n":"0p833_0p834_0p167_0p162","t":41,"s":[301.219,381.541,0],"e":[306.21,378.794,0],"to":[1.63348400592804,-0.85121124982834,0],"ti":[-1.62839567661285,0.95447444915771,0]},{"i":{"x":0.833,"y":0.842},"o":{"x":0.167,"y":0.168},"n":"0p833_0p842_0p167_0p168","t":42,"s":[306.21,378.794,0],"e":[310.99,375.814,0],"to":[1.62839567661285,-0.95447444915771,0],"ti":[-1.47850286960602,0.99669373035431,0]},{"i":{"x":0.833,"y":0.852},"o":{"x":0.167,"y":0.176},"n":"0p833_0p852_0p167_0p176","t":43,"s":[310.99,375.814,0],"e":[315.081,372.814,0],"to":[1.47850286960602,-0.99669373035431,0],"ti":[-1.1546128988266,0.95618134737015,0]},{"i":{"x":0.833,"y":0.866},"o":{"x":0.167,"y":0.19},"n":"0p833_0p866_0p167_0p19","t":44,"s":[315.081,372.814,0],"e":[317.917,370.077,0],"to":[1.1546128988266,-0.95618134737015,0],"ti":[-0.63943016529083,0.81356191635132,0]},{"i":{"x":0.833,"y":0.857},"o":{"x":0.167,"y":0.221},"n":"0p833_0p857_0p167_0p221","t":45,"s":[317.917,370.077,0],"e":[318.918,367.933,0],"to":[0.63943016529083,-0.81356191635132,0],"ti":[-0.19663213193417,0.64084982872009,0]},{"i":{"x":0.833,"y":0.856},"o":{"x":0.167,"y":0.199},"n":"0p833_0p856_0p167_0p199","t":46,"s":[318.918,367.933,0],"e":[319.097,366.232,0],"to":[0.19663213193417,-0.64084982872009,0],"ti":[-0.00492939213291,0.49174025654793,0]},{"i":{"x":0.833,"y":0.833},"o":{"x":0.167,"y":0.197},"n":"0p833_0p833_0p167_0p197","t":47,"s":[319.097,366.232,0],"e":[318.947,364.982,0],"to":[0.00492939213291,-0.49174025654793,0],"ti":[0.02497771941125,0.20825274288654,0]},{"t":48}]},"a":{"a":0,"k":[-120,0,0]},"s":{"a":0,"k":[100,100,100]}},"ao":0,"ef":[{"ty":5,"nm":"seamless wiggle loop","mn":"seamless wiggle loop","ix":1,"en":1,"ef":[{"ty":0,"nm":"Frequency","mn":"seamless wiggle loop-0001","ix":1,"v":{"a":0,"k":1}},{"ty":0,"nm":"Amplitude","mn":"seamless wiggle loop-0002","ix":2,"v":{"a":0,"k":50}},{"ty":0,"nm":"Loop Time","mn":"seamless wiggle loop-0003","ix":3,"v":{"a":0,"k":3}}]}],"ip":0,"op":49,"st":0,"bm":0,"sr":1},{"ddd":0,"ind":2,"ty":4,"nm":"low 6","parent":1,"ks":{"o":{"a":0,"k":100},"r":{"a":0,"k":0},"p":{"a":0,"k":[99.72,0,0]},"a":{"a":0,"k":[748.5,540,0]},"s":{"a":0,"k":[100,100,100]}},"ao":0,"shapes":[{"ty":"gr","it":[{"ind":0,"ty":"sh","ix":1,"ks":{"a":0,"k":{"i":[[0,0],[0,-25.405],[25.405,0]],"o":[[25.405,0],[0,25.405],[0,0]],"v":[[-23,-46],[23,0],[-23,46]],"c":false}},"nm":"Path 1","mn":"ADBE Vector Shape - Group"},{"ty":"tr","p":{"a":0,"k":[771.5,540],"ix":2},"a":{"a":0,"k":[-23,0],"ix":1},"s":{"a":1,"k":[{"i":{"x":[0.667,0.667],"y":[1,1]},"o":{"x":[0.333,0.333],"y":[0,0]},"n":["0p667_1_0p333_0","0p667_1_0p333_0"],"t":36,"s":[50,50],"e":[300,300]},{"t":60}],"ix":3},"r":{"a":0,"k":0,"ix":6},"o":{"a":0,"k":100,"ix":7},"sk":{"a":0,"k":0,"ix":4},"sa":{"a":0,"k":0,"ix":5},"nm":"Transform"}],"nm":"Group 1","np":1,"cix":2,"ix":1,"mn":"ADBE Vector Group"},{"ty":"st","c":{"a":0,"k":[0,0,0,1]},"o":{"a":0,"k":100},"w":{"a":1,"k":[{"i":{"x":[0.667],"y":[1]},"o":{"x":[0.333],"y":[0]},"n":["0p667_1_0p333_0"],"t":36,"s":[0],"e":[17]},{"i":{"x":[0.667],"y":[1]},"o":{"x":[0.333],"y":[0]},"n":["0p667_1_0p333_0"],"t":43,"s":[17],"e":[0]},{"t":60}]},"lc":1,"lj":1,"ml":10,"nm":"Stroke 1","mn":"ADBE Vector Graphic - Stroke"}],"ip":36,"op":61,"st":36,"bm":0,"sr":1},{"ddd":0,"ind":3,"ty":4,"nm":"low 5","parent":1,"ks":{"o":{"a":0,"k":100},"r":{"a":0,"k":0},"p":{"a":0,"k":[99.72,0,0]},"a":{"a":0,"k":[748.5,540,0]},"s":{"a":0,"k":[100,100,100]}},"ao":0,"shapes":[{"ty":"gr","it":[{"ind":0,"ty":"sh","ix":1,"ks":{"a":0,"k":{"i":[[0,0],[0,-25.405],[25.405,0]],"o":[[25.405,0],[0,25.405],[0,0]],"v":[[-23,-46],[23,0],[-23,46]],"c":false}},"nm":"Path 1","mn":"ADBE Vector Shape - Group"},{"ty":"tr","p":{"a":0,"k":[771.5,540],"ix":2},"a":{"a":0,"k":[-23,0],"ix":1},"s":{"a":1,"k":[{"i":{"x":[0.667,0.667],"y":[1,1]},"o":{"x":[0.333,0.333],"y":[0,0]},"n":["0p667_1_0p333_0","0p667_1_0p333_0"],"t":30,"s":[50,50],"e":[300,300]},{"t":54}],"ix":3},"r":{"a":0,"k":0,"ix":6},"o":{"a":0,"k":100,"ix":7},"sk":{"a":0,"k":0,"ix":4},"sa":{"a":0,"k":0,"ix":5},"nm":"Transform"}],"nm":"Group 1","np":1,"cix":2,"ix":1,"mn":"ADBE Vector Group"},{"ty":"st","c":{"a":0,"k":[0,0,0,1]},"o":{"a":0,"k":100},"w":{"a":1,"k":[{"i":{"x":[0.667],"y":[1]},"o":{"x":[0.333],"y":[0]},"n":["0p667_1_0p333_0"],"t":30,"s":[0],"e":[17]},{"i":{"x":[0.667],"y":[1]},"o":{"x":[0.333],"y":[0]},"n":["0p667_1_0p333_0"],"t":37,"s":[17],"e":[0]},{"t":54}]},"lc":1,"lj":1,"ml":10,"nm":"Stroke 1","mn":"ADBE Vector Graphic - Stroke"}],"ip":30,"op":55,"st":30,"bm":0,"sr":1},{"ddd":0,"ind":4,"ty":4,"nm":"low 4","parent":1,"ks":{"o":{"a":0,"k":100},"r":{"a":0,"k":0},"p":{"a":0,"k":[99.72,0,0]},"a":{"a":0,"k":[748.5,540,0]},"s":{"a":0,"k":[100,100,100]}},"ao":0,"shapes":[{"ty":"gr","it":[{"ind":0,"ty":"sh","ix":1,"ks":{"a":0,"k":{"i":[[0,0],[0,-25.405],[25.405,0]],"o":[[25.405,0],[0,25.405],[0,0]],"v":[[-23,-46],[23,0],[-23,46]],"c":false}},"nm":"Path 1","mn":"ADBE Vector Shape - Group"},{"ty":"tr","p":{"a":0,"k":[771.5,540],"ix":2},"a":{"a":0,"k":[-23,0],"ix":1},"s":{"a":1,"k":[{"i":{"x":[0.667,0.667],"y":[1,1]},"o":{"x":[0.333,0.333],"y":[0,0]},"n":["0p667_1_0p333_0","0p667_1_0p333_0"],"t":24,"s":[50,50],"e":[300,300]},{"t":48}],"ix":3},"r":{"a":0,"k":0,"ix":6},"o":{"a":0,"k":100,"ix":7},"sk":{"a":0,"k":0,"ix":4},"sa":{"a":0,"k":0,"ix":5},"nm":"Transform"}],"nm":"Group 1","np":1,"cix":2,"ix":1,"mn":"ADBE Vector Group"},{"ty":"st","c":{"a":0,"k":[0,0,0,1]},"o":{"a":0,"k":100},"w":{"a":1,"k":[{"i":{"x":[0.667],"y":[1]},"o":{"x":[0.333],"y":[0]},"n":["0p667_1_0p333_0"],"t":24,"s":[0],"e":[17]},{"i":{"x":[0.667],"y":[1]},"o":{"x":[0.333],"y":[0]},"n":["0p667_1_0p333_0"],"t":31,"s":[17],"e":[0]},{"t":48}]},"lc":1,"lj":1,"ml":10,"nm":"Stroke 1","mn":"ADBE Vector Graphic - Stroke"}],"ip":24,"op":49,"st":24,"bm":0,"sr":1},{"ddd":0,"ind":5,"ty":4,"nm":"low 3","parent":1,"ks":{"o":{"a":0,"k":100},"r":{"a":0,"k":0},"p":{"a":0,"k":[99.72,0,0]},"a":{"a":0,"k":[748.5,540,0]},"s":{"a":0,"k":[100,100,100]}},"ao":0,"shapes":[{"ty":"gr","it":[{"ind":0,"ty":"sh","ix":1,"ks":{"a":0,"k":{"i":[[0,0],[0,-25.405],[25.405,0]],"o":[[25.405,0],[0,25.405],[0,0]],"v":[[-23,-46],[23,0],[-23,46]],"c":false}},"nm":"Path 1","mn":"ADBE Vector Shape - Group"},{"ty":"tr","p":{"a":0,"k":[771.5,540],"ix":2},"a":{"a":0,"k":[-23,0],"ix":1},"s":{"a":1,"k":[{"i":{"x":[0.667,0.667],"y":[1,1]},"o":{"x":[0.333,0.333],"y":[0,0]},"n":["0p667_1_0p333_0","0p667_1_0p333_0"],"t":12,"s":[50,50],"e":[300,300]},{"t":36}],"ix":3},"r":{"a":0,"k":0,"ix":6},"o":{"a":0,"k":100,"ix":7},"sk":{"a":0,"k":0,"ix":4},"sa":{"a":0,"k":0,"ix":5},"nm":"Transform"}],"nm":"Group 1","np":1,"cix":2,"ix":1,"mn":"ADBE Vector Group"},{"ty":"st","c":{"a":0,"k":[0,0,0,1]},"o":{"a":0,"k":100},"w":{"a":1,"k":[{"i":{"x":[0.667],"y":[1]},"o":{"x":[0.333],"y":[0]},"n":["0p667_1_0p333_0"],"t":12,"s":[0],"e":[17]},{"i":{"x":[0.667],"y":[1]},"o":{"x":[0.333],"y":[0]},"n":["0p667_1_0p333_0"],"t":19,"s":[17],"e":[0]},{"t":36}]},"lc":1,"lj":1,"ml":10,"nm":"Stroke 1","mn":"ADBE Vector Graphic - Stroke"}],"ip":12,"op":37,"st":12,"bm":0,"sr":1},{"ddd":0,"ind":6,"ty":4,"nm":"low 2","parent":1,"ks":{"o":{"a":0,"k":100},"r":{"a":0,"k":0},"p":{"a":0,"k":[99.72,0,0]},"a":{"a":0,"k":[748.5,540,0]},"s":{"a":0,"k":[100,100,100]}},"ao":0,"shapes":[{"ty":"gr","it":[{"ind":0,"ty":"sh","ix":1,"ks":{"a":0,"k":{"i":[[0,0],[0,-25.405],[25.405,0]],"o":[[25.405,0],[0,25.405],[0,0]],"v":[[-23,-46],[23,0],[-23,46]],"c":false}},"nm":"Path 1","mn":"ADBE Vector Shape - Group"},{"ty":"tr","p":{"a":0,"k":[771.5,540],"ix":2},"a":{"a":0,"k":[-23,0],"ix":1},"s":{"a":1,"k":[{"i":{"x":[0.667,0.667],"y":[1,1]},"o":{"x":[0.333,0.333],"y":[0,0]},"n":["0p667_1_0p333_0","0p667_1_0p333_0"],"t":6,"s":[50,50],"e":[300,300]},{"t":30}],"ix":3},"r":{"a":0,"k":0,"ix":6},"o":{"a":0,"k":100,"ix":7},"sk":{"a":0,"k":0,"ix":4},"sa":{"a":0,"k":0,"ix":5},"nm":"Transform"}],"nm":"Group 1","np":1,"cix":2,"ix":1,"mn":"ADBE Vector Group"},{"ty":"st","c":{"a":0,"k":[0,0,0,1]},"o":{"a":0,"k":100},"w":{"a":1,"k":[{"i":{"x":[0.667],"y":[1]},"o":{"x":[0.333],"y":[0]},"n":["0p667_1_0p333_0"],"t":6,"s":[0],"e":[17]},{"i":{"x":[0.667],"y":[1]},"o":{"x":[0.333],"y":[0]},"n":["0p667_1_0p333_0"],"t":13,"s":[17],"e":[0]},{"t":30}]},"lc":1,"lj":1,"ml":10,"nm":"Stroke 1","mn":"ADBE Vector Graphic - Stroke"}],"ip":6,"op":31,"st":6,"bm":0,"sr":1},{"ddd":0,"ind":7,"ty":4,"nm":"low","parent":1,"ks":{"o":{"a":0,"k":100},"r":{"a":0,"k":0},"p":{"a":0,"k":[99.72,0,0]},"a":{"a":0,"k":[748.5,540,0]},"s":{"a":0,"k":[100,100,100]}},"ao":0,"shapes":[{"ty":"gr","it":[{"ind":0,"ty":"sh","ix":1,"ks":{"a":0,"k":{"i":[[0,0],[0,-25.405],[25.405,0]],"o":[[25.405,0],[0,25.405],[0,0]],"v":[[-23,-46],[23,0],[-23,46]],"c":false}},"nm":"Path 1","mn":"ADBE Vector Shape - Group"},{"ty":"tr","p":{"a":0,"k":[771.5,540],"ix":2},"a":{"a":0,"k":[-23,0],"ix":1},"s":{"a":1,"k":[{"i":{"x":[0.667,0.667],"y":[1,1]},"o":{"x":[0.333,0.333],"y":[0,0]},"n":["0p667_1_0p333_0","0p667_1_0p333_0"],"t":0,"s":[50,50],"e":[300,300]},{"t":24}],"ix":3},"r":{"a":0,"k":0,"ix":6},"o":{"a":0,"k":100,"ix":7},"sk":{"a":0,"k":0,"ix":4},"sa":{"a":0,"k":0,"ix":5},"nm":"Transform"}],"nm":"Group 1","np":1,"cix":2,"ix":1,"mn":"ADBE Vector Group"},{"ty":"st","c":{"a":0,"k":[0,0,0,1]},"o":{"a":0,"k":100},"w":{"a":1,"k":[{"i":{"x":[0.667],"y":[1]},"o":{"x":[0.333],"y":[0]},"n":["0p667_1_0p333_0"],"t":0,"s":[0],"e":[17]},{"i":{"x":[0.667],"y":[1]},"o":{"x":[0.333],"y":[0]},"n":["0p667_1_0p333_0"],"t":7,"s":[17],"e":[0]},{"t":24}]},"lc":1,"lj":1,"ml":10,"nm":"Stroke 1","mn":"ADBE Vector Graphic - Stroke"}],"ip":0,"op":25,"st":0,"bm":0,"sr":1},{"ddd":0,"ind":8,"ty":4,"nm":"low 9","parent":1,"ks":{"o":{"a":0,"k":100},"r":{"a":0,"k":0},"p":{"a":0,"k":[99.72,0,0]},"a":{"a":0,"k":[748.5,540,0]},"s":{"a":0,"k":[100,100,100]}},"ao":0,"shapes":[{"ty":"gr","it":[{"ind":0,"ty":"sh","ix":1,"ks":{"a":0,"k":{"i":[[0,0],[0,-25.405],[25.405,0]],"o":[[25.405,0],[0,25.405],[0,0]],"v":[[-23,-46],[23,0],[-23,46]],"c":false}},"nm":"Path 1","mn":"ADBE Vector Shape - Group"},{"ty":"tr","p":{"a":0,"k":[771.5,540],"ix":2},"a":{"a":0,"k":[-23,0],"ix":1},"s":{"a":1,"k":[{"i":{"x":[0.667,0.667],"y":[1,1]},"o":{"x":[0.333,0.333],"y":[0,0]},"n":["0p667_1_0p333_0","0p667_1_0p333_0"],"t":-12,"s":[50,50],"e":[300,300]},{"t":12}],"ix":3},"r":{"a":0,"k":0,"ix":6},"o":{"a":0,"k":100,"ix":7},"sk":{"a":0,"k":0,"ix":4},"sa":{"a":0,"k":0,"ix":5},"nm":"Transform"}],"nm":"Group 1","np":1,"cix":2,"ix":1,"mn":"ADBE Vector Group"},{"ty":"st","c":{"a":0,"k":[0,0,0,1]},"o":{"a":0,"k":100},"w":{"a":1,"k":[{"i":{"x":[0.667],"y":[1]},"o":{"x":[0.333],"y":[0]},"n":["0p667_1_0p333_0"],"t":-12,"s":[0],"e":[17]},{"i":{"x":[0.667],"y":[1]},"o":{"x":[0.333],"y":[0]},"n":["0p667_1_0p333_0"],"t":-5,"s":[17],"e":[0]},{"t":12}]},"lc":1,"lj":1,"ml":10,"nm":"Stroke 1","mn":"ADBE Vector Graphic - Stroke"}],"ip":-12,"op":13,"st":-12,"bm":0,"sr":1},{"ddd":0,"ind":9,"ty":4,"nm":"low 8","parent":1,"ks":{"o":{"a":0,"k":100},"r":{"a":0,"k":0},"p":{"a":0,"k":[99.72,0,0]},"a":{"a":0,"k":[748.5,540,0]},"s":{"a":0,"k":[100,100,100]}},"ao":0,"shapes":[{"ty":"gr","it":[{"ind":0,"ty":"sh","ix":1,"ks":{"a":0,"k":{"i":[[0,0],[0,-25.405],[25.405,0]],"o":[[25.405,0],[0,25.405],[0,0]],"v":[[-23,-46],[23,0],[-23,46]],"c":false}},"nm":"Path 1","mn":"ADBE Vector Shape - Group"},{"ty":"tr","p":{"a":0,"k":[771.5,540],"ix":2},"a":{"a":0,"k":[-23,0],"ix":1},"s":{"a":1,"k":[{"i":{"x":[0.667,0.667],"y":[1,1]},"o":{"x":[0.333,0.333],"y":[0,0]},"n":["0p667_1_0p333_0","0p667_1_0p333_0"],"t":-18,"s":[50,50],"e":[300,300]},{"t":6}],"ix":3},"r":{"a":0,"k":0,"ix":6},"o":{"a":0,"k":100,"ix":7},"sk":{"a":0,"k":0,"ix":4},"sa":{"a":0,"k":0,"ix":5},"nm":"Transform"}],"nm":"Group 1","np":1,"cix":2,"ix":1,"mn":"ADBE Vector Group"},{"ty":"st","c":{"a":0,"k":[0,0,0,1]},"o":{"a":0,"k":100},"w":{"a":1,"k":[{"i":{"x":[0.667],"y":[1]},"o":{"x":[0.333],"y":[0]},"n":["0p667_1_0p333_0"],"t":-18,"s":[0],"e":[17]},{"i":{"x":[0.667],"y":[1]},"o":{"x":[0.333],"y":[0]},"n":["0p667_1_0p333_0"],"t":-11,"s":[17],"e":[0]},{"t":6}]},"lc":1,"lj":1,"ml":10,"nm":"Stroke 1","mn":"ADBE Vector Graphic - Stroke"}],"ip":-18,"op":7,"st":-18,"bm":0,"sr":1},{"ddd":0,"ind":10,"ty":4,"nm":"low 7","parent":1,"ks":{"o":{"a":0,"k":100},"r":{"a":0,"k":0},"p":{"a":0,"k":[99.72,0,0]},"a":{"a":0,"k":[748.5,540,0]},"s":{"a":0,"k":[100,100,100]}},"ao":0,"shapes":[{"ty":"gr","it":[{"ind":0,"ty":"sh","ix":1,"ks":{"a":0,"k":{"i":[[0,0],[0,-25.405],[25.405,0]],"o":[[25.405,0],[0,25.405],[0,0]],"v":[[-23,-46],[23,0],[-23,46]],"c":false}},"nm":"Path 1","mn":"ADBE Vector Shape - Group"},{"ty":"tr","p":{"a":0,"k":[771.5,540],"ix":2},"a":{"a":0,"k":[-23,0],"ix":1},"s":{"a":1,"k":[{"i":{"x":[0.667,0.667],"y":[1,1]},"o":{"x":[0.333,0.333],"y":[0,0]},"n":["0p667_1_0p333_0","0p667_1_0p333_0"],"t":-24,"s":[50,50],"e":[300,300]},{"t":0}],"ix":3},"r":{"a":0,"k":0,"ix":6},"o":{"a":0,"k":100,"ix":7},"sk":{"a":0,"k":0,"ix":4},"sa":{"a":0,"k":0,"ix":5},"nm":"Transform"}],"nm":"Group 1","np":1,"cix":2,"ix":1,"mn":"ADBE Vector Group"},{"ty":"st","c":{"a":0,"k":[0,0,0,1]},"o":{"a":0,"k":100},"w":{"a":1,"k":[{"i":{"x":[0.667],"y":[1]},"o":{"x":[0.333],"y":[0]},"n":["0p667_1_0p333_0"],"t":-24,"s":[0],"e":[17]},{"i":{"x":[0.667],"y":[1]},"o":{"x":[0.333],"y":[0]},"n":["0p667_1_0p333_0"],"t":-17,"s":[17],"e":[0]},{"t":0}]},"lc":1,"lj":1,"ml":10,"nm":"Stroke 1","mn":"ADBE Vector Graphic - Stroke"}],"ip":-24,"op":1,"st":-24,"bm":0,"sr":1},{"ddd":0,"ind":11,"ty":4,"nm":"volume Outlines","parent":1,"ks":{"o":{"a":0,"k":100},"r":{"a":0,"k":0},"p":{"a":0,"k":[0,0,0]},"a":{"a":0,"k":[599.78,542.494,0]},"s":{"a":0,"k":[100,100,100]}},"ao":0,"shapes":[{"ty":"gr","it":[{"ind":0,"ty":"sh","ix":1,"ks":{"a":0,"k":{"i":[[0,0],[0,0],[0,0],[0,0]],"o":[[0,0],[0,0],[0,0],[0,0]],"v":[[64.32,-87.674],[64.32,87.674],[-64.319,87.674],[-64.319,-87.674]],"c":true}},"nm":"Path 1","mn":"ADBE Vector Shape - Group"},{"ty":"fl","c":{"a":0,"k":[0,0,0,1]},"o":{"a":0,"k":100},"r":1,"nm":"Fill 1","mn":"ADBE Vector Graphic - Fill"},{"ty":"tr","p":{"a":0,"k":[469.379,542.494],"ix":2},"a":{"a":0,"k":[0,0],"ix":1},"s":{"a":0,"k":[100,100],"ix":3},"r":{"a":0,"k":0,"ix":6},"o":{"a":0,"k":100,"ix":7},"sk":{"a":0,"k":0,"ix":4},"sa":{"a":0,"k":0,"ix":5},"nm":"Transform"}],"nm":"Group 2","np":2,"cix":2,"ix":1,"mn":"ADBE Vector Group"},{"ty":"gr","it":[{"ind":0,"ty":"sh","ix":1,"ks":{"a":0,"k":{"i":[[0,0],[0,0],[0,0],[0,0],[0,0],[0,0]],"o":[[0,0],[0,0],[0,0],[0,0],[0,0],[0,0]],"v":[[74.053,-216.591],[74.053,216.59],[-67.188,87.674],[-74.053,87.674],[-72.053,-87.674],[-67.188,-87.674]],"c":true}},"nm":"Path 1","mn":"ADBE Vector Shape - Group"},{"ty":"fl","c":{"a":0,"k":[0,0,0,1]},"o":{"a":0,"k":100},"r":1,"nm":"Fill 1","mn":"ADBE Vector Graphic - Fill"},{"ty":"tr","p":{"a":0,"k":[600.887,542.494],"ix":2},"a":{"a":0,"k":[0,0],"ix":1},"s":{"a":0,"k":[100,100],"ix":3},"r":{"a":0,"k":0,"ix":6},"o":{"a":0,"k":100,"ix":7},"sk":{"a":0,"k":0,"ix":4},"sa":{"a":0,"k":0,"ix":5},"nm":"Transform"}],"nm":"Group 3","np":2,"cix":2,"ix":2,"mn":"ADBE Vector Group"}],"ip":0,"op":49,"st":0,"bm":0,"sr":1}]}