{"v":"4.5.5","fr":60,"ip":0,"op":180,"w":500,"h":500,"ddd":0,"assets":[],"layers":[{"ddd":0,"ind":0,"ty":4,"nm":"XamarinLogo contornos","ks":{"o":{"a":0,"k":100},"r":{"a":0,"k":0},"p":{"a":0,"k":[250,262,0]},"a":{"a":0,"k":[250,250,0]},"s":{"a":0,"k":[100,100,100]}},"ao":0,"shapes":[{"ty":"gr","it":[{"ind":0,"ty":"sh","ks":{"a":0,"k":{"i":[[0,0],[0,0],[0,0],[6.919,0],[2.34,-2.649],[0,-4.039],[0,0],[0,0],[0,0],[0,0],[0,0],[0,0],[-6.396,0],[-2.588,-3.108],[0,-5.873]],"o":[[0,0],[0,0],[0,-9.338],[-3.576,0],[-2.34,2.65],[0,0],[0,0],[0,0],[0,0],[0,0],[0,0],[3.372,-5.557],[4.884,0],[2.588,3.108],[0,0]],"v":[[18.534,22.516],[11.382,22.516],[11.382,-2.578],[1.003,-16.586],[-7.872,-12.611],[-11.382,-2.578],[-11.382,22.516],[-18.534,22.516],[-18.534,-21.484],[-11.382,-21.484],[-11.382,-14.18],[-11.208,-14.18],[3.445,-22.516],[14.652,-17.853],[18.534,-4.382]],"c":true}},"nm":"Trazado 1","mn":"ADBE Vector Shape - Group"},{"ty":"fl","c":{"a":0,"k":[0.36,0.68,0.86,1]},"o":{"a":0,"k":100},"nm":"Relleno 1","mn":"ADBE Vector Graphic - Fill"},{"ty":"tr","p":{"a":0,"k":[389.862,435.044],"ix":2},"a":{"a":0,"k":[0,0],"ix":1},"s":{"a":1,"k":[{"i":{"x":[0.833,0.833],"y":[0.833,0.833]},"o":{"x":[0.333,0.333],"y":[0,0]},"n":["0p833_0p833_0p333_0","0p833_0p833_0p333_0"],"t":-7,"s":[122,122],"e":[30,30]},{"i":{"x":[0.667,0.667],"y":[1,1]},"o":{"x":[0.167,0.167],"y":[0.167,0.167]},"n":["0p667_1_0p167_0p167","0p667_1_0p167_0p167"],"t":0,"s":[30,30],"e":[95,95]},{"i":{"x":[0.667,0.667],"y":[1,1]},"o":{"x":[0.333,0.333],"y":[0,0]},"n":["0p667_1_0p333_0","0p667_1_0p333_0"],"t":20,"s":[95,95],"e":[100,100]},{"t":34}],"ix":3},"r":{"a":0,"k":0,"ix":6},"o":{"a":0,"k":100,"ix":7},"sk":{"a":0,"k":0,"ix":4},"sa":{"a":0,"k":0,"ix":5},"nm":"Transformar"}],"nm":"Grupo 1","np":2,"mn":"ADBE Vector Group"},{"ty":"gr","it":[{"ind":0,"ty":"sh","ks":{"a":0,"k":{"i":[[0,0],[0,0],[0,0],[0,0]],"o":[[0,0],[0,0],[0,0],[0,0]],"v":[[3.446,32.163],[-3.706,32.163],[-3.706,-11.837],[3.446,-11.837]],"c":true}},"nm":"Trazado 1","mn":"ADBE Vector Shape - Group"},{"ind":1,"ty":"sh","ks":{"a":0,"k":{"i":[[1.309,0],[0.9,0.859],[0,1.318],[-0.902,0.874],[-1.279,0],[-0.916,-0.873],[0,-1.317],[0.916,-0.888]],"o":[[-1.279,0],[-0.902,-0.86],[0,-1.317],[0.9,-0.873],[1.309,0],[0.916,0.874],[0,1.261],[-0.916,0.888]],"v":[[-0.044,-23.009],[-3.314,-24.298],[-4.666,-27.564],[-3.314,-30.852],[-0.044,-32.163],[3.292,-30.852],[4.666,-27.564],[3.292,-24.341]],"c":true}},"nm":"Trazado 2","mn":"ADBE Vector Shape - Group"},{"ty":"mm","mm":1,"nm":"Combinar trazados 1","mn":"ADBE Vector Filter - Merge"},{"ty":"fl","c":{"a":0,"k":[0.36,0.68,0.86,1]},"o":{"a":0,"k":100},"nm":"Relleno 1","mn":"ADBE Vector Graphic - Fill"},{"ty":"tr","p":{"a":0,"k":[353.403,425.397],"ix":2},"a":{"a":0,"k":[0,0],"ix":1},"s":{"a":1,"k":[{"i":{"x":[0.667,0.667],"y":[1,1]},"o":{"x":[0.167,0.167],"y":[0.167,0.167]},"n":["0p667_1_0p167_0p167","0p667_1_0p167_0p167"],"t":0,"s":[30,30],"e":[122,122]},{"i":{"x":[0.667,0.667],"y":[1,1]},"o":{"x":[0.333,0.333],"y":[0,0]},"n":["0p667_1_0p333_0","0p667_1_0p333_0"],"t":18,"s":[122,122],"e":[95,95]},{"i":{"x":[0.667,0.667],"y":[1,1]},"o":{"x":[0.333,0.333],"y":[0,0]},"n":["0p667_1_0p333_0","0p667_1_0p333_0"],"t":37,"s":[95,95],"e":[100,100]},{"t":49}],"ix":3},"r":{"a":0,"k":0,"ix":6},"o":{"a":0,"k":100,"ix":7},"sk":{"a":0,"k":0,"ix":4},"sa":{"a":0,"k":0,"ix":5},"nm":"Transformar"}],"nm":"Grupo 2","np":4,"mn":"ADBE Vector Group"},{"ty":"gr","it":[{"ind":0,"ty":"sh","ks":{"a":0,"k":{"i":[[0,0],[2.354,0],[2.05,-2.836],[0,-4.899],[0,0],[0,0],[0,0],[0,0],[0,0],[0,0],[-2.093,1.734],[-2.588,0],[-0.988,-0.4]],"o":[[-1.25,-0.945],[-3.053,0],[-2.049,2.836],[0,0],[0,0],[0,0],[0,0],[0,0],[0,0],[1.018,-3.094],[2.094,-1.732],[1.86,0],[0,0]],"v":[[11.643,-14.481],[6.236,-15.898],[-1.418,-11.645],[-4.492,-0.043],[-4.492,22.386],[-11.644,22.386],[-11.644,-21.614],[-4.492,-21.614],[-4.492,-12.547],[-4.318,-12.547],[0.348,-19.788],[7.37,-22.387],[11.643,-21.786]],"c":true}},"nm":"Trazado 1","mn":"ADBE Vector Shape - Group"},{"ty":"fl","c":{"a":0,"k":[0.36,0.68,0.86,1]},"o":{"a":0,"k":100},"nm":"Relleno 1","mn":"ADBE Vector Graphic - Fill"},{"ty":"tr","p":{"a":0,"k":[330.29,435.173],"ix":2},"a":{"a":0,"k":[0,0],"ix":1},"s":{"a":1,"k":[{"i":{"x":[0.667,0.667],"y":[1,1]},"o":{"x":[0.167,0.167],"y":[0.167,0.167]},"n":["0p667_1_0p167_0p167","0p667_1_0p167_0p167"],"t":0,"s":[30,30],"e":[122,122]},{"i":{"x":[0.667,0.667],"y":[1,1]},"o":{"x":[0.333,0.333],"y":[0,0]},"n":["0p667_1_0p333_0","0p667_1_0p333_0"],"t":18,"s":[122,122],"e":[95,95]},{"i":{"x":[0.667,0.667],"y":[1,1]},"o":{"x":[0.333,0.333],"y":[0,0]},"n":["0p667_1_0p333_0","0p667_1_0p333_0"],"t":37,"s":[95,95],"e":[100,100]},{"t":49}],"ix":3},"r":{"a":0,"k":0,"ix":6},"o":{"a":0,"k":100,"ix":7},"sk":{"a":0,"k":0,"ix":4},"sa":{"a":0,"k":0,"ix":5},"nm":"Transformar"}],"nm":"Grupo 3","np":2,"mn":"ADBE Vector Group"},{"ty":"gr","it":[{"ind":0,"ty":"sh","ks":{"a":0,"k":{"i":[[0,0],[0,0],[1.686,-1.16],[0,-2.951],[-1.555,-1.36],[-2.588,0],[-2.311,2.449],[0,3.753]],"o":[[0,0],[-3.315,0.459],[-1.687,1.16],[0,2.148],[1.556,1.362],[3.547,0],[2.312,-2.45],[0,0]],"v":[[10.488,-0.258],[-0.283,1.203],[-7.784,3.631],[-10.314,9.797],[-7.981,15.06],[-1.766,17.101],[7.021,13.428],[10.488,4.125]],"c":true}},"nm":"Trazado 1","mn":"ADBE Vector Shape - Group"},{"ind":1,"ty":"sh","ks":{"a":0,"k":{"i":[[0,0],[0,0],[0,0],[0,0],[6.047,0],[2.514,2.32],[0,3.839],[-9.827,1.346],[0,0],[6.134,0],[4.331,-3.609],[0,0],[-5.727,0],[0,-10.943]],"o":[[0,0],[0,0],[0,0],[-3.111,5.271],[-4.448,0],[-2.516,-2.321],[0,-8.22],[0,0],[0,-7.476],[-5.379,0],[0,0],[4.39,-2.75],[10.495,0],[0,0]],"v":[[17.64,22],[10.488,22],[10.488,15.125],[10.314,15.125],[-3.423,23.031],[-13.867,19.551],[-17.64,10.312],[-2.9,-4.039],[10.488,-5.887],[1.287,-17.102],[-13.279,-11.688],[-13.279,-18.906],[1.897,-23.031],[17.64,-6.617]],"c":true}},"nm":"Trazado 2","mn":"ADBE Vector Shape - Group"},{"ty":"mm","mm":1,"nm":"Combinar trazados 1","mn":"ADBE Vector Filter - Merge"},{"ty":"fl","c":{"a":0,"k":[0.36,0.68,0.86,1]},"o":{"a":0,"k":100},"nm":"Relleno 1","mn":"ADBE Vector Graphic - Fill"},{"ty":"tr","p":{"a":0,"k":[287.531,435.56],"ix":2},"a":{"a":0,"k":[0,0],"ix":1},"s":{"a":1,"k":[{"i":{"x":[0.667,0.667],"y":[1,1]},"o":{"x":[0.167,0.167],"y":[0.167,0.167]},"n":["0p667_1_0p167_0p167","0p667_1_0p167_0p167"],"t":0,"s":[30,30],"e":[122,122]},{"i":{"x":[0.667,0.667],"y":[1,1]},"o":{"x":[0.333,0.333],"y":[0,0]},"n":["0p667_1_0p333_0","0p667_1_0p333_0"],"t":18,"s":[122,122],"e":[95,95]},{"i":{"x":[0.667,0.667],"y":[1,1]},"o":{"x":[0.333,0.333],"y":[0,0]},"n":["0p667_1_0p333_0","0p667_1_0p333_0"],"t":37,"s":[95,95],"e":[100,100]},{"t":49}],"ix":3},"r":{"a":0,"k":0,"ix":6},"o":{"a":0,"k":100,"ix":7},"sk":{"a":0,"k":0,"ix":4},"sa":{"a":0,"k":0,"ix":5},"nm":"Transformar"}],"nm":"Grupo 4","np":4,"mn":"ADBE Vector Group"},{"ty":"gr","it":[{"ind":0,"ty":"sh","ks":{"a":0,"k":{"i":[[0,0],[0,0],[0,0],[1.525,2.178],[3.603,0],[2.136,-2.75],[0,-3.838],[0,0],[0,0],[0,0],[6.774,0],[2.035,-2.592],[0,-4.153],[0,0],[0,0],[0,0],[0,0],[0,0],[0,0],[-6.077,0],[-2.267,-1.675],[-0.844,-2.721],[-6.57,0],[0,-11.946]],"o":[[0,0],[0,0],[0,-4.869],[-1.527,-2.177],[-3.053,0],[-2.137,2.75],[0,0],[0,0],[0,0],[0,-8.65],[-3.14,0],[-2.035,2.593],[0,0],[0,0],[0,0],[0,0],[0,0],[0,0],[3.168,-5.328],[3.053,0],[2.268,1.676],[3.315,-6.072],[9.826,0],[0,0]],"v":[[31.704,22.516],[24.552,22.516],[24.552,-2.75],[22.263,-13.32],[14.566,-16.586],[6.781,-12.461],[3.576,-2.578],[3.576,22.516],[-3.577,22.516],[-3.577,-3.609],[-13.737,-16.586],[-21.5,-12.697],[-24.552,-2.578],[-24.552,22.516],[-31.704,22.516],[-31.704,-21.484],[-24.552,-21.484],[-24.552,-14.523],[-24.378,-14.523],[-10.51,-22.516],[-2.53,-20.003],[2.136,-13.406],[16.964,-22.516],[31.704,-4.598]],"c":true}},"nm":"Trazado 1","mn":"ADBE Vector Shape - Group"},{"ty":"fl","c":{"a":0,"k":[0.36,0.68,0.86,1]},"o":{"a":0,"k":100},"nm":"Relleno 1","mn":"ADBE Vector Graphic - Fill"},{"ty":"tr","p":{"a":0,"k":[227.982,435.044],"ix":2},"a":{"a":0,"k":[0,0],"ix":1},"s":{"a":1,"k":[{"i":{"x":[0.667,0.667],"y":[1,1]},"o":{"x":[0.167,0.167],"y":[0.167,0.167]},"n":["0p667_1_0p167_0p167","0p667_1_0p167_0p167"],"t":0,"s":[30,30],"e":[122,122]},{"i":{"x":[0.667,0.667],"y":[1,1]},"o":{"x":[0.333,0.333],"y":[0,0]},"n":["0p667_1_0p333_0","0p667_1_0p333_0"],"t":18,"s":[122,122],"e":[95,95]},{"i":{"x":[0.667,0.667],"y":[1,1]},"o":{"x":[0.333,0.333],"y":[0,0]},"n":["0p667_1_0p333_0","0p667_1_0p333_0"],"t":37,"s":[95,95],"e":[100,100]},{"t":49}],"ix":3},"r":{"a":0,"k":0,"ix":6},"o":{"a":0,"k":100,"ix":7},"sk":{"a":0,"k":0,"ix":4},"sa":{"a":0,"k":0,"ix":5},"nm":"Transformar"}],"nm":"Grupo 5","np":2,"mn":"ADBE Vector Group"},{"ty":"gr","it":[{"ind":0,"ty":"sh","ks":{"a":0,"k":{"i":[[0,0],[0,0],[1.685,-1.16],[0,-2.951],[-1.555,-1.36],[-2.588,0],[-2.311,2.449],[0,3.753]],"o":[[0,0],[-3.315,0.459],[-1.687,1.16],[0,2.148],[1.555,1.362],[3.546,0],[2.311,-2.45],[0,0]],"v":[[10.488,-0.258],[-0.283,1.203],[-7.784,3.631],[-10.314,9.797],[-7.981,15.06],[-1.766,17.101],[7.021,13.428],[10.488,4.125]],"c":true}},"nm":"Trazado 1","mn":"ADBE Vector Shape - Group"},{"ind":1,"ty":"sh","ks":{"a":0,"k":{"i":[[0,0],[0,0],[0,0],[0,0],[6.047,0],[2.514,2.32],[0,3.839],[-9.827,1.346],[0,0],[6.134,0],[4.332,-3.609],[0,0],[-5.728,0],[0,-10.943]],"o":[[0,0],[0,0],[0,0],[-3.111,5.271],[-4.448,0],[-2.515,-2.321],[0,-8.22],[0,0],[0,-7.476],[-5.379,0],[0,0],[4.39,-2.75],[10.495,0],[0,0]],"v":[[17.64,22],[10.488,22],[10.488,15.125],[10.313,15.125],[-3.424,23.031],[-13.868,19.551],[-17.64,10.312],[-2.9,-4.039],[10.488,-5.887],[1.286,-17.102],[-13.28,-11.688],[-13.28,-18.906],[1.897,-23.031],[17.64,-6.617]],"c":true}},"nm":"Trazado 2","mn":"ADBE Vector Shape - Group"},{"ty":"mm","mm":1,"nm":"Combinar trazados 1","mn":"ADBE Vector Filter - Merge"},{"ty":"fl","c":{"a":0,"k":[0.36,0.68,0.86,1]},"o":{"a":0,"k":100},"nm":"Relleno 1","mn":"ADBE Vector Graphic - Fill"},{"ty":"tr","p":{"a":0,"k":[165.163,435.56],"ix":2},"a":{"a":0,"k":[0,0],"ix":1},"s":{"a":1,"k":[{"i":{"x":[0.667,0.667],"y":[1,1]},"o":{"x":[0.167,0.167],"y":[0.167,0.167]},"n":["0p667_1_0p167_0p167","0p667_1_0p167_0p167"],"t":0,"s":[30,30],"e":[122,122]},{"i":{"x":[0.667,0.667],"y":[1,1]},"o":{"x":[0.333,0.333],"y":[0,0]},"n":["0p667_1_0p333_0","0p667_1_0p333_0"],"t":18,"s":[122,122],"e":[95,95]},{"i":{"x":[0.667,0.667],"y":[1,1]},"o":{"x":[0.333,0.333],"y":[0,0]},"n":["0p667_1_0p333_0","0p667_1_0p333_0"],"t":37,"s":[95,95],"e":[100,100]},{"t":49}],"ix":3},"r":{"a":0,"k":0,"ix":6},"o":{"a":0,"k":100,"ix":7},"sk":{"a":0,"k":0,"ix":4},"sa":{"a":0,"k":0,"ix":5},"nm":"Transformar"}],"nm":"Grupo 6","np":4,"mn":"ADBE Vector Group"},{"ty":"gr","it":[{"ind":0,"ty":"sh","ks":{"a":0,"k":{"i":[[0,0],[0,0],[0,0],[0.523,1.319],[0,0],[0.698,-1.375],[0,0],[0,0],[0,0],[0,0],[0,0],[0,0],[-0.639,-1.432],[0,0],[-0.698,1.089],[0,0],[0,0],[0,0]],"o":[[0,0],[0,0],[-0.436,-0.716],[0,0],[-0.29,0.66],[0,0],[0,0],[0,0],[0,0],[0,0],[0,0],[0.843,1.433],[0,0],[0.93,-1.891],[0,0],[0,0],[0,0],[0,0]],"v":[[25.119,30.809],[16.179,30.809],[1.788,7.219],[0.349,4.168],[0.174,4.168],[-1.308,7.219],[-16.135,30.809],[-25.119,30.809],[-4.187,-0.172],[-23.462,-30.809],[-14.479,-30.809],[-1.701,-9.152],[0.523,-4.855],[0.698,-4.855],[3.14,-9.324],[16.441,-30.809],[24.857,-30.809],[5.189,-0.258]],"c":true}},"nm":"Trazado 1","mn":"ADBE Vector Shape - Group"},{"ty":"fl","c":{"a":0,"k":[0.36,0.68,0.86,1]},"o":{"a":0,"k":100},"nm":"Relleno 1","mn":"ADBE Vector Graphic - Fill"},{"ty":"tr","p":{"a":0,"k":[117.171,426.751],"ix":2},"a":{"a":0,"k":[0,0],"ix":1},"s":{"a":1,"k":[{"i":{"x":[0.667,0.667],"y":[1,1]},"o":{"x":[0.167,0.167],"y":[0.167,0.167]},"n":["0p667_1_0p167_0p167","0p667_1_0p167_0p167"],"t":0,"s":[30,30],"e":[122,122]},{"i":{"x":[0.667,0.667],"y":[1,1]},"o":{"x":[0.333,0.333],"y":[0,0]},"n":["0p667_1_0p333_0","0p667_1_0p333_0"],"t":18,"s":[122,122],"e":[95,95]},{"i":{"x":[0.667,0.667],"y":[1,1]},"o":{"x":[0.333,0.333],"y":[0,0]},"n":["0p667_1_0p333_0","0p667_1_0p333_0"],"t":37,"s":[95,95],"e":[100,100]},{"t":49}],"ix":3},"r":{"a":0,"k":0,"ix":6},"o":{"a":0,"k":100,"ix":7},"sk":{"a":0,"k":0,"ix":4},"sa":{"a":0,"k":0,"ix":5},"nm":"Transformar"}],"nm":"Grupo 7","np":2,"mn":"ADBE Vector Group"},{"ty":"gr","it":[{"ind":0,"ty":"sh","ks":{"a":0,"k":{"i":[[1.015,0.005],[0,0],[-0.257,-0.459],[0,0],[-1.021,0.005],[0,0],[1.047,1.895],[0,0]],"o":[[0,0],[-0.522,-0.003],[0,0],[0.502,0.898],[0,0],[2.146,-0.01],[0,0],[-0.495,-0.897]],"v":[[-7.033,-39.632],[-36.218,-39.772],[-36.813,-38.746],[6.216,38.324],[8.681,39.771],[33.575,39.65],[36.023,35.407],[-4.59,-38.172]],"c":true}},"nm":"Trazado 1","mn":"ADBE Vector Shape - Group"},{"ty":"tm","s":{"a":0,"k":0,"ix":1},"e":{"a":1,"k":[{"i":{"x":[0.667],"y":[1]},"o":{"x":[0.167],"y":[0.167]},"n":["0p667_1_0p167_0p167"],"t":0,"s":[0],"e":[100]},{"t":79}],"ix":2},"o":{"a":0,"k":0,"ix":3},"m":1,"ix":2,"nm":"Recortar trazados 1","mn":"ADBE Vector Filter - Trim"},{"ty":"st","c":{"a":0,"k":[0.36,0.68,0.86,1]},"o":{"a":0,"k":100},"w":{"a":0,"k":3},"lc":3,"lj":2,"nm":"Trazo 1","mn":"ADBE Vector Graphic - Stroke"},{"ty":"fl","c":{"a":0,"k":[0.36,0.68,0.86,1]},"o":{"a":0,"k":100},"nm":"Relleno 1","mn":"ADBE Vector Graphic - Fill"},{"ty":"tr","p":{"a":0,"k":[286.831,226.234],"ix":2},"a":{"a":0,"k":[0,0],"ix":1},"s":{"a":0,"k":[100,100],"ix":3},"r":{"a":0,"k":0,"ix":6},"o":{"a":0,"k":100,"ix":7},"sk":{"a":0,"k":0,"ix":4},"sa":{"a":0,"k":0,"ix":5},"nm":"Transformar"}],"nm":"Grupo 8","np":4,"mn":"ADBE Vector Group"},{"ty":"gr","it":[{"ind":0,"ty":"sh","ks":{"a":0,"k":{"i":[[-0.994,0.016],[0,0],[0.26,0.461],[0,0],[0.999,-0.026],[0,0],[-1.061,-1.902],[0,0]],"o":[[0,0],[0.511,-0.008],[0,0],[-0.508,-0.902],[0,0],[-2.101,0.055],[0,0],[0.502,0.9]],"v":[[7.624,40.122],[36.195,39.664],[36.758,38.61],[-6.835,-38.694],[-9.275,-40.112],[-33.641,-39.478],[-35.958,-35.122],[5.202,38.691]],"c":true}},"nm":"Trazado 1","mn":"ADBE Vector Shape - Group"},{"ty":"tm","s":{"a":0,"k":0,"ix":1},"e":{"a":1,"k":[{"i":{"x":[0.667],"y":[1]},"o":{"x":[0.167],"y":[0.167]},"n":["0p667_1_0p167_0p167"],"t":0,"s":[0],"e":[100]},{"t":81}],"ix":2},"o":{"a":0,"k":0,"ix":3},"m":1,"ix":2,"nm":"Recortar trazados 1","mn":"ADBE Vector Filter - Trim"},{"ty":"st","c":{"a":0,"k":[0.36,0.68,0.86,1]},"o":{"a":0,"k":100},"w":{"a":0,"k":3},"lc":1,"lj":1,"ml":10,"nm":"Trazo 1","mn":"ADBE Vector Graphic - Stroke"},{"ty":"fl","c":{"a":0,"k":[0.36,0.68,0.86,1]},"o":{"a":0,"k":100},"nm":"Relleno 1","mn":"ADBE Vector Graphic - Fill"},{"ty":"tr","p":{"a":0,"k":[213.123,148.576],"ix":2},"a":{"a":0,"k":[0,0],"ix":1},"s":{"a":0,"k":[100,100],"ix":3},"r":{"a":0,"k":0,"ix":6},"o":{"a":0,"k":100,"ix":7},"sk":{"a":0,"k":0,"ix":4},"sa":{"a":0,"k":0,"ix":5},"nm":"Transformar"}],"nm":"Grupo 9","np":4,"mn":"ADBE Vector Group"},{"ty":"gr","it":[{"ind":0,"ty":"sh","ks":{"a":0,"k":{"i":[[-1.016,0.01],[0,0],[0.255,-0.454],[0,0],[1.02,0],[0,0],[-1.038,1.871],[0,0]],"o":[[0,0],[0.522,-0.005],[0,0],[-0.498,0.887],[0,0],[-2.146,0.001],[0,0],[0.491,-0.885]],"v":[[6.885,-38.976],[36.064,-39.256],[36.663,-38.248],[-6.066,37.821],[-8.523,39.257],[-33.415,39.26],[-35.88,35.096],[4.447,-37.527]],"c":true}},"nm":"Trazado 1","mn":"ADBE Vector Shape - Group"},{"ty":"tm","s":{"a":0,"k":0,"ix":1},"e":{"a":1,"k":[{"i":{"x":[0.667],"y":[1]},"o":{"x":[0.167],"y":[0.167]},"n":["0p667_1_0p167_0p167"],"t":0,"s":[0],"e":[100]},{"t":81}],"ix":2},"o":{"a":0,"k":0,"ix":3},"m":1,"ix":2,"nm":"Recortar trazados 1","mn":"ADBE Vector Filter - Trim"},{"ty":"st","c":{"a":0,"k":[0.36,0.68,0.86,1]},"o":{"a":0,"k":100},"w":{"a":0,"k":3},"lc":1,"lj":1,"ml":10,"nm":"Trazo 1","mn":"ADBE Vector Graphic - Stroke"},{"ty":"fl","c":{"a":0,"k":[0.36,0.68,0.86,1]},"o":{"a":0,"k":100},"nm":"Relleno 1","mn":"ADBE Vector Graphic - Fill"},{"ty":"tr","p":{"a":0,"k":[213.062,226.424],"ix":2},"a":{"a":0,"k":[0,0],"ix":1},"s":{"a":0,"k":[100,100],"ix":3},"r":{"a":0,"k":0,"ix":6},"o":{"a":0,"k":100,"ix":7},"sk":{"a":0,"k":0,"ix":4},"sa":{"a":0,"k":0,"ix":5},"nm":"Transformar"}],"nm":"Grupo 10","np":4,"mn":"ADBE Vector Group"},{"ty":"gr","it":[{"ind":0,"ty":"sh","ks":{"a":0,"k":{"i":[[1.014,-0.01],[0,0],[-0.253,0.456],[0,0],[-1.018,0],[0,0],[1.036,-1.882],[0,0]],"o":[[0,0],[-0.521,0.005],[0,0],[0.497,-0.892],[0,0],[2.143,0],[0,0],[-0.492,0.89]],"v":[[-6.863,39.19],[-35.993,39.465],[-36.592,38.453],[6.044,-38.026],[8.499,-39.47],[33.346,-39.466],[35.809,-35.276],[-4.428,37.734]],"c":true}},"nm":"Trazado 1","mn":"ADBE Vector Shape - Group"},{"ty":"tm","s":{"a":0,"k":0,"ix":1},"e":{"a":1,"k":[{"i":{"x":[0.667],"y":[1]},"o":{"x":[0.167],"y":[0.167]},"n":["0p667_1_0p167_0p167"],"t":0,"s":[0],"e":[100]},{"t":79}],"ix":2},"o":{"a":0,"k":0,"ix":3},"m":1,"ix":2,"nm":"Recortar trazados 1","mn":"ADBE Vector Filter - Trim"},{"ty":"st","c":{"a":0,"k":[0.36,0.68,0.86,1]},"o":{"a":0,"k":100},"w":{"a":0,"k":3},"lc":1,"lj":1,"ml":10,"nm":"Trazo 1","mn":"ADBE Vector Graphic - Stroke"},{"ty":"fl","c":{"a":0,"k":[0.36,0.68,0.86,1]},"o":{"a":0,"k":100},"nm":"Relleno 1","mn":"ADBE Vector Graphic - Fill"},{"ty":"tr","p":{"a":0,"k":[286.962,148.702],"ix":2},"a":{"a":0,"k":[0,0],"ix":1},"s":{"a":0,"k":[100,100],"ix":3},"r":{"a":0,"k":0,"ix":6},"o":{"a":0,"k":100,"ix":7},"sk":{"a":0,"k":0,"ix":4},"sa":{"a":0,"k":0,"ix":5},"nm":"Transformar"}],"nm":"Grupo 11","np":4,"mn":"ADBE Vector Group"},{"ty":"gr","it":[{"ind":0,"ty":"sh","ks":{"a":0,"k":{"i":[[4.015,-7.766],[0,0],[9.38,-0.072],[0,0],[4.3,7.656],[0,0],[-4.015,7.765],[0,0],[-9.38,0.071],[0,0],[-4.299,-7.657],[0,0]],"o":[[0,0],[-4.432,8.57],[0,0],[-8.772,0.067],[0,0],[-4.167,-7.419],[0,0],[4.431,-8.569],[0,0],[8.772,-0.066],[0,0],[4.167,7.42]],"v":[[163.036,11.189],[95.121,142.536],[72.6,156.625],[-67.439,157.681],[-88.523,145.439],[-162.793,13.191],[-163.036,-11.188],[-95.121,-142.536],[-72.601,-156.624],[67.438,-157.681],[88.522,-145.438],[162.793,-13.191]],"c":true}},"nm":"Trazado 1","mn":"ADBE Vector Shape - Group"},{"ty":"tm","s":{"a":0,"k":0,"ix":1},"e":{"a":1,"k":[{"i":{"x":[0.667],"y":[1]},"o":{"x":[0.167],"y":[0.167]},"n":["0p667_1_0p167_0p167"],"t":0,"s":[0],"e":[100]},{"t":56}],"ix":2},"o":{"a":0,"k":0,"ix":3},"m":1,"ix":2,"nm":"Recortar trazados 1","mn":"ADBE Vector Filter - Trim"},{"ty":"st","c":{"a":0,"k":[0.36,0.68,0.86,1]},"o":{"a":0,"k":100},"w":{"a":0,"k":17},"lc":1,"lj":1,"ml":10,"nm":"Trazo 1","mn":"ADBE Vector Graphic - Stroke"},{"ty":"tr","p":{"a":0,"k":[249.813,187.168],"ix":2},"a":{"a":0,"k":[0,0],"ix":1},"s":{"a":0,"k":[100,100],"ix":3},"r":{"a":0,"k":0,"ix":6},"o":{"a":0,"k":100,"ix":7},"sk":{"a":0,"k":0,"ix":4},"sa":{"a":0,"k":0,"ix":5},"nm":"Transformar"}],"nm":"Grupo 12","np":3,"mn":"ADBE Vector Group"}],"ip":0,"op":1800,"st":0,"bm":0,"sr":1}]}