{"assets":[],"layers":[{"ddd":0,"ind":0,"ty":4,"nm":"1","ks":{"o":{"k":100},"r":{"k":0},"p":{"k":[400.875,261.875,0]},"a":{"k":[-2.493,-124.152,0]},"s":{"k":[{"i":{"x":[0.593,0.667,0.667],"y":[1,0.667,0.667]},"o":{"x":[0.072,0.333,0.333],"y":[0.279,0.333,0.333]},"n":["0p593_1_0p072_0p279","0p667_0p667_0p333_0p333","0p667_0p667_0p333_0p333"],"t":120,"s":[0,93.466,100],"e":[147.346,93.466,100]},{"t":158}]}},"ao":0,"shapes":[{"ty":"gr","it":[{"ind":0,"ty":"sh","ks":{"k":{"i":[[0,0],[0,0],[0,0],[1.176,7.125]],"o":[[0,0],[0,0],[0,0],[27.285,0.016]],"v":[[33.305,-9.539],[46.236,9.408],[-45.342,9.266],[-52.237,-9.634]],"c":true}},"nm":"路径 1","mn":"ADBE Vector Shape - Group"},{"ty":"fl","fillEnabled":true,"c":{"k":[1,1,1,1]},"o":{"k":100},"nm":"填充 1","mn":"ADBE Vector Graphic - Fill"},{"ty":"tr","p":{"k":[-36.517,-123.877],"ix":2},"a":{"k":[0,0],"ix":1},"s":{"k":[85.61,101.588],"ix":3},"r":{"k":0,"ix":6},"o":{"k":100,"ix":7},"sk":{"k":30,"ix":4},"sa":{"k":0,"ix":5},"nm":"变换"}],"nm":"矩形 1","np":3,"mn":"ADBE Vector Group"}],"ip":0,"op":1800,"st":0,"bm":0,"sr":1},{"ddd":0,"ind":1,"ty":4,"nm":"2","ks":{"o":{"k":100},"r":{"k":0},"p":{"k":[400.875,227.125,0]},"a":{"k":[-2.493,-124.152,0]},"s":{"k":[{"i":{"x":[0.401,0.667,0.667],"y":[1,0.667,0.667]},"o":{"x":[0.167,0.167,0.167],"y":[0.167,0.167,0.167]},"n":["0p401_1_0p167_0p167","0p667_0p667_0p167_0p167","0p667_0p667_0p167_0p167"],"t":127,"s":[0,100.9,100],"e":[129.431,100.9,100]},{"t":165}]}},"ao":0,"shapes":[{"ty":"gr","it":[{"ind":0,"ty":"sh","ks":{"k":{"i":[[0,0],[0,0],[0,0],[0,0]],"o":[[0,0],[0,0],[0,0],[0,0]],"v":[[33.305,-9.539],[46.349,9.572],[-44.923,9.661],[-46.615,-9.661]],"c":true}},"nm":"路径 1","mn":"ADBE Vector Shape - Group"},{"ty":"fl","fillEnabled":true,"c":{"k":[1,1,1,1]},"o":{"k":100},"nm":"填充 1","mn":"ADBE Vector Graphic - Fill"},{"ty":"tr","p":{"k":[-36.517,-123.877],"ix":2},"a":{"k":[0,0],"ix":1},"s":{"k":[85.61,101.588],"ix":3},"r":{"k":0,"ix":6},"o":{"k":100,"ix":7},"sk":{"k":30,"ix":4},"sa":{"k":0,"ix":5},"nm":"变换"}],"nm":"矩形 1","np":3,"mn":"ADBE Vector Group"}],"ip":0,"op":1800,"st":0,"bm":0,"sr":1},{"ddd":0,"ind":2,"ty":4,"nm":"3","ks":{"o":{"k":100},"r":{"k":0},"p":{"k":[400,190.5,0]},"a":{"k":[-2.493,-124.152,0]},"s":{"k":[{"i":{"x":[0.567,0.667,0.667],"y":[0.86,0.667,0.667]},"o":{"x":[0.167,0.167,0.167],"y":[0.167,0.167,0.167]},"n":["0p567_0p86_0p167_0p167","0p667_0p667_0p167_0p167","0p667_0p667_0p167_0p167"],"t":136,"s":[0,100.28,100],"e":[100.28,100.28,100]},{"t":165}]}},"ao":0,"shapes":[{"ty":"gr","it":[{"ind":0,"ty":"sh","ks":{"k":{"i":[[0,0],[0,0],[0,0],[0,0]],"o":[[0,0],[0,0],[0,0],[0,0]],"v":[[33.305,-9.539],[46.349,9.572],[-44.923,9.661],[-44.923,-9.661]],"c":true}},"nm":"路径 1","mn":"ADBE Vector Shape - Group"},{"ty":"fl","fillEnabled":true,"c":{"k":[1,1,1,1]},"o":{"k":100},"nm":"填充 1","mn":"ADBE Vector Graphic - Fill"},{"ty":"tr","p":{"k":[-36.517,-123.877],"ix":2},"a":{"k":[0,0],"ix":1},"s":{"k":[85.61,101.588],"ix":3},"r":{"k":0,"ix":6},"o":{"k":100,"ix":7},"sk":{"k":30,"ix":4},"sa":{"k":0,"ix":5},"nm":"变换"}],"nm":"矩形 1","np":3,"mn":"ADBE Vector Group"}],"ip":0,"op":1800,"st":0,"bm":0,"sr":1},{"ddd":0,"ind":3,"ty":4,"nm":"shadow","ks":{"o":{"k":100},"r":{"k":0},"p":{"k":[340.25,285.25,0]},"a":{"k":[27,49.25,0]},"s":{"k":[216.137,216.137,100]}},"ao":0,"shapes":[{"ty":"gr","it":[{"ind":0,"ty":"sh","ks":{"k":{"i":[[-1.142,4.029],[0,0],[0,-4.359],[0,0]],"o":[[0,0],[-0.955,4.071],[0,0],[0,-4.395]],"v":[[5.387,-6.333],[-3.91,-6.333],[-5.387,6.333],[3.613,6.333]],"c":true}},"nm":"路径 1","mn":"ADBE Vector Shape - Group"},{"ty":"fl","fillEnabled":true,"c":{"k":[0.76,0.75,0.72,1]},"o":{"k":100},"nm":"填充 1","mn":"ADBE Vector Graphic - Fill"},{"ty":"tr","p":{"k":[5.637,49.168],"ix":2},"a":{"k":[0,0],"ix":1},"s":{"k":[100,100],"ix":3},"r":{"k":0,"ix":6},"o":{"k":[{"i":{"x":[0.833],"y":[0.833]},"o":{"x":[0.167],"y":[0.167]},"n":["0p833_0p833_0p167_0p167"],"t":144,"s":[0],"e":[100]},{"t":170}],"ix":7},"sk":{"k":0,"ix":4},"sa":{"k":0,"ix":5},"nm":"变换"}],"nm":"组 1","np":2,"mn":"ADBE Vector Group"},{"ty":"gr","it":[{"ind":0,"ty":"sh","ks":{"k":{"i":[[0,0],[-1.832,3.838],[0,0],[0,-4.436]],"o":[[0,-4.537],[0,0],[-1.388,3.968],[0,0]],"v":[[3.067,6.333],[5.933,-6.333],[-3.785,-6.333],[-5.933,6.333]],"c":true}},"nm":"路径 1","mn":"ADBE Vector Shape - Group"},{"ty":"fl","fillEnabled":true,"c":{"k":[0.76,0.75,0.72,1]},"o":{"k":100},"nm":"填充 1","mn":"ADBE Vector Graphic - Fill"},{"ty":"tr","p":{"k":[23.196,49.168],"ix":2},"a":{"k":[0,0],"ix":1},"s":{"k":[100,100],"ix":3},"r":{"k":0,"ix":6},"o":{"k":[{"i":{"x":[0.833],"y":[0.833]},"o":{"x":[0.167],"y":[0.167]},"n":["0p833_0p833_0p167_0p167"],"t":131,"s":[0],"e":[100]},{"t":157}],"ix":7},"sk":{"k":0,"ix":4},"sa":{"k":0,"ix":5},"nm":"变换"}],"nm":"组 2","np":2,"mn":"ADBE Vector Group"},{"ty":"gr","it":[{"ind":0,"ty":"sh","ks":{"k":{"i":[[0,0],[-6.11,0.903],[0,0],[0,0],[0,-4.727]],"o":[[0,-6.361],[0,0],[0,0],[-2.579,3.565],[0,0]],"v":[[-0.902,6.333],[9.902,-6.181],[9.902,-6.333],[-5.798,-6.333],[-9.902,6.333]],"c":true}},"nm":"路径 1","mn":"ADBE Vector Shape - Group"},{"ty":"fl","fillEnabled":true,"c":{"k":[0.76,0.75,0.72,1]},"o":{"k":100},"nm":"填充 1","mn":"ADBE Vector Graphic - Fill"},{"ty":"tr","p":{"k":[42.984,49.043],"ix":2},"a":{"k":[0,0],"ix":1},"s":{"k":[97.866,97.866],"ix":3},"r":{"k":0,"ix":6},"o":{"k":[{"i":{"x":[0.833],"y":[0.833]},"o":{"x":[0.167],"y":[0.167]},"n":["0p833_0p833_0p167_0p167"],"t":120,"s":[0],"e":[100]},{"t":138}],"ix":7},"sk":{"k":0,"ix":4},"sa":{"k":0,"ix":5},"nm":"变换"}],"nm":"组 3","np":2,"mn":"ADBE Vector Group"}],"ip":0,"op":1800,"st":0,"bm":0,"sr":1},{"ddd":0,"ind":4,"ty":4,"nm":"circle3","ks":{"o":{"k":100},"r":{"k":[{"i":{"x":[0.539],"y":[1]},"o":{"x":[0.333],"y":[0]},"n":["0p539_1_0p333_0"],"t":90,"s":[0],"e":[-359.996]},{"t":120}]},"p":{"k":[400.75,299.5,0]},"a":{"k":[238.75,-14.5,0]},"s":{"k":[291.018,291.018,100]}},"ao":0,"shapes":[{"ty":"gr","it":[{"ind":0,"ty":"sh","ks":{"k":{"i":[[19.943,0],[0,-19.943],[-19.943,0],[0,19.943]],"o":[[-19.943,0],[0,19.943],[19.943,0],[0,-19.943]],"v":[[0,-36.109],[-36.109,0],[0,36.109],[36.109,0]],"c":true}},"nm":"路径 1","mn":"ADBE Vector Shape - Group"},{"ty":"st","fillEnabled":true,"c":{"k":[1,1,1,1]},"o":{"k":100},"w":{"k":6.5},"lc":1,"lj":1,"ml":4,"nm":"描边 1","mn":"ADBE Vector Graphic - Stroke"},{"ty":"tr","p":{"k":[238.393,-14.865],"ix":2},"a":{"k":[0,0],"ix":1},"s":{"k":[102.486,102.486],"ix":3},"r":{"k":0,"ix":6},"o":{"k":100,"ix":7},"sk":{"k":0,"ix":4},"sa":{"k":0,"ix":5},"nm":"变换"}],"nm":"椭圆 1","np":3,"mn":"ADBE Vector Group"},{"ty":"tm","s":{"k":[{"i":{"x":[0.701],"y":[0.958]},"o":{"x":[0.332],"y":[0]},"n":["0p701_0p958_0p332_0"],"t":112,"s":[0],"e":[20.478]},{"t":152}],"ix":1},"e":{"k":[{"i":{"x":[0.835],"y":[0.601]},"o":{"x":[0.215],"y":[0]},"n":["0p835_0p601_0p215_0"],"t":84,"s":[0],"e":[100]},{"t":136}],"ix":2},"o":{"k":0,"ix":3},"m":1,"ix":2,"nm":"修剪路径 1","mn":"ADBE Vector Filter - Trim"}],"ip":0,"op":1800,"st":0,"bm":0,"sr":1},{"ddd":0,"ind":5,"ty":4,"nm":"circle2","ks":{"o":{"k":100},"r":{"k":[{"i":{"x":[0.539],"y":[1]},"o":{"x":[0.333],"y":[0]},"n":["0p539_1_0p333_0"],"t":90,"s":[0],"e":[-359.996]},{"t":120}]},"p":{"k":[400.75,299.5,0]},"a":{"k":[238.75,-14.5,0]},"s":{"k":[192.79,192.79,100]}},"ao":0,"shapes":[{"ty":"gr","it":[{"ind":0,"ty":"sh","ks":{"k":{"i":[[19.943,0],[0,-19.943],[-19.943,0],[0,19.943]],"o":[[-19.943,0],[0,19.943],[19.943,0],[0,-19.943]],"v":[[0,-36.109],[-36.109,0],[0,36.109],[36.109,0]],"c":true}},"nm":"路径 1","mn":"ADBE Vector Shape - Group"},{"ty":"st","fillEnabled":true,"c":{"k":[1,1,1,1]},"o":{"k":100},"w":{"k":10},"lc":1,"lj":1,"ml":4,"nm":"描边 1","mn":"ADBE Vector Graphic - Stroke"},{"ty":"tr","p":{"k":[238.393,-14.865],"ix":2},"a":{"k":[0,0],"ix":1},"s":{"k":[102.486,102.486],"ix":3},"r":{"k":0,"ix":6},"o":{"k":100,"ix":7},"sk":{"k":0,"ix":4},"sa":{"k":0,"ix":5},"nm":"变换"}],"nm":"椭圆 1","np":3,"mn":"ADBE Vector Group"},{"ty":"tm","s":{"k":[{"i":{"x":[0.704],"y":[1]},"o":{"x":[0.333],"y":[0]},"n":["0p704_1_0p333_0"],"t":103,"s":[0],"e":[16.514]},{"t":144}],"ix":1},"e":{"k":[{"i":{"x":[0.936],"y":[0.653]},"o":{"x":[0.333],"y":[0]},"n":["0p936_0p653_0p333_0"],"t":75,"s":[0],"e":[100]},{"t":127}],"ix":2},"o":{"k":0,"ix":3},"m":1,"ix":2,"nm":"修剪路径 1","mn":"ADBE Vector Filter - Trim"}],"ip":0,"op":1800,"st":0,"bm":0,"sr":1},{"ddd":0,"ind":6,"ty":4,"nm":"circle1","ks":{"o":{"k":100},"r":{"k":[{"i":{"x":[0.539],"y":[1]},"o":{"x":[0.333],"y":[0]},"n":["0p539_1_0p333_0"],"t":58,"s":[0],"e":[-360]},{"t":120}]},"p":{"k":[400.75,299.5,0]},"a":{"k":[238.75,-14.5,0]},"s":{"k":[100,100,100]}},"ao":0,"shapes":[{"ty":"gr","it":[{"ind":0,"ty":"sh","ks":{"k":{"i":[[19.943,0],[0,-19.943],[-19.943,0],[0,19.943]],"o":[[-19.943,0],[0,19.943],[19.943,0],[0,-19.943]],"v":[[0,-36.109],[-36.109,0],[0,36.109],[36.109,0]],"c":true}},"nm":"路径 1","mn":"ADBE Vector Shape - Group"},{"ty":"st","fillEnabled":true,"c":{"k":[1,1,1,1]},"o":{"k":100},"w":{"k":18},"lc":1,"lj":1,"ml":4,"nm":"描边 1","mn":"ADBE Vector Graphic - Stroke"},{"ty":"tr","p":{"k":[238.393,-14.865],"ix":2},"a":{"k":[0,0],"ix":1},"s":{"k":[102.486,102.486],"ix":3},"r":{"k":0,"ix":6},"o":{"k":100,"ix":7},"sk":{"k":0,"ix":4},"sa":{"k":0,"ix":5},"nm":"变换"}],"nm":"椭圆 1","np":3,"mn":"ADBE Vector Group"},{"ty":"tm","s":{"k":[{"i":{"x":[0.485],"y":[0.485]},"o":{"x":[0.167],"y":[0.167]},"n":["0p485_0p485_0p167_0p167"],"t":58,"s":[0],"e":[0]},{"i":{"x":[0.982],"y":[-1827913.602]},"o":{"x":[0.361],"y":[0]},"n":["0p982_-1827913p602_0p361_0"],"t":87,"s":[0],"e":[0]},{"t":120}],"ix":1},"e":{"k":[{"i":{"x":[0.931],"y":[0.784]},"o":{"x":[0.333],"y":[0]},"n":["0p931_0p784_0p333_0"],"t":58,"s":[0],"e":[100]},{"t":120}],"ix":2},"o":{"k":0,"ix":3},"m":1,"ix":2,"nm":"修剪路径 1","mn":"ADBE Vector Filter - Trim"}],"ip":0,"op":1800,"st":0,"bm":0,"sr":1},{"ddd":0,"ind":7,"ty":4,"nm":"point","ks":{"o":{"k":100},"r":{"k":0},"p":{"k":[400.688,298.688,0]},"a":{"k":[-7.688,-122.188,0]},"s":{"k":[{"i":{"x":[0.667,0.667,0.667],"y":[1,1,0.667]},"o":{"x":[0.167,0.167,0.167],"y":[0.167,0.167,0.167]},"n":["0p667_1_0p167_0p167","0p667_1_0p167_0p167","0p667_0p667_0p167_0p167"],"t":0,"s":[100,100,100],"e":[175.388,175.388,100]},{"i":{"x":[0.667,0.667,0.667],"y":[1,1,0.667]},"o":{"x":[0.333,0.333,0.333],"y":[0,0,0.333]},"n":["0p667_1_0p333_0","0p667_1_0p333_0","0p667_0p667_0p333_0p333"],"t":18,"s":[175.388,175.388,100],"e":[125.926,125.926,100]},{"i":{"x":[0.667,0.667,0.667],"y":[1,1,0.667]},"o":{"x":[0.333,0.333,0.333],"y":[0,0,0.333]},"n":["0p667_1_0p333_0","0p667_1_0p333_0","0p667_0p667_0p333_0p333"],"t":37,"s":[125.926,125.926,100],"e":[165.558,165.558,100]},{"i":{"x":[0.833,0.833,0.833],"y":[0.833,0.833,0.833]},"o":{"x":[0.333,0.333,0.333],"y":[0,0,0.333]},"n":["0p833_0p833_0p333_0","0p833_0p833_0p333_0","0p833_0p833_0p333_0p333"],"t":52,"s":[165.558,165.558,100],"e":[0,0,100]},{"t":75}]}},"ao":0,"shapes":[{"ty":"gr","it":[{"d":1,"ty":"el","s":{"k":[44.32,44.32]},"p":{"k":[0,0]},"nm":"椭圆路径 1","mn":"ADBE Vector Shape - Ellipse"},{"ty":"fl","fillEnabled":true,"c":{"k":[1,1,1,1]},"o":{"k":100},"nm":"填充 1","mn":"ADBE Vector Graphic - Fill"},{"ty":"tr","p":{"k":[-7.84,-121.84],"ix":2},"a":{"k":[0,0],"ix":1},"s":{"k":[100,100],"ix":3},"r":{"k":0,"ix":6},"o":{"k":100,"ix":7},"sk":{"k":0,"ix":4},"sa":{"k":0,"ix":5},"nm":"变换"}],"nm":"椭圆 1","np":3,"mn":"ADBE Vector Group"}],"ip":0,"op":1800,"st":0,"bm":0,"sr":1},{"ddd":0,"ind":8,"ty":4,"nm":"bg","ks":{"o":{"k":100},"r":{"k":0},"p":{"k":[400,300,0]},"a":{"k":[0,0,0]},"s":{"k":[100,100,100]}},"ao":0,"shapes":[{"ty":"gr","it":[{"ty":"rc","d":1,"s":{"k":[953.953,707.828]},"p":{"k":[0,0]},"r":{"k":0},"nm":"矩形路径 1","mn":"ADBE Vector Shape - Rect"},{"ty":"fl","fillEnabled":true,"c":{"k":[0,0,0,1]},"o":{"k":100},"nm":"填充 1","mn":"ADBE Vector Graphic - Fill"},{"ty":"tr","p":{"k":[0.977,-6.086],"ix":2},"a":{"k":[0,0],"ix":1},"s":{"k":[100,100],"ix":3},"r":{"k":0,"ix":6},"o":{"k":100,"ix":7},"sk":{"k":0,"ix":4},"sa":{"k":0,"ix":5},"nm":"变换"}],"nm":"矩形 1","np":3,"mn":"ADBE Vector Group"}],"ip":0,"op":1800,"st":0,"bm":0,"sr":1}],"v":"4.5.3","ddd":0,"ip":0,"op":200,"fr":60,"w":800,"h":600}